date,keyword,TBraw,VADERraw,TBstance,VADERstance,TBstanceweight,VADERstanceweight,CR_lognorm,TBraw_log,VADERraw_log,TBstance_log,VADERstance_log,TBstanceweight_log,VADERstanceweight_log,CR_lognorm_log,TBraw_log_stl,VADERraw_log_stl,TBstance_log_stl,VADERstance_log_stl,TBstanceweight_log_stl,VADERstanceweight_log_stl,CR_lognorm_log_stl,TBraw_stl,VADERraw_stl,TBstance_stl,VADERstance_stl,TBstanceweight_stl,VADERstanceweight_stl,CR_lognorm_stl,bart_good_share,bart_bad_share,bart_net_stance,bart_pgood_mean,bart_pbad_mean,vader_std,ew_vader_mean,ew_bart_net_stance,bart_good_share_stl,bart_bad_share_stl,bart_net_stance_stl,bart_pgood_mean_stl,bart_pbad_mean_stl,vader_std_stl,ew_vader_mean_stl,ew_bart_net_stance_stl
2009-01-31,PE,0.0950195258596897,0.1242022720736266,0.1272457043523695,0.1591320678746045,129.30674084155277,498.2559833267929,1.6857888287053195e-05,-28.42995242930264,4.688192028061341,35.3589266781258,65.80292808776775,1.0646558322279258,-0.3359488307114973,71.68289329693829,-1.6507602101299712,-12.314820545938014,5.824260927943344,14.622148505300506,3.62143732496889,1.7906600815829312,97.6631297439925,0.1919039658153886,-0.1245551643402501,338.2961120729232,2240362.837701602,-91.1574084502983,-498.0625760280325,2.5975166091209446e+42,0.4838709677419355,0.4838709677419355,0.0,0.47014559582326443,0.44126256929349994,0.43249160518594976,6.451612903225781e-05,-6.830910864954038e-18,-0.01999355278698782,0.014702258548276018,-0.03497366278272136,-0.013969249085295024,0.011030916958898213,0.10138988531113012,-0.0010541526024477749,-0.02640467695226119
2009-02-28,PE,0.0996282904805632,0.0795278309409888,0.1094089067940742,0.1774572169059011,128.31065919172113,500.6786833267929,9.976866615057169e-06,4.736375938186682,-44.58044278726985,-15.1027595705046,10.899507533307997,-0.7733069377572914,0.4850576981657669,-52.454962025260976,-1.1262334632785789,-9.354897250047507,6.394387098947855,14.389134527721756,3.368241879594551,1.6572413992796078,98.12407660545584,0.3242522673283234,-0.1244731085539673,598.3615854790224,1774686.5690407222,-99.52123265687231,-498.81116082806193,4.118556342728706e+42,0.34782608695652173,0.6086956521739131,-0.26086956521739135,0.33249642444855493,0.5847151972576166,0.4116829172172467,-0.04995217391304349,-0.2608695652173914,-0.013798651828540842,0.009024161924943624,-0.023021617370244357,-0.006925738408602222,0.007176683526343583,-0.006009997928410686,0.0016863643332621844,-0.05472761618686722
2009-03-31,PE,0.0469709785828206,0.001,0.001,0.001,122.06102685646378,489.6227833267929,1.0796896370583952e-05,-75.19162311966792,-437.6107035127844,-469.50923016105565,-517.8729548346655,-4.993320858686567,-2.2329279998323246,7.898964513807787,-0.6430998415510083,-6.606660327774139,6.835294151259136,14.04463863963481,3.1168372031653586,1.525916035903408,98.5662469451726,0.5256604318429045,-0.1232083114762185,929.9870826412074,1257502.83757833,-105.97381418215896,-499.4566285124641,6.408806367170991e+42,0.3157894736842105,0.6666666666666666,-0.3508771929824561,0.3013367257652837,0.6300482436720478,0.43436826782435634,-0.12355964912280702,-0.3508771929824562,-0.014584131476056778,0.017846329458026944,-0.03241826290042232,-0.010095506368378027,0.015204456635801222,0.008126179813286252,0.009237141140407079,-0.04572974291647497
2009-04-30,PE,0.0747909407665504,0.1413450149764655,0.097215989206201,0.2191140350877193,128.1840273293574,502.6168833267929,1.0986188875860174,46.516683086765504,495.1203816283634,457.6935195944262,538.9592302458149,4.894580510986003,2.6192951832493563,1153.0305672420332,-0.2091082590978703,-4.058421625699264,7.1456647828748965,13.587738643682751,2.86858328503771,1.397233297108391,99.00457132291932,0.811307399481802,-0.1072833831017248,1268.4795662815577,796305.6109052203,-110.9366318138704,-500.0119873871684,9.934339753420422e+42,0.6097560975609756,0.36585365853658536,0.24390243902439024,0.5043816749551674,0.3964778029291732,0.29134753350678605,0.16105923843794948,0.16317269205282167,0.04224104871578546,-0.05171296479250487,0.09389674823433877,0.0016907006310726697,-0.010572165284677443,-0.16692209484644294,-0.014472535118905339,0.09215962290137823
2009-05-31,PE,0.052003247436486,0.0300823763955342,0.0666028155788921,0.1526579744816587,122.18421138027333,490.6505833267929,1.8328252703623968e-05,-36.33905975659208,-154.72643178114168,-37.81883433321814,-36.13923443426327,-4.793710962704526,-2.4095984983063032,-1100.112065925568,0.1850762120417779,-1.6349325175318072,7.394628671316316,13.094141268951628,2.6255453996385523,1.2723647354144905,99.40170362258296,1.203310143356123,0.0704058784874759,1627.105759242044,486085.95334041887,-114.73657582787156,-500.48670032632816,1.4777854119199398e+43,0.35294117647058826,0.6397058823529411,-0.28676470588235287,0.36131828395403265,0.5789682427404093,0.36223044199342747,-0.295959371810224,-0.9998600858312532,-0.011690901400312648,0.011922832745008716,-0.023823851944110574,-0.0036335937398548207,0.004779751328922957,-0.0010706465960589745,-0.002247808576137822,-1.1942176358775956
2009-06-30,PE,0.1232854504692595,0.2217446884928857,0.1685779772257833,0.2846085232766956,135.37613530704098,507.9160833267929,1.5419245623574434e-05,86.31962348141626,199.7587169749138,92.86515629873158,62.29146753584696,10.252725638962216,3.458401209392715,-17.282728790990433,0.5529367229458175,0.6936986283727893,7.609909881273733,12.591042271642824,2.389596409732214,1.1529987113813152,99.54899056113666,1.7383505831807908,1.8765435506534769,2017.9814027656532,293913.6826298055,-117.63959082544076,-500.8883056942146,1.7122898398924625e+43,0.5909090909090909,0.4090909090909091,0.18181818181818182,0.5524340395420564,0.3695504090741672,0.42008366212542675,0.10462348484848487,0.18181818181818185,0.004255249735884287,0.002420120617033346,0.0018155249883367586,0.024898877601519133,-0.018067155990406036,-0.0024667753601179416,0.0019970918265759807,-0.00634729619256208
2009-07-31,PE,0.0442255343495422,0.2988743316624895,0.1899599154461831,0.4312862573099415,147.48431900413092,548.6781833267929,2.707771299921477e-05,-102.52000796522708,29.84965213772654,11.941466296762773,41.56574062590884,8.566476661971349,7.719583898468518,56.309454598620064,0.9071640712110272,2.9530320783152075,7.808069806916427,12.09154009123474,2.1646389096020684,1.0415215342017292,99.34681537604628,2.4772871522264466,19.039412741213656,2460.262028221918,178356.3271022388,-119.83722535140188,-501.22245828541577,1.3988582627653557e+43,0.7023809523809523,0.2857142857142857,0.41666666666666663,0.635302989019288,0.27904855931318173,0.42277312431624836,0.23265635340250812,0.22632140905085268,0.020514236495195348,-0.015026884561534143,0.03568976414126185,0.019229361430356903,-0.02065912435316758,0.004359469348520158,0.009698446876164335,0.08837927559748486
2009-08-31,PE,0.0787001239472969,0.1282652725946896,0.1813662040058377,0.4013511989019002,155.7666940191622,564.2350833267928,3.933192758784584e-05,57.63424078609939,-84.59226280787627,-4.629486471597569,-7.193518798690918,5.463747834544344,2.795889644811336,37.3325604889353,1.249553468639103,5.1348676990693765,7.992515960636695,11.59919164041136,1.9535132287953323,0.9404635965332354,98.75318060389148,3.4887847577894497,169.71728850450867,2958.6168367451714,109009.3904454432,-121.49525668144986,-501.4948148348126,7.726119243212054e+42,0.7967289719626168,0.19626168224299065,0.6004672897196262,0.7339632635028754,0.2104590364745992,0.36186975350296346,-0.35539212459914443,0.4124175398820903,0.2916142828157032,-0.28636133183641144,0.5782566735976304,0.22412119515292112,-0.20482804060023962,-0.006412919323425879,-0.014243204087140748,0.6630747028777988
2009-09-30,PE,0.0699191902815443,0.0935685985391494,0.1478147923802746,0.2541381596013379,137.0287294779164,504.0364833267929,2.2354242864904768e-05,-11.830457971730892,-31.540572001707552,-20.45581265812953,-45.69587971685491,-12.81687285757767,-11.282232605959427,-56.50204554681713,1.5827158981012563,7.2096516076830435,8.15660530111301,11.10403075697901,1.7562523005251156,0.8513394548020115,97.76423327945248,4.8681592980533885,1352.2964525491186,3486.216628826025,66438.16408444082,-122.7579861837833,-501.7132005238926,2.873869483259054e+42,0.5907335907335908,0.39768339768339767,0.1930501930501931,0.5286307910108456,0.40405162770308295,0.46954239461002545,-5.744251690443742e-06,0.9998492663121896,0.025651183497040382,-0.024295045317390927,0.0500659145700079,0.01036156175503532,-0.006995725441394141,0.0004336303902631039,0.009256649587363157,1.2316244647158037
2009-10-31,PE,0.1027681292503426,0.1264118230358505,0.1441770343808777,0.2389922959572845,135.97639151495343,500.2048833267929,2.0105225586703887e-05,38.513512756650265,30.085017251172363,-2.4918137371019187,-6.144673765399758,-0.7709329196198519,-0.7630871860326836,-10.603637968442872,1.9124473676921625,9.122562002233876,8.268573323045175,10.568726251742069,1.5599480090788498,0.7677081372482599,96.47249085069856,6.769636330567324,9159.514035702436,3899.2670451133095,38898.84028757615,-123.7901072411737,-501.9011612929366,7.897150813822922e+41,0.5077519379844961,0.4883720930232558,0.019379844961240345,0.4523216069318614,0.4870328531048239,0.4037597766644593,0.7627058216446125,0.9998783476363353,-0.017147531470173866,0.020024230505024637,-0.0370934320354665,-0.01108881552917515,0.010792981770788718,0.004756237335199107,0.8555531208290158,1.2312394205879449
2009-11-30,PE,0.0613294497091765,0.2519827583665045,0.165705674468086,0.3387888250036857,140.8506334499676,524.4494269203307,1.791776908024952,-51.62151312281927,68.98156519756795,13.917121937944232,34.894566125978,3.521871278419344,4.733122053758383,1139.7738610763197,2.248832692808286,10.682530390441665,8.222987286313446,9.884778237315572,1.3473875664115402,0.6830062183722284,95.16463743013136,9.476667195592496,43587.58027844722,3725.5004365465793,19629.038138104963,-124.70131966292575,-502.0761627588039,2.135388542784247e+41,0.6431535269709544,0.35269709543568467,0.29045643153526973,0.5861085009339934,0.35076484757695825,0.3470446197376727,-0.05787614078279553,0.2837915961366649,0.001066469296735685,-0.00032339839347177157,0.0014243657179323077,0.005977400643377012,-0.004264398734826112,-0.004482248274453288,0.010397943394812079,-0.00014064350282216864
2009-12-31,PE,0.1348154755951785,0.1277745006079555,0.203419036703169,0.3170882925134618,146.99529662513646,517.2404121787223,1.791773221385634,78.7646849030248,-67.90936697140113,20.50549024010748,-6.619671780802376,4.27005988698587,-1.384122137361229,-0.0002057534670723,2.4210490925891865,10.942052926473366,7.3832115767140465,8.443220814287084,1.0835585554935423,0.5803330465459318,94.81406990176112,11.25766345328255,56503.09655981105,1608.6332796477411,4643.232519834149,-125.59350405374296,-502.2693499630479,1.5039291083411081e+41,0.6730769230769231,0.3269230769230769,0.3461538461538462,0.6044103020148424,0.3226209168832821,0.43389206097127864,0.39001822608583764,0.4421062082912195,0.004810528681509101,-0.0025641010133509168,0.007427144654428092,-0.007349329601552615,0.0032607650004607205,0.0071228491422071355,0.2850608512751039,0.04256999426841063
2010-01-31,PE,0.0702268129474011,0.2266784166298098,0.1998983199606264,0.3631630546955624,159.93516944969826,544.2333417142122,7.336959631408632,-65.21768070824527,57.32653499550109,-1.7459234607282423,13.567165952457753,8.436795166292043,5.087031155510957,140.97187816813477,1.8521444717761049,8.94306213942696,5.237259231522695,6.044546676500051,0.8754388833160265,0.4967571394710626,94.43501816599888,6.3734726101673695,7654.476099638276,188.03889082148535,421.55228530146246,-126.1487527258644,-502.4125999694925,1.0294548118689006e+41,0.7527173913043478,0.24456521739130435,0.5081521739130435,0.6811676396704887,0.2600512519294052,0.3158537365983784,0.10797924631883914,0.6962701487590622,0.06119076453356399,-0.049123662437024054,0.10966077225903076,0.04537074942712915,-0.03585004065372094,-0.00041577513036247793,-0.012674345998731074,0.42392865942730507
2010-02-28,PE,0.1169830844723548,0.2834695203674422,0.199848609240946,0.4173676831563888,148.79313356466506,543.7763943541546,7.272412314788053,51.02991582613099,22.35722592253774,-0.0248710953382336,13.911564758759424,-7.221156624690741,-0.0839969297656074,-0.883648343872995,1.3301097454678914,7.062657819226312,3.2797229064034163,3.946702892355041,0.7597922258329356,0.4528639072129874,92.0192998458017,3.781458362714872,1167.4196073414896,26.453591248494305,51.51019828729318,-126.41084908915523,-502.4831732029578,9.193357560895543e+39,0.7615062761506276,0.23430962343096234,0.5271966527196652,0.6978478933602696,0.23500775859133968,0.3855896952275109,0.2372011397738119,0.08819802609569427,0.17272398797901228,-0.15083193432349842,0.3227233863150748,0.17767343598395996,-0.17335352179597574,0.0037167301132503745,0.17757825934859553,0.01944087987489053
2010-03-31,PE,0.1158553889104262,0.2880570371825085,0.1917001918664821,0.3602800798638387,148.7283666995557,531.5079291883601,7.336951998729011,-0.96865811148549,1.60539008435057,-4.162747519903837,-14.708583890044435,-0.043537603887387,-2.2820006384497136,0.8835443132666508,0.993615885530182,6.032048982964322,2.1846005953225056,2.894572188656769,0.7107167561930106,0.4542059475312305,85.94492953047374,2.700983282805653,416.44313599708966,8.772279800693742,17.821552733736386,-126.51323142016948,-502.4810610113525,2.115478630418674e+37,0.7304964539007093,0.25886524822695034,0.47163120567375894,0.6415133758923633,0.2911630548332019,0.35803319914483733,0.14099417716011173,-0.31256780106415405,0.16001616314421935,-0.15481279925672486,0.3139530529666139,0.14081595716865536,-0.1374154978882719,-0.023018818899170138,0.1429935723983678,-0.31531665249125657
2010-04-30,PE,0.1626104326850595,0.3431352710133543,0.2068494657890769,0.4153249803613511,147.8510581864213,537.374061614496,5.545188125212547,33.90145906389161,17.496623925227162,7.6058659383989715,14.21795704004237,-0.5916196461623106,1.0976312394044854,-27.999295012739186,0.8713440973547881,5.387181869886832,1.5606747537277113,2.332574624199565,0.7133287293091538,0.476059280995096,75.25527692406729,2.3901212511487664,218.46195186700515,4.647214865982866,10.050223428844738,-126.50790793100722,-502.446264887952,4.818939813955467e+32,0.7033492822966507,0.291866028708134,0.41148325358851673,0.6509070521260669,0.28404989786798124,0.41136531058228537,0.25709777777386555,0.16483600087002373,-0.010547179085860316,0.015529676580578189,-0.026495736543807033,0.023207224684256008,-0.011410925383853965,0.0032218822237875464,0.033702839428071896,-0.05614196092275192
2010-05-31,PE,0.1194150809411731,0.3278426588315448,0.2153344512999916,0.4273174331459717,169.73898042621903,575.6797492175368,11.613623723819998,-30.87518576876305,-4.559095094473391,4.020109659310283,2.846584120600403,13.805644440896865,6.885708655851405,73.9248320698549,0.8426926708206772,4.793264403641849,1.1594871672831415,1.9000466882625435,0.8071728227796551,0.5270322148361695,62.25701204300683,2.3226125954734136,120.57016292373476,3.073479298266581,6.431992567273658,-126.30711934959332,-502.36208560978577,1.0911307372531404e+27,0.7909090909090909,0.19772727272727272,0.5931818181818181,0.7331398311282762,0.20857928067191758,0.3724768721176235,0.158755852981432,0.38545772750494267,0.21233966905877175,-0.2163568779663415,0.4280689001443877,0.19622990875042892,-0.19912578101208475,0.03443853223932475,0.2773894888637881,0.072297661527497
2010-06-30,PE,0.1111652002218348,0.247881905220368,0.1891345203712606,0.3986262302096705,154.37036525323262,554.4361534442795,8.995180559350205,-7.158811382976242,-27.958135048398383,-12.973389701339356,-6.950292873531319,-9.490716356354705,-3.75998575440121,-25.54899274220416,0.7698844192057462,4.055492777241873,0.9610366657939072,1.6817901575140648,0.9398712020923566,0.599638588763555,48.99906446844305,2.159516640711417,57.589036287536125,2.499586838568577,5.120955728907456,-125.98902935793129,-502.2345229416245,1.905563023999528e+21,0.7561643835616438,0.22465753424657534,0.5315068493150685,0.6350660692524063,0.2820184662836055,0.3836822688588833,0.3294542113578687,0.812224168995965,0.023072458579654925,-0.03401440743109159,0.05676553628221334,-0.010592809577747431,0.003355797664577026,-0.0023153715309726444,0.1577449364403455,0.49275404074078955
2010-07-31,PE,0.040653511536138,0.315067387218045,0.2056853767867238,0.4300622493734335,158.09083132847803,563.117960812464,11.36230366468768,-100.59321682770576,23.98340994990807,8.38891942473071,7.59057527365363,2.3815065391095747,1.553747047260965,23.361223961601425,0.5163476193955631,2.850018126716574,0.5353015808886048,1.272023372314924,1.0176957412072378,0.6639391918699745,36.397842384279365,1.6758954499156762,17.163535565006658,1.593144758565864,3.3138507518071374,-125.78186911505986,-502.1135544431155,6417739734076108.0,0.7885714285714286,0.18857142857142858,0.6,0.6959837427948202,0.2304228549450636,0.36851395688471483,0.07427248529808221,0.1830858533096806,-0.016480836250156145,0.009749344127325685,-0.02633353189088164,-0.013943773646329455,0.015201829895726049,-0.010509368793250944,-0.1717730364259899,-0.09116121137484086
2010-08-31,PE,0.0731424057362253,0.2488362638221388,0.1407898726267762,0.3224657054663384,135.1496997113952,523.6677113314598,48.83465436877422,58.73230874743841,-23.59914384667612,-37.90791903601563,-28.7933173252647,-15.678669884280309,-7.263178357278843,145.81390112245052,0.0491962635566447,1.372426202361777,-0.2157415952087003,0.5160501343461491,0.9900329708505043,0.6628778271490666,26.47913936101845,1.0504264909495686,3.820350595510492,0.6911250395376267,1.42118293513603,-125.85735787114147,-502.1156149749242,316041496837.7256,0.6831896551724138,0.30603448275862066,0.37715517241379315,0.6510369143416656,0.284853068066225,0.38261882228474775,-0.06451070979059899,0.042418556094290336,-0.003355650340703741,0.003177495834931307,-0.006508365018187454,-0.003621570351936901,0.0015487797083710043,0.04500525241349755,0.10714319881089879,0.025817028576564094
2010-09-30,PE,0.1132580295861545,0.2277078634085212,0.2080871492316511,0.3743415350877193,155.00537177316352,537.944778175272,8.147878258962503,43.7260358882649,-8.87315986091008,39.06884648711357,14.917178518486793,13.707672209105484,2.689856760711371,-179.06826343076378,-0.4227216337278778,-0.1649430661867078,-1.0663851387488472,-0.4089810134208732,0.9213582327580776,0.609055533286093,20.342202823136564,0.6552610102915026,0.7233823301611814,0.2294321943027933,0.4101128104089747,-126.03598017128658,-502.21728933361663,683134841.3346037,0.6966666666666667,0.29,0.4066666666666667,0.6349841456254944,0.2942221425116683,0.37202062701875105,0.04646362511437382,-0.012957213606767305,-0.00486034550141504,0.004863798010167446,-0.009718384613640267,0.007104009641395835,-0.011208731858506578,-0.05245494845432654,-0.030756843826993112,-0.047658771862982174
2010-10-31,PE,0.0934495317038003,0.256604649122807,0.1853473828657962,0.3840365350877193,156.41849314965572,556.0917180832142,15.938486179532436,-19.224714057902737,11.947306364206227,-11.572516910241877,2.556911539250325,0.9075290846182168,3.317732913064255,67.09791418999629,-0.5600469823186269,-1.4268174221284735,-1.7343683376689023,-1.249877618059401,0.8711969172199322,0.5160111333152294,17.611518024576615,0.5711822277529904,0.1155121056444122,0.0616931657456818,0.0323258269311289,-126.15891157857618,-502.380651697504,44523069.323725134,0.7200956937799043,0.2727272727272727,0.44736842105263164,0.6595342133559607,0.27323856984563705,0.35530605707813817,0.01738524200582548,-0.036941864785547104,0.03877728750295687,-0.03571274382537645,0.07449925499580366,0.07110580395413052,-0.07590396893996118,-0.003911666407648889,-0.008578404450535364,-0.07494183911987629
2010-11-30,PE,0.0980335867363928,0.3369408108182544,0.1842551331515483,0.3893229832823818,173.79734162179355,590.7614542465766,17.851949937776826,4.788861906107047,27.237070918358608,-0.591041914784883,1.3671598812245256,10.535485333151676,6.04790639814396,11.337604353522584,-0.417813835314943,-2.1094577840290603,-2.123633150944708,-1.885470588465404,0.7539678015339568,0.3290284109769947,15.985157137569656,0.6584848036309686,-0.0032559277026498,0.0047778316229193,-0.1024564078534674,-126.42326453821384,-502.66636599138,8755189.231455553,0.706605222734255,0.2872503840245776,0.4193548387096774,0.6316312347372819,0.30591846020897984,0.3324942404985996,0.021902287946225837,0.3454998598148802,0.0028475064965470184,-0.0008497475830625996,0.0037086676242340452,0.0005265457233713695,0.003113943029133214,0.004987835323768647,-0.004516622813858125,0.04445643260708422
2010-12-31,PE,0.0990996924361891,0.2657494538950413,0.1841635225632828,0.4108483084065912,162.1511248722641,580.4067937164946,17.787404234902645,1.0816196006087837,-23.73533171100562,-0.0497317867771173,5.381477673528514,-6.936114713562229,-1.7683079035587412,-0.3622162911917153,-0.1563223051116136,-1.9951342140479364,-2.0441884416510354,-2.0171780638794865,0.6735449377256179,0.1612945455533194,14.346764742908263,0.8552834837038946,0.0114357513259218,0.0146667370675164,-0.1211836960727258,-126.58750381343876,-502.8809523087838,1701064.420692827,0.7701863354037267,0.22153209109730848,0.5486542443064182,0.699653279125945,0.23243232988357143,0.3799543628094375,0.14999701866617862,0.3927582836562979,0.015941500474140894,-0.016049598068648172,0.032035302803897985,0.019550858579383497,-0.02120754327375066,-0.005612938490833087,0.009345190106455743,-0.06075189246429297
2011-01-31,PE,0.0973174080630221,0.289504588394062,0.1778182081888222,0.3623948717948718,177.008381945358,586.4552595712735,47.68744168762948,-1.8148453338106127,8.561718400001416,-3.506234642596733,-12.548964367470772,8.766831711422638,1.0367155244576494,98.61775066828848,0.208268646453701,-1.2517968545295357,-1.4133856404314389,-1.528239311654711,0.6680702920219637,0.0704122525509842,12.118085536632712,1.2315439750334876,0.1614308025355522,0.1284996043574051,-0.0372967801160381,-126.59821122772703,-502.9830329101549,183154.53639335587,0.7912371134020618,0.20231958762886598,0.5889175257731958,0.7105646705202106,0.22595704156370142,0.309089681396828,0.2286106242880922,0.49680438786375375,0.005560728159870729,0.000480547912871436,0.004775862578600798,0.0052300419076505705,-0.002316207459110556,-0.0038317499079223785,0.06057348257410959,0.07182548746296283
2011-02-28,PE,0.0899289272774326,0.2378242143401983,0.1984893799984975,0.3749812090007627,169.2055316302825,567.0335287354699,36.17808232028285,-7.895822298479441,-19.66393406960474,10.997387133145766,3.414149199129688,-4.508294758798575,-3.3677945866142505,-27.62146115412537,0.568254258452883,-0.4694403468435122,-0.5649340913533594,-0.8269386019111344,0.8096442230361707,0.0928815740255657,8.978061012076054,1.7651828071056803,0.5007925015494098,0.453579112738719,0.18317221713385,-126.30157270219486,-502.95865155180473,7927.246368955207,0.7655601659751037,0.22614107883817428,0.5394190871369294,0.6646927827930549,0.26154437659528584,0.39938107877215506,0.24882680740477894,0.4251923025294865,0.053082101178015116,-0.03886567269712595,0.09122740647557086,0.05356049048276461,-0.05071964697796954,0.03955273770333739,0.14645684059292138,0.16178397424756735
2011-03-31,PE,0.1118360603249202,0.25297261208577,0.1936958742862053,0.385955238791423,165.7033899615452,563.9337527095706,28.19963174560095,21.801439043386285,6.17494246759658,-2.444632674620183,2.8845485676907123,-2.091475683669176,-0.5481650687368473,-24.91445555085015,0.7676490300385714,-0.2464208437392278,-0.1599787018336756,-0.6116951121594726,1.20535643846833,0.2876061170787427,6.343285790325548,2.1546946721025666,0.6570335779629435,0.7373434431582437,0.2882165735144673,-125.21073243789051,-502.72275126344425,568.6617482569727,0.7288135593220338,0.24364406779661016,0.48516949152542366,0.6228820721163035,0.2859848846599531,0.3525115775115464,0.0365701313374154,0.32737572356656414,0.030827415225463527,-0.039640515728583174,0.06941565070504435,0.030381948306349618,-0.03648839532341183,-0.0004351261400795236,-0.026234574100229283,0.0812939399026104
2011-04-30,PE,0.105069751082251,0.2316243550051599,0.1372507727094027,0.3482603880288957,137.8868396346474,544.8295142183032,16.90188074710322,-6.240962623982084,-8.816433029194545,-34.447956036798885,-10.277095961676885,-18.376603652775405,-3.4463857086883967,-51.18840166442183,0.713377854103411,-0.2720095666436297,0.0111807238267507,-0.5260945022116329,1.772321356454345,0.6192950754446561,6.3022660336148455,2.0408734012591934,0.6372873236136795,0.8964249666183405,0.3366942248177242,-122.66418354214912,-502.1983652272104,545.8073276000912,0.7035490605427975,0.29018789144050106,0.4133611691022965,0.636774331063911,0.2882467950679681,0.3763637118691877,0.10905079621702761,0.2580066189683378,-0.04562045506047567,0.051483924977976825,-0.09730030888615496,-0.016811724219471354,0.02531142957832179,-0.0014490627705379018,-0.0974853080836264,-0.08100717090143465
2011-05-31,PE,0.081045550410999,0.2793265247758895,0.1687434271025855,0.3801605345652532,183.92566238618247,627.3430293125895,50.130647429670496,-25.96130782664443,18.726453725583568,20.65696681760564,8.764318144810112,28.809832108105997,14.10205594452525,108.72076436584352,0.3429351079759337,-0.5771864527074613,-0.0446465667589392,-0.5225305356493777,2.3549017842105147,1.0302027957885649,8.002418530887855,1.4090773210801613,0.4369162361470391,0.8415169277364347,0.3388039593759694,-118.01158717536784,-501.2543493901367,2988.176251287828,0.7334004024144869,0.2625754527162978,0.4708249496981891,0.6222788540930327,0.3063245075515901,0.3278285461385033,0.1117334665817961,0.3645334967132492,0.0630138214373395,-0.053179387143172246,0.11569935852951234,0.0223426714240162,-0.02256645830830844,-0.005480941036251071,0.12303702491819865,-0.06116749102729263
2011-06-30,PE,0.0913811376293432,0.237755055483231,0.1810657273302917,0.3401131516954931,169.2104425888725,558.0955925741957,31.873488795771895,12.0027738126753,-16.11404721446594,7.048072127912818,-11.13152615425763,-8.338850450870162,-11.696322665676798,-45.28579541804261,-0.0811834831203647,-0.823067526902474,-0.1198282799147743,-0.5226612057294883,2.965238118055181,1.483441400015806,10.998168449387787,0.9220244999908838,0.3145230394866656,0.7722542567461584,0.3387264747296986,-109.14935905686949,-499.64789371932994,59764.57955922855,0.7158908507223114,0.26484751203852325,0.45104333868378815,0.62408573058528,0.2856077093643736,0.40479502517007315,0.1691934365469031,0.4719321098018236,-0.03815946095836178,0.03544489233369939,-0.07379802218086555,-0.02530144255409668,0.024725675267845866,0.0338239845568794,-0.004306852318503501,0.027200107448883723
2011-07-31,PE,0.1361551747890081,0.2960812447211564,0.2352402839248937,0.4133444339873066,219.14302145293243,621.5327188759661,66.848526254834,39.87561409037382,21.939292701029107,26.17473767794456,19.500286464198847,25.85814199608216,10.7658294012767,74.06546657267639,-0.3170355643333242,-0.9466833129839954,-0.1250631890332651,-0.4737214599081381,3.5458059918931006,1.9019000881593684,14.552565941821552,0.728304852988555,0.2634662027718413,0.7676226451188752,0.3684666348580074,-93.88106517502632,-497.3573730188419,2089772.8667132533,0.8098318240620958,0.17076326002587322,0.6390685640362226,0.6907549866187214,0.22504226670433006,0.367867707071886,0.18077623167837145,0.37502547814060305,0.010942371037219734,-0.009641255003662294,0.020527935956198062,0.006206645591825648,-0.0007011447889013547,0.00422261812737405,-0.023286394099015256,-0.0430921093004965
2011-08-31,PE,0.1079461897992349,0.2592716016775515,0.1258480798402013,0.2244477942118068,142.34983797206183,470.7111739351008,68.77044837894546,-23.21623660356189,-13.27577247013634,-62.55320126117026,-61.06380883375198,-43.14369071697342,-27.79438674792733,2.834486553661486,-0.3559961864717698,-1.0443264160826604,-0.0713999864516151,-0.3790472438841968,4.043514418899731,2.243440295059669,17.332856182854098,0.7004752915124577,0.2273691440105481,0.8162708993911254,0.4302992377488423,-71.52227535207984,-494.6302805563296,33694870.830183506,0.5078125,0.4809027777777778,0.02690972222222221,0.49070010987917256,0.4215161680745546,0.35066614684205144,0.14624602754815866,0.2234832977477758,-0.2242922580401415,0.22755777882264758,-0.4519120041198139,-0.18271291728581426,0.16993617684742773,0.0194479094194273,0.2115345329111423,-0.07458084988563114
2011-09-30,PE,0.0921002986588835,0.1850217220157455,0.1632797965182721,0.2928371558166486,178.6164341063323,545.8522013636986,65.53540239927548,-15.875467433698676,-33.74029328836276,26.03898083496656,26.59735346634256,22.695300499492564,14.810355852831982,-4.818363201732537,-0.359824134364999,-1.0527521697031703,-0.0469417546753389,-0.2657159760964465,4.4707961300926,2.5582797646707083,18.49510447204954,0.6977990341508916,0.2244163359931818,0.8393244752376197,0.5124428103632162,-41.12238305611629,-491.1423995322823,107726317.54765011,0.6538060479666319,0.32429614181439,0.3295099061522419,0.5497015659008816,0.3441204919746365,0.4027700598434519,0.13265974914473228,0.34119805256091706,-0.05361496932066952,0.05001878354077094,-0.10369787856704027,-0.06647081009611663,0.04739596419071465,-0.0034526595457923664,0.03071991934943203,0.028507644499631488
2011-10-31,PE,0.0803404862991516,0.2252147620046131,0.1573812060181844,0.3341914587264974,161.93896777667825,570.0768168712675,43.34559289741938,-13.660450409656614,19.65812102724423,-3.6794346113049032,13.209738614620145,-9.802115835404576,4.342287256150077,-41.33854564795119,-0.3113384958903104,-0.8610876338570844,0.0150320922708768,-0.0483723550281994,4.92340270990675,2.958470123950145,17.771537388320187,0.7324658972058243,0.2981424379857064,0.9003271473205144,0.6985649138985939,8.920906296643949,-484.78751250395055,52249317.59390565,0.6970074812967582,0.27805486284289277,0.4189526184538654,0.5790319305169919,0.3177502166408409,0.34020013918294384,0.08760236273805665,0.39921738014859554,-0.01248639578176982,0.004763746579395559,-0.017341080401014786,-0.01687062210630827,0.0005318307110540182,-0.006741891547285432,-0.0005300575180814462,0.07309532767048096
2011-11-30,PE,0.0784844352590326,0.2262240638910709,0.1588135673478858,0.3345467137994239,188.3729510559346,608.2119781781288,76.91604505648873,-2.3373353753011648,0.4471496514034142,0.906005568872199,0.1062463968530953,15.120425781691615,6.47523513325206,57.350946828391336,-0.12026522559737,-0.3747589794110402,0.3412708927729126,0.430812897483175,5.586691633486107,3.533123259941677,16.473627952450745,0.8866852339067912,0.5628953004991638,1.2919157682956868,1.2842936292817686,138.30263468493783,-469.8252710820952,14269400.144585691,0.6581899775617053,0.3238593866866118,0.3343305908750935,0.5775117237554834,0.32758948024032847,0.380205476470058,0.06573784303137815,0.14179667636537058,0.01248250259648781,-0.015870973184518522,0.028276705435805738,0.0034421765837698085,-0.01066937646865674,0.05051547557976779,-0.016234744813616815,-0.23236865983066476
2011-12-31,PE,0.1071259678678724,0.2444651409755529,0.1981527339505134,0.3718255015934525,263.5563186001915,697.8075664451189,104.51346052914896,31.11050836425381,7.754678477997453,22.130713505651624,10.564814004997302,33.58432980269727,13.741990245834248,30.660136892467545,0.2252299712847548,0.3347220039879071,0.942800947258006,1.143893244603446,6.248655705837344,4.0984635219148,14.797446545696792,1.252610747574039,1.272992168260082,2.4523433474624983,2.8847513317115925,388.76824982247945,-443.8083360708266,2669619.5930070872,0.6948465547191662,0.2831499710480602,0.411696583671106,0.5548080244771899,0.3313394819404369,0.3618582449268567,0.15670458112818555,0.050177346256110776,-0.03756381088173582,0.03249425138434458,-0.07008932277171759,-0.09467049480617842,0.06427995726126884,-0.008526770199277549,0.0026762643764987465,-0.519517634263599
2012-01-31,PE,0.1132902611708336,0.2764465826325655,0.1784075623074669,0.3599423513298628,345.35666596451927,852.2126538397738,266.1159970260422,5.59477963962934,12.294488504292204,-10.49675080562374,-3.248077904953889,27.03106194313315,19.98927174145448,93.46164207710464,0.696945045379649,1.2178821045385109,1.7466751868028616,2.073218943628784,6.827268817307894,4.622489847989473,12.738475604257353,2.0076101716937984,3.25546196619362,5.620682973552014,7.696159742651007,794.1187137937152,-402.3089316259835,340603.9363528271,0.7147909967845659,0.26334405144694534,0.4514469453376206,0.6341858920289377,0.27534424148550873,0.34036359917371745,0.1400749243992848,0.6192238264578215,-0.06768294441899411,0.05987019300798673,-0.12752282567772955,-0.052536318642790736,0.044047297807023204,0.007828834389394104,-0.06372829997708822,-0.030932042526727432
2012-02-29,PE,0.0825939339596889,0.2268428887178576,0.1746550434177258,0.3955257898683717,249.3507480298981,776.9648004535055,154.4634203077254,-31.60169691272316,-19.77599534262657,-2.125776074300951,9.427210991331926,-32.571716549617825,-9.244104191479586,-54.39749862291225,1.2323105200333695,2.0821498323789647,2.4980828731184603,2.986085178465308,7.2953093261351,5.111686445244936,10.416098435982908,3.42914349483118,7.897136042328711,12.044342452265836,19.553771742042915,1344.8239019832488,-338.1059987470401,33392.89514018636,0.7555326814204838,0.23365928975810601,0.5218733916623778,0.6064477699717226,0.2915897980845009,0.36794201508708596,0.12788629350937752,0.5065602251881113,-0.007928351875359393,0.015714116986578864,-0.023767055593045587,-0.028872799018050056,0.0233356409308381,0.008370248021991766,-0.0073568669982894425,-0.02441777839810783
2012-03-31,PE,0.0904152840606046,0.2623755033584909,0.2064149606954003,0.410797376308732,337.83652338951936,859.5857429889711,191.89459668370776,9.047708548853675,14.551903893866475,16.707566684958213,3.788409790339172,30.37015879645616,10.10555315169159,21.69889391367989,1.648574982987187,2.567235737724646,2.852175374143451,3.4054963054792307,7.472160997963821,5.361390177113512,8.41255802145158,5.1995650766683,12.905197299184309,17.210611673833093,29.8750312882782,1629.853805855069,-291.035105874625,4503.265239689876,0.8321134492223239,0.16010978956999086,0.672003659652333,0.7161097914478525,0.20493898410218012,0.3333584131363786,0.1444485462430633,0.6411799727596261,0.062247611994501004,-0.045983265245937474,0.1073356061154288,0.08081568561039776,-0.048891321391734646,-0.0126599639792587,0.017896690195504425,0.07197631434408107
2012-04-30,PE,0.0862448481619413,0.2330539707008105,0.1806548063277843,0.3683588049621962,255.7982809911865,719.4141468400717,125.1821053663585,-4.722300190230522,-11.850663595690271,-13.330045198546673,-10.904261461277912,-27.817295087769217,-17.80133831522864,-42.7176725612768,1.936903301055354,2.7717181907215505,2.99699701934953,3.458532196176074,7.274540532294816,5.265395372952097,7.575475590611591,6.937235145061533,15.861517907427649,19.910492423374343,31.516095657034704,1314.539306395907,-310.5331759794595,1949.7873427514176,0.7449856733524355,0.24011461318051575,0.5048710601719197,0.6331650175809337,0.2669005725654189,0.3429928801056658,0.18901980687661996,0.5370220710415214,-0.009619457107245771,0.010016962824711949,-0.019675299503418175,-0.012978597006786786,0.010203510025195896,-0.02334618493701216,-0.00745847024935839,-0.0066255935976049785
2012-05-31,PE,0.0814692352698264,0.2151011049594692,0.1743743816988956,0.3723602845329035,280.0732696945124,793.5075175120303,241.7719391066988,-5.696485504074782,-8.016188743419043,-3.538345622788773,1.080441574565632,9.066207742418692,9.802581794230306,65.82253613656704,2.221101113368985,2.7262287366185345,2.942156159404303,3.1874410408296194,6.668519074979947,4.795824744344646,7.417458965283298,9.21747476475776,15.150611913933025,18.841857398795245,23.97213976969313,658.6802327129705,-383.0518452075376,1664.7978194528357,0.7332761578044596,0.2444253859348199,0.48885077186963977,0.6453987608590255,0.2655150291306649,0.3474229814172038,0.11643058480148177,0.55408685802003,-0.024551493797082293,0.019753613156242505,-0.04459232854099616,-0.009189757594573496,0.007813470285592388,0.0031520452926266217,-0.012818734636686702,-0.06439089837602015
2012-06-30,PE,0.1140022224257791,0.2959812204216263,0.2201195690019968,0.4430319279124241,388.7762550235474,969.5788279808352,219.88441169820092,33.59924755364719,31.91878345722623,23.296628741925733,17.37799471032365,32.7952751832914,20.03987654615186,-9.489287452383296,2.406818537778618,2.534534197822583,2.637686923848383,2.657919589367707,5.67136208516793,4.024407759569463,7.616039079004606,11.09859515591747,12.485995806445382,13.866008964243012,14.012363828247729,161.8811742212268,-448.10881853175,2030.5035165818392,0.8,0.18531317494600433,0.6146868250539957,0.6866028798023966,0.2230478679723575,0.3853431863499576,0.2127914277162827,0.6270060946306882,0.014480236592598946,-0.007602987945769142,0.02197569851229328,0.016545868314874475,-0.008903414441627254,0.013906260541506855,0.010366521654634912,-0.011750324696392134
2012-07-31,PE,0.0859296256507653,0.244730943240454,0.2013479153838125,0.422426427244582,378.8622433720683,985.9856139372514,211.61171077869903,-28.268928829582368,-19.01365915538237,-8.9136560128806,-4.762654455068679,-2.583133319355281,1.6779984920566242,-3.834896451145545,2.2654512433381475,2.246554465287009,2.172472520008657,2.0552373087440894,4.490987978830102,3.1604584939167624,7.860863480241532,9.635471562620356,9.3305421172595,8.665147371500085,7.554476688279188,-39.33914158660201,-480.474577945032,2593.759068446773,0.7920353982300885,0.18325958702064896,0.6087758112094396,0.6707710153495365,0.22713898445766662,0.35670450548746285,0.21377945302151574,0.6446517596614108,-0.03920572169515356,0.03482485261837322,-0.07404652429925411,-0.03255051955101154,0.023745933343498345,-0.006802303287913069,0.0177242431360723,0.013332747364871849
2012-08-31,PE,0.1829048567352447,0.4057035257125385,0.2848973229546854,0.511912080306749,974.9232835986794,1815.485019124665,551.1580293775334,75.54374542199102,50.5463244381165,34.70945109742551,19.21375972089181,94.51861193561732,61.04661749988593,95.72685303128068,1.98343171362521,1.9500045760881992,1.772782133886804,1.6357989534906834,3.4733206885477164,2.4826987761789248,7.909289198125136,7.267640701428839,6.9041600954343725,5.772391108440015,4.8793437978825125,-96.30504513811732,-492.08244858338014,2722.454652560981,0.8422340898976413,0.14463729417000445,0.6975967957276368,0.7676906547064404,0.16842943098585478,0.391964145229472,0.37784679241585867,0.8349296849255246,0.01628456321905377,-0.014954536384300464,0.031173028314080156,0.018504784448947167,-0.010554303388702113,0.04873271281703692,0.2650398854500431,0.2190034191660653
2012-09-30,PE,0.123362921145798,0.2911764434335291,0.2246597796203817,0.4371984442780913,358.67645913651586,882.7918016264612,226.03627226117237,-39.383551971091286,-33.16932423692513,-23.75416777556138,-15.776569422314507,-99.99380303074594,-72.10185516129711,-89.13260895853195,1.7318477437872677,1.724778252400731,1.4601565027881398,1.3561286392058025,2.626910700466049,1.9435833877585176,7.340108426548467,5.651086026616458,5.486716955485404,4.191814980651568,3.62692485604217,-114.71770527008232,-497.07225172219455,1540.879176819749,0.8173823072943611,0.1634764614588722,0.6539058458354889,0.7036154794842062,0.21058862482725638,0.3593368944680722,0.1780206232103944,0.7500659968667281,0.04167992075209879,-0.04189955242790776,0.0835652391962875,0.028879464727455832,-0.027124751569409012,-0.04024911622645693,0.00246989916752699,0.13731418242799368
2012-10-31,PE,0.1317366353548859,0.3635286556022886,0.2346664038433658,0.5084690566859914,393.4146365153295,1052.6126569298503,279.16705928899444,6.567415346391881,22.192870808699908,4.357778023799696,15.101716357520608,9.24433563304072,17.59412097367242,21.111489831354653,1.461449413890825,1.6603197110957963,1.1813215536048465,1.1602213134092625,1.8884557354823996,1.4957508231656718,6.3062404577413504,4.312205171066174,5.136432924176666,3.143859380888614,2.936425294163754,-121.93952656366493,-499.5932973435,547.9809139271258,0.8441025641025641,0.13846153846153847,0.7056410256410257,0.717126175886832,0.1946597381677025,0.3898263238105615,0.24918744998815637,0.7725937862104881,0.040113698183120085,-0.0382761487670821,0.07836545505310241,0.03564215508499855,-0.033624798837255214,0.044124693967214045,0.055976919033480094,0.14715806717965835
2012-11-30,PE,0.1148652327824042,0.3454806252994484,0.2270006460276297,0.5055054354363537,557.5584711982568,1454.9839628391703,334.3852570975141,-13.704519052861638,-5.092156198049437,-3.3212084089600364,-0.584557049854916,34.87032684711921,32.371956014970955,18.048341117314635,1.0130885408429455,1.5085346847996894,0.8634494689475133,0.943598101649574,1.1738671188308598,1.0333533908481016,5.3861756865864825,2.754094024642489,4.395542915159914,2.256507923645926,2.314995047687687,-125.31420448740528,-501.24550865662445,218.3666840304775,0.9129702414373947,0.07860752386299831,0.8343627175743964,0.8135469024709401,0.12709370833945266,0.3401524930416585,0.20311705662923285,0.7876141248211225,0.2496927396208861,-0.24200438003758507,0.49165128716180656,0.20787330167179516,-0.1829774617311335,0.0005355819437846965,0.021816268657932653,0.3563645791076671
2012-12-31,PE,0.1305617846765107,0.3037469034408534,0.231881911014828,0.445257275111543,352.69298201014533,856.4911101155556,178.49650813447863,12.808700820374336,-12.874176418504303,2.127537441919454,-12.690652957476924,-45.79694397651921,-52.990621904721614,-62.772475385508585,0.3290573967129,1.062277675154667,0.4554367794605359,0.6212959984132912,0.3804779694852565,0.4787968455284599,4.5791972591479615,1.3896576150777844,2.7683930482857275,1.462043478462707,1.607124736364726,-127.08569739333666,-502.44185214251326,97.4361468295473,0.828798185941043,0.14909297052154194,0.6797052154195011,0.7252577631919098,0.18984735514026224,0.3633142272936469,0.1801410702960136,0.6961813490858212,0.04542514355929318,-0.047454477255780475,0.09284580956422792,0.02032167632552731,-0.031933854047268714,-0.0026631429056459942,-0.022574353440926533,0.032264255308302375
2013-01-31,PE,0.1130852234513765,0.3045180837732629,0.2237836043977898,0.4853539287047405,468.1315185866989,1209.092798278205,352.9938092089532,-14.370483623037416,0.2535673635079863,-3.554870470256229,8.62261132840501,28.315133991678493,34.478166550201735,68.18814803712979,-0.5259320877114866,0.3648382530532598,-0.0386309938960035,0.1792218688056956,-0.5644896448789534,-0.2162467950161726,3.8683734142337376,0.5910042397691582,1.3157213791262572,0.8472871714138649,0.9420720982139564,-127.98003079094316,-503.2504468518405,47.86446706617932,0.8909691629955947,0.09948604992657856,0.7914831130690161,0.7766247366239808,0.15408890702388703,0.35771785626475205,0.2706280285136461,0.7950023517509239,0.0473662493796505,-0.041138321711058815,0.08857075419722883,0.022861866920636645,-0.020680954537062916,0.00872582235242356,0.01595799703031834,0.02218667563491168
2013-02-28,PE,0.1382415751381676,0.325763699622544,0.2446893352125062,0.4672061971077087,417.4361902943464,971.031379670074,269.012623662486,20.08609749301837,6.744179694946027,8.930985325622567,-3.810767892287005,-11.461758406761858,-21.92668192678565,-27.169221251373934,-1.3667442007010902,-0.5541302657859479,-0.6224955989761679,-0.4490761887582415,-1.650584495566663,-1.113622722890974,3.3892561746162566,0.2549356290723737,0.450012119548413,0.4217851226757571,0.3840034367569955,-128.35674338814331,-503.7276161065332,29.643894186735512,0.843687374749499,0.11973947895791583,0.7239478957915831,0.7391218532467978,0.17840278181505206,0.3454625542595687,0.2141984635834015,0.6690036110568651,0.015446290379735734,-0.02857585942817837,0.043449383988802194,0.03199964658239514,-0.026171737627120602,-0.020948780596433438,0.02894498176508427,0.010135724513432883
2013-03-31,PE,0.1077185289333759,0.296046293609499,0.2040187319237837,0.4150788639850576,351.5058818548355,903.4411215455629,334.3105714039149,-24.948108776204904,-9.56564313292688,-18.17775736023746,-11.830215990778347,-17.190525029683517,-7.214784379672097,21.731210881846756,-2.048297440927469,-1.4959829520526895,-1.2350571985139556,-1.1154021670748389,-2.7301066346420697,-2.0022955941537925,2.96455468435221,0.1289542690542018,0.0994686382798196,0.1759996324259962,0.0735693935980437,-128.4834687418397,-503.9209583621223,19.38606839939152,0.7766103243490178,0.20100502512562815,0.5756052992233897,0.6815166609379212,0.2306215206585321,0.3637547101646473,0.20930489544283826,0.5665070004841697,-0.06229025963074016,0.060316704896633676,-0.12340084571820283,-0.030519234903377702,0.036239358793852566,0.007716092269947719,0.01144107681597949,-0.10639652246912744
2013-04-30,PE,0.1158401477645577,0.269495658167465,0.2154928463812209,0.4308856009441353,331.1212027530238,854.9158326971049,223.9929827386217,7.2689592770997695,-9.39635599012512,5.471590076151928,3.7374091952469657,-5.9741964882942336,-5.520791803024728,-40.04556911279351,-2.3882641045245445,-2.25957822824842,-1.7546372734573763,-1.6246405721905357,-3.5584313674842822,-2.630465163510092,2.481154727892465,0.0917888815664629,-0.0201651429984762,0.058151476612643,-0.0572315716305773,-128.52019760745696,-503.9839383850278,11.95506129322905,0.7990301724137931,0.18265086206896552,0.6163793103448276,0.6966691367643792,0.21688934278815927,0.37010101978435594,0.16962377310125631,0.6177787468523641,-0.009509871671265834,0.011090378115947073,-0.02068112686714649,-0.0028407911131262745,0.00675073540373412,0.00399671213976527,-0.015782117196409325,-0.019080197032243715
2013-05-31,PE,0.1072903812436251,0.3476051003333719,0.2189591340633028,0.4851874393430384,476.892630114128,1254.468323889785,504.1714951100082,-7.667220219224154,25.451478675607063,1.5957396407374649,11.86926613203368,36.48068916385598,38.34640926983137,81.13017539641164,-2.418751196409546,-2.6825719492150126,-2.0483376584862256,-1.8822333965567817,-3.9566019016521583,-2.8980248741978185,1.938120256628052,0.0890327324605043,-0.056172609343339,0.0141305878312066,-0.1019643432664755,-128.52955307442787,-504.000851321558,6.945682591071138,0.808209483368719,0.16949752300070772,0.6387119603680113,0.735117667487866,0.18613837737447048,0.3776015961660167,0.23681740028275383,0.6461398593178491,0.02082619774745407,-0.01997849375257836,0.04130329094708149,0.03508671232387152,-0.03040442465366785,0.02059841142776679,0.047307542065909675,-0.0015645361237483155
2013-06-30,PE,0.1132114910473131,0.2847641849877859,0.2170668087377407,0.4350269042860315,358.322186683368,907.8102216232162,306.2852273988312,5.371866959967282,-19.940564960809525,-0.8679929429084523,-10.912741103879922,-28.58588269708145,-32.34317657660844,-49.83996947839518,-2.223470865739353,-2.756978452594685,-2.052534372048239,-1.8877700469519785,-3.8800722423811553,-2.829741138717287,1.4249211634231125,0.1082327946359538,-0.0610763524745166,0.0135905594309096,-0.1028049673147237,-128.5280317438722,-503.9969551950031,4.157530064397131,0.7921626984126984,0.18055555555555555,0.6116071428571428,0.6993937113340565,0.21159353608856604,0.35526706213487236,0.1862199010363034,0.5493925757892988,0.0032357517147338704,-0.005368346777004854,0.008513794997512425,0.008224613308140066,-0.005600786060272053,-0.01904832498874769,-0.011184920840642246,-0.07933251277921131
2013-07-31,PE,0.0870768997840059,0.2771707176159577,0.2259142280372769,0.4635483364575823,369.0122460816463,950.8455751003924,340.18110114789937,-26.246603783246456,-2.70277912416143,3.995022475230778,6.350278723587929,2.939728622329035,4.6316318028774495,10.496134275253874,-1.8744016795226617,-2.5996222388287475,-1.8059546229472347,-1.6876517007848773,-3.4370342676660104,-2.53102826605144,1.1213326413587608,0.1534467497169411,-0.0502580079343565,0.0494990253046356,-0.0692606948755759,-128.51652115548802,-503.9764061750747,3.0689412774600537,0.8293791014639071,0.15396264512872287,0.6754164563351843,0.7152850520207064,0.2019938246119821,0.37296682189316516,0.1272991531627176,0.6734879834599197,0.018634951278456546,-0.01416537335328006,0.03272902347870478,0.01856046177871072,-0.011081389221314917,0.00047041795358356356,-0.03871681216265571,0.059639627069694945
2013-08-31,PE,0.091737325895046,0.2774940293573128,0.205168948663793,0.4316089680860442,393.82425492816856,1014.1079338227864,477.6233980948161,5.21377062057476,0.1165791695745411,-9.632162573161212,-7.1390653479326565,6.507492560170373,6.441295433645822,33.9344425626853,-1.5247923874734652,-2.3831850804324213,-1.4909468279688487,-1.4333069706402886,-2.882838750976897,-2.1819439719893805,0.9722258832786272,0.2176662424130564,-0.0323033836932665,0.1103408722938946,-0.0156951933172894,-128.49270544105437,-503.94316133226647,2.643822755589796,0.8422098569157392,0.143879173290938,0.6983306836248012,0.7667799056750102,0.16683061620757644,0.33784628787423393,0.15190327028144449,0.7313871274901002,0.023799778253665575,-0.020789550978499896,0.04453196705127299,0.015975380312107143,-0.014833807463673923,-0.0034625290997561536,0.0013573657844819786,0.07807456804563342
2013-09-30,PE,0.101069396252332,0.2224253146116173,0.212261895572249,0.3803405957473188,336.59625015572885,787.9018863815263,367.9342318711605,9.687803249999924,-22.12080365341044,3.398708917488797,-12.6452855988546,-15.702061496734142,-25.239104966083147,-26.091834740856847,-1.2477362746909273,-2.407255599264474,-1.1606356549336985,-1.2348340163077516,-2.2358060450765787,-1.840836394969031,0.8484542365104564,0.287154099664332,-0.0344975268479295,0.1984684800634473,0.03666900511438,-128.44177515312188,-503.8972986792468,2.336033104962469,0.7349330357142857,0.24776785714285715,0.48716517857142855,0.645307648000588,0.2629493887520117,0.3963490182827664,0.1652767962785781,0.6326980428026233,-0.026209647711839087,0.029279432600032913,-0.055535916557166796,-0.020023160349780113,0.013260927778344787,0.005427270432887495,0.017982173011348284,0.027496036633022004
2013-10-31,PE,0.0850051811875844,0.3162828038847117,0.1957630337238674,0.4529482017543859,301.42386348531625,911.7282345595802,341.60971814930383,-17.309516272845816,35.20453817696649,-8.091595254647748,17.47106181545705,-11.036668281360804,14.596838480765346,-7.423529403102466,-1.1739050890810614,-3.0105223269775934,-0.9145174296455246,-1.2775265620363578,-1.6302141378633352,-1.7154061175503288,0.6685529640736732,0.3091572941391505,-0.0752937100130901,0.2858914550821411,0.0245118245829343,-128.3527934545646,-503.8760926776664,1.9514115140393264,0.748062015503876,0.23255813953488372,0.5155038759689923,0.6591470000184021,0.25712338542570345,0.3438055739233999,0.202773117042762,0.5728561878364924,-0.03318380389448955,0.03307246208167665,-0.06618276749260635,-0.003044041989205673,0.01180038645442689,-0.0029855492818589673,0.025130314351948815,-0.06041404164025747
2013-11-30,PE,0.069059363847039,0.1818032806314852,0.1294924896250756,0.2576198561825123,194.32404385820945,532.24092581247,691.9151722523665,-20.774572945930423,-55.37115355028165,-41.32820318888008,-56.42927013186726,-43.899036374267446,-53.82457023490444,70.57944542287909,-1.195923545845924,-3.638053884453803,-0.8007123965785681,-1.4704344261353066,-1.249501906037377,-1.7850256400373643,0.4602830765042178,0.3024245222566716,-0.0982561653165243,0.3341904825912931,-0.0243884138476088,-128.26203353852677,-503.88819056806045,1.584522462594317,0.5462376488472257,0.43602736255383834,0.11021028629338736,0.5110213379096027,0.39999652794751756,0.42916392666563485,0.04959326225884922,0.2164086368517145,-0.021802171495213518,0.01994220721456652,-0.041707685214215195,-0.03951930689246923,0.0343516392679423,0.08497881983584568,-0.1165696073894013,-0.053287606488478134
2013-12-31,PE,0.0778201055386817,0.2131977576068126,0.1585162570330269,0.3547562464924481,203.31363490775936,677.602611124428,233.42147967262687,11.943334342380306,15.929494758643026,20.22342718046642,31.99458513251852,4.522269152243892,24.14647419234334,-108.66176195896588,-1.144360327603889,-3.876623408853607,-0.6855654209159502,-1.5770504807858052,-0.9133989073063792,-1.7838196545483267,0.1929897195148646,0.3184275419658507,-0.1038389766911801,0.3889867918779509,-0.0476305125344724,-128.14752267327265,-503.8879880903602,1.2128703245596837,0.6990033222591362,0.28172757475083055,0.41727574750830565,0.6221178882430459,0.29329738296070246,0.3741758659742997,0.15254575097817485,0.3834186270906531,-0.04641461553089058,0.046479113529277555,-0.09301328578929022,-0.034431726300184005,0.03460022681954904,0.01638519549623738,0.003877629083187272,-0.20791346439019756
2014-01-31,PE,0.1307926575523872,0.2670742630933952,0.1956529075186018,0.4496963880288958,338.5252883507268,1014.2004235281368,379.98330235489055,51.92134787817098,22.53065842086717,21.04850532724421,23.71417377487003,50.98490103506482,40.32948241392377,48.72815655199411,-1.181681971607502,-3.667736458425959,-0.5234765284952083,-1.5342258390916674,-0.5723098042922737,-1.6484770248380989,-0.2217327116943507,0.3067623388937805,-0.0990254468120886,0.4776387738450675,-0.0385914819637285,-127.98446038419551,-503.8636407080929,0.8011294682578234,0.7880941803642826,0.19013771657041315,0.5979564637938695,0.7094980192032275,0.21449315624174206,0.38670229344868345,0.20552555116257118,0.6711860156262537,-0.015303456801236369,0.009833490935876307,-0.02525421068170633,-0.0007532555748862163,0.0022089646983823805,0.039063020583011906,0.009988291172814516,-0.03271628372944499
2014-02-28,PE,0.1036111713295331,0.2232844162035523,0.1846169188351785,0.394550370491446,240.51094724185265,720.9870139861714,220.55699086425523,-23.29681471487392,-17.908039085184864,-5.805924016456595,-13.08258477979098,-34.18331894671301,-34.12346949512063,-54.39711871228777,-1.4850151257307984,-3.106826038213748,-0.3982481332606074,-1.3578454424751774,-0.363930710471947,-1.398801821308966,-0.8866132388958387,0.2264989146889488,-0.0798169071610231,0.556676891547114,0.003000328427043,-127.85374173214902,-503.8090907185418,0.412048903485688,0.7444771723122239,0.23122238586156113,0.5132547864506627,0.6315028697364745,0.2617051919983269,0.36785106825783226,0.09704698557200868,0.5706946006657975,-0.052166659464865005,0.050538320205019714,-0.10337668987194186,-0.03937660277063784,0.026501948967007864,0.000612776075479023,-0.03028913268054226,-0.03869094981061153
2014-03-31,PE,0.1052174081019025,0.2583503768223375,0.2160298928849288,0.413881464665184,341.0081746693709,843.5469325879302,289.69097798426685,1.5383607489602336,14.587034550362707,15.713382189733444,4.783280160545096,34.914084244661474,15.699441472422263,27.265863821401314,-1.9301639331144749,-2.359834751984024,-0.2606338361151892,-1.078016428648748,-0.1809294643309486,-1.040699344025258,-1.5821730710822652,0.1451244058376404,-0.0301238218827203,0.6557445252120031,0.0860557710335374,-127.71418685901509,-503.7027757448401,0.2055279856549317,0.8322109988776656,0.1531986531986532,0.6790123456790124,0.6931288127576269,0.219808689895317,0.3480228824180677,0.15099224850602663,0.6747618343915684,0.03874622756811572,-0.03382322171970032,0.0721872892384579,0.02918664000631163,-0.018246103759607855,-0.010112601490383588,0.00220337124391874,0.07421471324731083
2014-04-30,PE,0.1099727784451621,0.2297096805495826,0.2135684422510462,0.4181302513039355,311.6769669068917,817.9149360537767,276.3803384907205,4.420410361889463,-11.750046018127614,-1.1459437193827882,1.0213374381114495,-8.993916066003669,-3.0857199691000656,-4.703680657076386,-2.358378682417067,-1.45856013606657,-0.046502266890534,-0.7092975573664536,0.1239695406556175,-0.5724374237030605,-1.986638634717174,0.0945734325312879,0.1080112550956222,0.8397439015776667,0.2377756355414136,-127.41669968617995,-503.49183463466335,0.1371556818144663,0.8154402895054282,0.15681544028950542,0.6586248492159228,0.6564573825924546,0.23197056654662646,0.35762076857377917,0.09633647356863612,0.7000757683712125,0.030337742161666483,-0.03495913272958254,0.0651006289634977,-0.0037534242766762618,-0.005541634878661068,-0.0018918529118771505,-0.012158990803558273,0.09982499513358717
2014-05-31,PE,0.1186398384043603,0.2535564755476774,0.2056657000873071,0.3734231024452322,491.11327928474657,979.814363458806,665.211244484278,7.585946927501257,9.8770328320427,-3.7705318412024886,-11.308089028082202,45.470752358538114,18.060478763830467,87.83266959869123,-2.6421407915120043,-0.6385729359746091,0.1714896255272119,-0.3346569232876386,0.5229357037724963,-0.0610849766565578,-1.9645764409293385,0.0712086633635377,0.4034857921435554,1.0722533323226446,0.4613695092067777,-126.86170823737235,-503.1152400316335,0.1402152634868165,0.781055900621118,0.19906832298136645,0.5819875776397515,0.660203861119081,0.24065219072273625,0.35202386499557436,0.1469683425485566,0.7021287089954488,0.02261865653703557,-0.016317891463555202,0.04019716243301646,0.0022097166176467536,-0.004972151940645682,-0.00040801223559996415,-0.0014584619248300124,0.07943310679495498
2014-06-30,PE,0.0948368683504024,0.2172345274683058,0.1987120144245016,0.3935464560122935,295.68670639073844,780.7254842511968,294.1863376763106,-22.39340954554572,-15.460903977380466,-3.4395422612883184,5.248701967500758,-50.73743431171364,-22.713953326383507,-81.58912828995678,-2.7275402600853123,-0.1365500194800155,0.3136898641090871,-0.0110473880907116,0.8774114495932669,0.4040226523442923,-1.6602196369505453,0.0653799096188001,0.747803034917653,1.2536467654340058,0.7347993751199542,-126.14401403597726,-502.5581454506798,0.1900972231416047,0.7394812680115274,0.2276657060518732,0.5118155619596542,0.6253173264948603,0.2614991720186101,0.36735483446247547,0.09817611933274492,0.6286034686970273,-0.03419958854159043,0.02778766462162905,-0.06230720236447032,-0.02557309165916019,0.018512390410225062,0.010718865066119045,-0.029791714193052994,0.014765364420166353
2014-07-31,PE,0.0632890788691293,0.0347594471026049,0.1830588840801626,0.2253561360978203,323.8207280241314,459.25592336739,318.6419691329381,-40.44454557546299,-183.25261475388973,-8.20487408616765,-55.75171414148539,9.088958465132258,-53.06159734886615,7.98547504675295,-2.6820179247404776,-0.0852982959302806,0.2875860445660703,0.0942489325369519,0.9735771152015852,0.5965386149604587,-1.2947055058785928,0.0684249383706509,0.7936786876630614,1.2183868071983692,0.8446192121342733,-125.90128348927732,-502.2401606781693,0.2739785375206641,0.6226993865030674,0.35429447852760737,0.26840490797546007,0.5287506541137603,0.37079931292163304,0.4400882822959481,0.06214460798844614,0.4374997943495313,-0.16997776695752723,0.16810531032028436,-0.3383761146854301,-0.12519423179852435,0.12811412640826628,0.07166042155884919,-0.03224992340935391,-0.17309191194625304
2014-08-31,PE,0.0860897957564624,0.2529866414997994,0.1841035163447444,0.383318712842397,358.884989330453,958.810163882104,497.7990329891832,30.76781036734106,198.488529280589,0.5690316231243586,53.11848135953831,10.281191908559103,73.60854812051227,44.6128328703773,-2.560859211327508,-0.2322503268937364,0.059581086758889,-0.0230863505278201,0.6718592864630213,0.4697508400851937,-0.986315204950392,0.0772383478613545,0.668188003286267,0.9465733272116648,0.722964065197597,-126.59080688967023,-502.4563877383322,0.3729484006560514,0.7783300198807157,0.20145791915175612,0.5768721007289596,0.7023250270237427,0.21381617251986043,0.32087441621317847,0.1552190287555571,0.6229510638238108,-0.03258896960401186,0.034797032926730684,-0.06764354042407415,-0.01111033986144988,0.011057336724253665,-0.01792012986291551,0.0010082253645035538,-0.04922475714931085
2014-09-30,PE,0.1232803695672107,0.2993461511331459,0.2415572270456878,0.4494427542146578,368.7174218711257,868.0953153559726,270.78257548323626,35.9070300569624,16.826391293731294,27.16082217680029,15.914169988957404,2.7028583104277817,-9.939158418244029,-60.88802529913669,-2.2889946959998118,-0.1765905609860802,-0.2385066781321118,-0.1562280747953804,0.1472735910979123,0.2424984366178866,-0.7303596332906649,0.1013683166219948,0.7135632253614587,0.6729849320828193,0.6011500460466148,-127.39001015552408,-502.78155407005096,0.4817357107346753,0.8040540540540541,0.17671517671517672,0.6273388773388773,0.6898172595944806,0.23297686057732578,0.411590832983123,0.06552307368585397,0.5302468869991769,0.0330293775463582,-0.030474242443050605,0.06335895825400933,0.04108102844051483,-0.02634903384691804,0.04181811479654214,-0.02020165508090413,-0.06098785075262787
2014-10-31,PE,0.0520229349259707,0.2204116146586174,0.2094038035445671,0.3817574922767338,349.83995930845447,776.463159672847,268.3812527368712,-86.27765111812363,-30.610382589642843,-14.284194772771192,-16.322292139989848,-5.255476549310107,-11.155232156509816,-0.8907639936556782,-1.8493299059134785,0.2400588301881127,-0.4766038259152363,-0.1454868676432307,-0.4058653505140355,0.1013590533502516,-0.6735095039245395,0.1573425653186369,1.1467642912251834,0.5060699653906228,0.6103872091636833,-127.88228118545604,-502.9493094013762,0.5099158821008476,0.8412039439543332,0.14737934613388687,0.6938245978204463,0.6553119056465198,0.2374455923925975,0.34625724273722897,0.11123808999173583,0.6659516919563797,0.049502779231918335,-0.04354258274439053,0.0940637228438444,-0.004558738515047242,-0.008947637156171662,0.006206052180058548,-0.028329481069069764,0.03675248547980216
2014-11-30,PE,0.0347017693244133,0.285671762634031,0.142164632818795,0.3261737131902182,214.927731547959,708.7250827303666,270.5298617886382,-40.48940027842829,25.93466946511132,-38.72786902055119,-15.735546804780306,-48.71739515024746,-9.12814996019867,0.797393254113268,-1.2472167828499607,1.0325035528676725,-0.5508137413905064,0.0547384161827812,-0.8072705931486032,0.12863264829496,-0.9032757231808308,0.2873033126303112,2.683527587537398,0.461662018307227,0.8020502418050632,-128.10260715383657,-502.91871105827937,0.4052400290215998,0.5521899304134261,0.43430208759721656,0.11788784281620956,0.5306796457597889,0.38312648856988374,0.27856733877137557,0.1734000954465634,0.41583409515895736,-0.05117934459190987,0.056557641414243576,-0.10754378020172484,-0.02958764616753476,0.03466679118573232,-0.061905435199854544,0.015513054073206887,-0.002928903867718241
2014-12-31,PE,0.0509552447804304,0.1668181969775924,0.1439299561978963,0.3050369393781483,195.09657216819755,620.634360035307,198.00059441983,38.41570192950105,-53.79388900653308,1.2340993865189005,-6.699722000345722,-9.68071614273037,-13.272558146889764,-31.21124541654946,-0.3909930775154436,1.8903454644584816,-0.4638908549014704,0.3166231795363129,-0.9800592347714792,0.2301441240416098,-1.1208909220550012,0.67638483828668,6.497096183579215,0.5140136895710699,1.1182712588385315,-128.17339220920036,-502.7972019092709,0.3259892342104676,0.5326633165829145,0.4478643216080402,0.08479899497487436,0.5128244516929967,0.37464736843667107,0.3323990216498143,0.1355565026755726,0.5844816208667934,-0.2388414753134404,0.238099075274914,-0.4769267260959114,-0.15611055690405914,0.13122822610929646,-0.014252444622318335,-0.003456651056128254,-0.030900872367561092
2015-01-31,PE,0.0676368823053909,0.3334234718110815,0.2330913213625532,0.4554439206930577,409.5170389734402,1002.5009175777872,398.7115788862458,28.320573637490572,69.25087906274614,48.2103548011408,40.0839711199709,74.14838337820862,47.95109581562717,69.9968262756045,0.6085585187478154,2.541930411574914,-0.2550561451269156,0.5512878752844279,-0.9508471422141208,0.3289816716731404,-1.1100238458131797,1.8377803625928864,12.579611945855046,0.6600544962959163,1.4812726345267548,-128.16226753970224,-502.666430939609,0.3295511025674683,0.8138568129330254,0.17043879907621248,0.6434180138568129,0.7198081304557948,0.20625940297115122,0.3429389507961583,0.1801923219919973,0.7171175814087482,-0.013411758887247861,0.014149967570547727,-0.027526077210828823,-0.0027749663686559844,0.005007401823826169,0.0032659216359059336,-0.005262049818128049,0.0020863314088667706
2015-02-28,PE,0.0866820140547698,0.2603221536338138,0.2059776963175086,0.4233190152392891,414.7376381182071,1029.2702262326416,367.430197679542,24.809298141801808,-24.749345273031047,-12.366242133215502,-7.31465252456628,1.2667611361957594,2.635223741542061,-8.170493324105728,1.5837865226271854,2.8266896048009,0.0237584711125456,0.7593536031836663,-0.682851116269692,0.4752091875480275,-0.6599299313401948,4.873374059821824,16.764897751135337,0.9092244569625204,1.8826804570882325,-128.04350645167207,-502.4476327175746,0.5168875508408263,0.8946259220231823,0.09343168247277836,0.8011942395504039,0.7592045458116771,0.1626077874349041,0.2890973473097571,0.1435657349976756,0.6857427789987689,0.07295826474847257,-0.0637543486152914,0.13627272137344076,0.0678327189440684,-0.057756095393665566,-0.08131145088122482,0.013346916054177288,0.0544623558753081
2015-03-31,PE,0.0911122345442806,0.1754561729323308,0.1839940776953281,0.4383370350877192,306.2374150474373,952.5655382476998,275.6023869746787,4.984568129309663,-39.45306316236336,-11.286432197201586,3.486203303199039,-30.328545571227966,-7.7446400692231,-28.75741622122018,2.359446669934635,2.645553372245389,0.2007485367417783,0.8763790614370364,-0.4209802437867554,0.5677225453388399,0.0476155259652032,10.585092781613165,13.966680978350071,1.1074988701655792,2.147971737441551,-127.89227800792293,-502.2917388410535,1.0487673539838425,0.823126142595978,0.15219378427787933,0.6709323583180987,0.6962010924224665,0.2143137001355755,0.3697026266070562,0.18309003423006134,0.638483093545692,0.015406486991518302,-0.016567709922381095,0.03216524096595689,0.017405744393330393,-0.011857244542265052,0.011613596010572625,0.017836569074112213,0.019387209705111624
2015-04-30,PE,0.100567609361794,0.2293923743223509,0.2005724451875805,0.3690623247114365,295.6532471715427,736.7274742706627,228.0733489217172,9.873813807574194,26.80446774670316,8.627193346408902,-17.20225695398782,-3.517336192441193,-25.69408644971411,-18.929191709793656,2.782012103276232,2.0014374730904034,0.2310024640227131,0.8279909949757933,-0.3014262273681932,0.4886095684048915,0.6940690108838206,16.15148673419077,7.275125656882823,1.1450438486734476,2.0345020412407195,-127.8089186786823,-502.4259351537355,2.001844510680072,0.8161683277962348,0.15780730897009967,0.6583610188261352,0.7154295636977328,0.1954642664816474,0.30233828411360114,0.12714260221214696,0.6144904117579886,0.0017011846085381553,0.0015939442401193896,0.0001701496769791755,0.025927656196930784,-0.0169803183594841,-0.04120766288350052,-0.010171309202675081,-0.0390037209999565
2015-05-31,PE,0.0780545638295831,0.2245098620535077,0.15248746805177,0.3063509301709558,250.71157093429215,693.1053668106813,341.83919664609584,-25.34221128810148,-2.1514327118382064,-27.409308815557488,-18.623425596673226,-16.48841467637837,-6.103601460374366,40.46731582302965,2.7820487042397657,1.0620321175746006,0.1319456415920802,0.6341009852726198,-0.3873298766453597,0.2305931919257308,1.102859243291982,16.15207790498639,2.767682749035357,1.0262277970202098,1.63111240801806,-127.86981396166384,-502.79663650402006,3.012767957148044,0.7053706505295008,0.28479576399394857,0.4205748865355522,0.6423385125321073,0.28549560245690775,0.34342194033029994,0.1750120414046705,0.6198879478213695,-0.07142091614111133,0.09372232206565073,-0.1636944426072137,-0.03717365889996986,0.05802029341749,-0.004547122862164167,-0.01682036972252965,-0.060414719809872744
2015-06-30,PE,0.0914405715295484,0.2406805713130087,0.1964368156350562,0.3803354760099094,305.99467881240685,796.7304716950639,331.077849268626,15.828115138532354,6.955098890827768,25.32584147092909,21.63224193903148,19.9264553695526,13.933441095204508,-3.198689935724368,2.470074136223239,0.1682744706604055,-0.0096683781985822,0.3627555600416758,-0.5557976777471428,-0.1031872282982963,1.337029733024997,11.823323355695331,1.0587016874795814,0.8755597152025424,1.183070451450486,-127.97506655812496,-503.15402524119867,3.807716756627608,0.8249322493224932,0.15067750677506775,0.6742547425474255,0.6889761733865432,0.21337948172898372,0.3175163485475443,0.185070765337727,0.714669684500095,0.04368859545490223,-0.03433967074195112,0.07790690006676378,0.02258225762195888,-0.015428828562176068,-0.03138032582902485,0.027929050114762963,0.03022869142146185
2015-07-31,PE,0.0966367453474709,0.2299706952946363,0.1948163129299654,0.417999949757503,290.60394222258435,835.4415717061563,245.1701578046428,5.52697857194369,-4.551873505141533,-0.8283701027813635,9.442761746854762,-5.1606395451275135,4.744397041678778,-30.04010507605048,2.114963235899444,-0.1447961574191706,-0.0461143297467111,0.2480389499443758,-0.5547095929192742,-0.2181034621620907,1.5091019431700825,8.28928101255658,0.7406389903374737,0.8401142836252669,1.0272958108714434,-127.97444207718716,-503.2519410773794,4.52266735767883,0.7867247007616975,0.18607181719260066,0.6006528835690969,0.6531886367387746,0.2424652202043964,0.37567226625493033,0.15206073850557292,0.7012320881374701,-0.0020330649980683114,0.0026616941302382378,-0.004767313080510999,-0.005012547452568451,0.002885877017018098,0.006840782842857544,0.02341494706904959,0.050996474339234134
2015-08-31,PE,0.0959058462219744,0.2821210370231629,0.1991455209000154,0.4355871074483362,305.0075341644632,884.9466041575586,318.38024055684895,-0.7592113831015203,20.438429911296847,2.197868864513353,4.121348106736899,4.837516163291763,5.75668954414926,26.12939023641265,1.7269317978998249,-0.2112630015676174,0.0594552812361213,0.2382355077304887,-0.2370865220841808,-0.1142629193580768,1.7105989071578738,5.623373765301911,0.6850014739129735,0.9464398066575852,1.0147939837463804,-127.7597580514429,-503.1639599319629,5.532273804017547,0.8170259812050856,0.1536760641238253,0.6633499170812603,0.7027607445203277,0.211559357923559,0.3582160805489071,0.2370500147419779,0.695472880033017,0.02037422837549384,-0.015569752466984634,0.03587701504705298,-0.00468001265909071,0.005582134561823101,0.0048002496634900246,0.04265689252281601,0.023760023887400478
2015-09-30,PE,0.1140413922297608,0.2366633130520553,0.2082614240183001,0.3679092972481741,317.53385457908405,741.6010914408837,382.1777236915381,17.31945305495236,-17.56976770918752,4.47583184854003,-16.885836047484073,4.024796276297622,-17.671582291395943,18.263935218745303,1.1876615098626249,-0.3431586691871897,0.147772107902392,0.1725002530246971,0.0907027024112126,-0.0205184670802757,1.9358764189144864,3.2794033811582257,0.5849659736515964,1.0444301875426814,0.9340580861894244,-127.45373764442051,-503.07629272251046,6.930115078544314,0.7461629279811098,0.22195985832349469,0.5242030696576152,0.6279948702809943,0.2800084528406871,0.34886818257409064,0.17595956449884148,0.6199849581950033,-0.01207064965452661,0.01018953374380067,-0.02207045174783936,-0.018284593598431684,0.01844119363761239,-0.006163820273271919,0.08754612392640394,0.025746643402571087
2015-10-31,PE,0.1209192137236792,0.2299890131282197,0.1924222993091352,0.3716570662108587,274.35412930788016,727.5040823019306,273.3169398445279,5.856119521145057,-2.860697228979012,-7.91017044823209,1.0135131149769985,-14.616472661146782,-1.9191875547047248,-33.52536720663697,0.6912641128360252,-0.589209654694743,0.1815163365830867,0.080498453547894,0.3370528885001001,0.0726778317280285,2.274742478046462,1.996237408271509,0.4302059187534632,1.084215629568925,0.8296131354664251,-127.14786792855725,-502.9805993003061,9.72541418239013,0.7574226152874289,0.21162349968414404,0.5457991156032849,0.6608256490822276,0.24621856432687256,0.33580996269013397,0.15447383713071433,0.6509280918147634,-0.021362985052930217,0.009045327534423327,-0.027395611925896332,0.0025815502541301424,-0.00786283329787933,-0.002795238873553752,0.013349044019233767,0.019180856563585175
2015-11-30,PE,0.0806895868771282,0.2390220773788776,0.1928314820015594,0.3730735494365051,362.7268224313645,865.9023465744851,587.7954278594268,-40.45131354692133,3.852438286101784,0.2124224945417017,0.3804019611908046,27.923028103508297,17.415252799182863,76.57469019465887,0.1119569506240035,-1.353860197375385,0.176337745877264,0.0008653496990968,0.5514765030138676,0.1994297793012116,2.791148428027705,1.1184647104007768,0.1336818219520424,1.078022372607202,0.7466516891344517,-126.81286701584196,-502.83527683923415,16.299728121771746,0.798728813559322,0.1690677966101695,0.6296610169491526,0.6495692274557876,0.23587864500636202,0.3441506939717803,0.15693588723382654,0.753412654757333,0.14070400542513323,-0.14643358899973857,0.287304421673251,0.04624884958665785,-0.06542060555313826,0.0008196790001913637,-0.024823885265828502,0.19217095790774535
2015-12-31,PE,0.0897284679200405,0.2546225563909774,0.1665363550922761,0.4052701754385964,227.1625353707632,753.1107131683,261.1748317901112,10.617855486018671,6.322635597186224,-14.66030227477724,8.277836086113588,-46.79842195532337,-13.955989200122248,-81.1188938886712,-0.864165452309287,-2.3970404730959376,-0.0164820945666218,-0.147525031309763,0.5201563885789655,0.2495303716583648,3.3567556844861097,0.4214030868938898,-0.0335728159275507,0.8688344968647165,0.6086268049269976,-126.86639035706013,-502.772560783258,28.69594100843449,0.7824037706205813,0.19638648860958366,0.5860172820109977,0.6812427311236564,0.232256564405419,0.34192301508172224,0.26735557406010546,0.7624040818128296,0.02507808479344982,-0.022150083224177414,0.047090645454069345,0.018384566816364613,-0.012304235578371186,0.004077862078110174,0.11313893190240845,0.1343714821862167
2016-01-31,PE,0.0793618950023656,0.2794376675310366,0.1980613326150994,0.4240274081250771,321.6368695569903,885.7217066753585,369.4842519701935,-12.276974558097372,9.299697591620248,17.33631089225149,4.524415040446354,34.77573987643005,16.219055401510893,34.69180829700443,-1.9124554745249744,-3.38598163051262,-0.4261767218744009,-0.4036185237808787,0.2702788474047168,0.21086965884269,3.8128337502027674,0.1477172250279868,-0.0907152457876722,0.538182437273118,0.4136848251216445,-127.23835129538897,-502.82123192114767,45.27856538514602,0.8238341968911918,0.15595854922279792,0.6678756476683938,0.7105014603073502,0.20557326793011974,0.3217158858566088,0.16105743845194126,0.6871298576796959,0.030049808441758877,-0.027280004060311322,0.05723594276655998,0.015473817807541958,-0.016104894052182062,-0.014568907391514868,-0.01058677196167233,-0.011673121914125173
2016-02-29,PE,0.0816402102943108,0.2596839877471456,0.1932878337005234,0.4547789160401002,289.42152161393653,877.070956423883,288.5849537661365,2.8303572562241777,-7.331379348599654,-2.43962991643851,7.00133071037082,-10.55389971229898,-0.9814903224896112,-24.711860991470186,-2.6738346333634024,-4.011358879008789,-0.8286081910112044,-0.6867753840720728,-0.0847371305996166,0.0525455146529936,3.875154643107928,0.0689871769221607,-0.1064508782416021,0.3218381110749842,0.2489820346960221,-127.62992731233058,-503.0020327956133,48.190149989472935,0.7961822660098522,0.18780788177339902,0.6083743842364532,0.6746158479865447,0.24105623762375328,0.3819353592604055,0.227540084242954,0.5954406439366968,0.009434603414043709,-0.00129453435810278,0.010303625093397425,0.00865783738735139,-1.4418135331694185e-05,0.003245303192325185,0.1132148504182193,0.01232977503918049
2016-03-31,PE,0.0633975461566046,0.176895920993601,0.1737448962140554,0.3539676017095228,234.8577259907197,686.293089976386,298.1596053333169,-25.28967572721509,-38.39039173988304,-10.659233454066204,-25.0606013699961,-20.890426826896945,-24.52831158759883,3.2639421767772987,-3.02740670349123,-4.149447674751145,-1.0724077424763714,-0.947635716755193,-0.3734200642283175,-0.1773875925347042,3.5884832958461708,0.0484410975081163,-0.1087865231476802,0.2273651395912618,0.1334424354502822,-127.8603050672783,-503.2185281965392,36.17916120822637,0.7006802721088435,0.2585034013605442,0.4421768707482993,0.5992390809508114,0.27361126245104866,0.36316856224321253,0.11633868352036145,0.4109963835298017,-0.06264127604405634,0.0536808310638511,-0.11602775247422098,-0.04454047522375077,0.022703857511161836,0.0024267649473414983,-0.01974375879000193,-0.14996225307665145
2016-04-30,PE,0.100985813318592,0.2093050557933746,0.2100572431139639,0.3958415365505631,331.92851476570763,801.1401395037835,369.8062160594208,46.5554888243709,16.823124224710504,18.979197012368235,11.180858259222036,34.59397192751168,15.473110610419836,21.53501965624448,-2.9099854360098765,-3.804950327896383,-1.1405403812963988,-1.083761146704361,-0.5152076417664213,-0.3371079162618116,3.1109518211051737,0.0544765232589591,-0.102299346268141,0.2048277491843693,0.0841066209538106,-127.95130453582392,-503.34215152510654,22.4423953835531,0.7491909385113269,0.20711974110032363,0.5420711974110033,0.6340499037503493,0.2537092770844901,0.37526921077780145,0.10386017256494198,0.5111302806269645,-0.038833705977474285,0.030588716123423093,-0.06932493121013195,-0.03673798002975251,0.030153004045498564,0.040695304561221654,-0.019815440233218694,-0.08623153377504719
2016-05-31,PE,0.1285919770991881,0.2675702903547077,0.2251588339826963,0.3974104497050486,710.6124861010936,1304.8837218690303,945.9651473637816,24.166437859805164,24.55895146139905,6.942600213630512,0.3955654010143093,76.12076258798228,48.78333263203836,93.92265982045971,-2.234068380683892,-2.963969905388937,-0.9444617193465454,-1.0035567324595582,-0.3389375278171572,-0.2993367741435052,2.602007902588186,0.107091852232392,-0.0729460403515085,0.2740703508130648,0.1123592814789039,-127.83615411642964,-503.3146736133449,13.490799068316475,0.7569669475048607,0.20544394037589112,0.5515230071289696,0.6705346546655122,0.22899496727036567,0.3449525126077531,0.17918238260368594,0.5855037363473965,0.018870652823301644,-0.01900984257011021,0.03962741886295501,0.025691798992761958,-0.023945300366315717,-0.0044950501025304394,0.025245884645842875,0.0004601946707093879
2016-06-30,PE,0.0863858268135931,0.1748419946461361,0.1851391852453381,0.3711190161722085,274.2876489542923,749.6879265869657,376.9136791337363,-39.78208025370232,-42.54996211613268,-19.56981870854357,-6.84468154828046,-95.19498852206952,-55.42121917173405,-92.01895328471684,-1.240733020664713,-1.8312452597010065,-0.6104594961056345,-0.7752885830556856,-0.1056694376250858,-0.2048467053623141,1.9903056585432528,0.2891721710541285,0.0356542864237023,0.4282827637166392,0.2063568137882616,-127.6489590640732,-503.241211119744,7.317770159472008,0.7306805074971164,0.23241061130334487,0.4982698961937716,0.6056370557102696,0.2657636988901607,0.34220859931374165,0.10404475236352015,0.5779721462798142,-0.014487579664129132,0.018268716260696313,-0.032462153392676184,-0.03220583411533308,0.019888846776759027,-0.006510238517745663,-0.005685886995607527,-0.00038710821963671566
2016-07-31,PE,0.1016142067585009,0.2222114960885062,0.185635994841218,0.3483567131879831,266.0518648627801,707.2901917350382,378.4817041204539,16.235973482485075,23.97469351007187,0.2679844390266134,-6.329581679213921,-3.0486098958250265,-5.821598529985547,0.4151540434561562,-0.2476632308762174,-0.8193866701335123,-0.2829185092708289,-0.5347675741981512,-0.0718121896164318,-0.2360488322707197,1.2659000954433777,0.7806227886689888,0.31614221812735,0.638762700137317,0.3315913955321213,-127.61797540165512,-503.2662412187021,3.54628329342386,0.7286401925391095,0.2364620938628159,0.4921780986762936,0.5914023962632835,0.2884956484840663,0.3690224980996416,0.0856465132974899,0.5329884506016254,-0.017227013865938404,0.015351316754891974,-0.03211310121799369,-0.024466694148047582,0.02018296643606132,0.00412667330852586,-0.0012605951391349048,-0.015092166420449143
2016-08-31,PE,0.059039898958563,0.0568694966712206,0.1838889418438999,0.439062077938976,327.470369674241,1011.941027138175,485.9984488286093,-54.29698867849431,-136.28705026745268,-0.945574082291926,23.141381800556573,20.77063062425568,35.818453781685264,25.00376983343025,0.5507060565728927,-0.1240747536993693,-0.0349359322319354,-0.2880716917249597,-0.2532610857611737,-0.3375873687964834,0.5053054209297665,1.7344772246819236,0.7587541583170424,0.8508487873218197,0.4954938073761959,-127.77241589366524,-503.3424936915404,1.6574916758104037,0.7484496124031008,0.1930232558139535,0.5554263565891473,0.6601188152984269,0.228656957091677,0.43265243686883487,-0.019274174948276795,0.5080561106786035,-0.006491127387951075,-0.014978407967563131,0.009008813887318622,0.004292874450077977,-0.014784697757131099,0.07518079344883938,-0.15261297111696845,-0.020864656261385443
2016-09-30,PE,0.020562401435611,0.1006153348866959,0.1094372677735479,0.2496694170321637,115.40052867691844,473.6100551641989,498.8691739103074,-105.47492337751304,57.05455695454121,-51.89805104046571,-56.45030997453052,-104.2988641385838,-75.92412598828217,2.613845266007343,0.9119957824788576,0.3397987803583424,0.0955965799147569,-0.0504000243156876,-0.6309555276160224,-0.4876758933907331,-0.2982109559868187,2.4892856517737347,1.2801052668308617,0.9854965901381556,0.6966349506108558,-128.0165979393505,-503.4419314677322,0.7421447633520757,0.566158781074579,0.3909382518043304,0.17522052927024856,0.48117414383317025,0.4038829710224379,0.4001200273743913,-0.021621322376173244,0.08197633565293863,-0.1571729809106262,0.1478854110227746,-0.30425150664936923,-0.12264297942603958,0.11530604671782957,0.04748810520492056,-0.04731282192068882,-0.38177847716251634
2016-10-31,PE,0.0592031281802551,0.1507450313061806,0.1368970504348946,0.293938193540388,297.03194455070025,791.9486373114896,747.5844241507783,105.75101462674488,40.42851949276691,22.38776986203125,16.32318082463645,94.54307551092838,51.411222314428,40.45033560503101,0.9359506543255371,0.8472329226349353,0.1363620122489708,0.1589882450085401,-1.0987146618840995,-0.6734185801269502,-1.1338856858213004,2.549636128609489,2.2086221677081905,1.0312782244538865,0.9181101308514434,-128.21538186656835,-503.5460210790957,0.3217804861899801,0.6477073853692684,0.3129156457822891,0.33479173958697933,0.5250137082810749,0.31185281007044735,0.34378604481808817,0.08634111892522048,0.45837554673385994,-0.11682784837253081,0.09445169957328407,-0.2080253624102664,-0.10665406394578192,0.03971436576119533,-0.0066031686856043055,0.007021482760429139,-0.053161447080259924
2016-11-30,PE,0.1037746986617196,0.259246742398295,0.1972043550871232,0.3801218080450584,414.816873261886,969.0150094648396,640.4670265745575,56.124780879261806,54.21904063089984,36.50113398815466,25.712222965807225,33.399746316572426,20.178356358258085,-15.464960164140589,1.0245548189843487,1.6270048034360296,0.1981856412980319,0.354857837571195,-1.4355554124715832,-0.8196278074120484,-1.9247155659842832,2.785854974718861,4.964050832500544,1.1043702094869563,1.1717638842990177,-128.3106979287507,-503.6153877163799,0.1459172547849772,0.7489795918367347,0.21870748299319728,0.5302721088435374,0.6314711934902711,0.25123993070221184,0.3470155044167339,0.15240121886803895,0.5636086319871823,0.03257551895068836,-0.03725634077407969,0.07050416215060072,0.008003798774180632,-0.01869525601467855,-0.0042501503638901865,0.003451524895689201,-0.01188359923742149
2016-12-31,PE,0.1124173487854738,0.180401449122807,0.2090322060201007,0.3647618850877193,349.9697453013125,780.4936897055919,326.26740624428106,7.999608400504286,-36.25956411189906,5.824780933825615,-4.124697776890718,-16.999044484342082,-21.63534464301801,-67.44803295670948,1.3942961388770376,2.512035595811035,0.4447409499721139,0.6031867970878867,-1.4350027217807475,-0.8518037850085743,-2.623323027731199,4.032135510168443,12.205443786444537,1.4452675080578523,1.5737207504498183,-128.31056636132524,-503.6293386645815,0.0725613384137645,0.745537757437071,0.22791762013729977,0.5176201372997712,0.6435669611161255,0.24660566733074876,0.3430700126413035,0.107692858772526,0.5356303008308672,-0.028203082810946894,0.024926404016958573,-0.0528352158558018,-0.021220211545005894,0.00974025519589089,-0.008131363631337237,-0.02169309656637846,-0.03041984248206466
2017-01-31,PE,0.1005898068224501,0.231197902442521,0.1753323919626836,0.3766561188466569,285.3208648220939,808.824253322658,407.606112329948,-11.116734547474984,24.808942384883704,-17.58047808621672,3.2087848510060386,-20.42323202854493,3.5654999070784954,22.25839874522477,1.930434305129999,3.275581081352789,0.8447610040785439,0.9001390573149698,-1.1254580851984082,-0.7503191089380351,-3.039059451000007,6.892503041069436,26.334035961889946,2.212603008746567,2.205731125655457,-128.22417729431692,-503.5837674863928,0.0478799017164589,0.7873510540788268,0.19844179651695693,0.5889092575618698,0.6693017248637927,0.24589191851125883,0.35814826088379026,0.13475773579619912,0.6662451559063232,-0.002555427047313999,0.011917511162048752,-0.013873344452938363,-0.008591576842586855,0.012999736079838283,0.001569365766733992,-0.0028577638590603083,0.03194036408447698
2017-02-28,PE,0.1089280319989585,0.2471366745157937,0.2176674415876927,0.3955882188845754,323.5958223514812,759.1043860370661,304.92229186422287,7.9636478573753955,6.666745743689086,21.62848457081467,4.904119934824134,12.58808867204909,-6.344235510547046,-29.024433376661385,2.574949782459908,3.8731397233991793,1.287297277054828,1.18412806957369,-0.5169204812578174,-0.4667398923462589,-2.918111483895262,13.13065775260116,47.96858881532913,3.5081629013554334,3.013622217952935,-127.95232687015805,-503.4289401588631,0.0540356381750444,0.7742114001106807,0.20199225235196458,0.5722191477587161,0.6495662543898955,0.2538078196939982,0.40348428875573744,0.07173105351014743,0.4629724545481929,-0.004301038266195049,0.004060461270078562,-0.007940049083564205,-0.0035947798030849325,0.002831898652883604,-0.0022052537236380426,-0.02390029172696167,-0.07090904243565306
2017-03-31,PE,0.094411302747157,0.2771470159416807,0.19673021263825,0.4329671553312504,263.62734764752304,787.9226424339365,331.91106304261785,-14.302660879812064,11.4606587151096,-10.113508957825305,9.028805245454585,-20.4958731172877,3.726061658912303,8.481008725559857,3.230398053986484,4.33579713837179,1.7045436888317729,1.4902829411733405,0.2495650030979841,-0.0024814179215824,-2.304177743957286,25.28972164220549,76.26126505011436,5.384057401051264,4.184137098552479,-127.26521408616811,-503.058461668542,0.0998408616632269,0.794587092297016,0.17834836918806385,0.6162387231089521,0.6520294965145299,0.24503174908753256,0.37602928249413586,0.11797605726792573,0.5623792925855206,0.027288357865470306,-0.022756859333072928,0.05076101392654479,0.011966432204413067,-0.007332180393461691,-0.008008558100212405,-0.004480068159094836,0.028733840328349115
2017-04-30,PE,0.0889930777586006,0.2677879404393336,0.2027917204745918,0.427503670942061,251.77100654474395,747.058665691583,297.7898877150997,-5.910220976113886,-3.435270858814643,3.0346133670494835,-1.2698996048078006,-4.601657381108957,-5.325619842739701,-10.847888758609912,3.611031957989014,4.5130181800830425,1.9584329789713248,1.7223078881207026,0.8018776099503528,0.4148925300689313,-1.4771128111316534,37.00421991838366,91.07209182220296,6.973392487097254,5.343217780108605,-126.31895752551958,-502.54177532667495,0.228295871075391,0.8373644703919934,0.13344453711426188,0.7039199332777315,0.6994235753675953,0.19915487814082564,0.3510299721411766,0.16283827016395375,0.6648071497685941,0.02707154511288553,-0.02332026574664131,0.05028334536239264,0.016501178819457774,-0.012664760719534936,-0.001049418262880214,0.023866779885264804,0.062224439433181206
2017-05-31,PE,0.1108984685114735,0.2460229883979109,0.1967288833792395,0.4137790380586046,305.688822240167,847.9446010345696,417.17119244312335,22.00564959118992,-8.477041993816783,-3.035289045423201,-3.263076849134806,19.40476935519032,12.667158757774436,33.71085079480168,3.415434833462601,4.208648522191875,1.89771950879649,1.778430982801558,0.8047845212348349,0.5713942029698145,-0.7275636811073506,30.43017861104392,67.14101077760598,6.555846195971864,5.666345632087037,-126.31246648710022,-502.2852492328052,0.4830845054509839,0.7673649393605292,0.1990077177508269,0.5683572216097023,0.6560206028590206,0.24156553016437984,0.39113522451451105,0.15085795379521758,0.598337156695461,-0.00821071966169251,0.00786264252353381,-0.015321448958004455,-0.010836224212766131,0.007892458584597244,0.009729107843847644,-0.0244587043938295,-0.005599046029621517
2017-06-30,PE,0.0739603104876598,0.226137188464724,0.1823544480756363,0.3755796287930125,246.9017463537424,718.421162865797,343.2218149981689,-40.50864800674083,-8.428313662837224,-7.587424434375521,-9.68615974246416,-21.357719430606515,-16.57593298029807,-19.511974188154213,2.7666932628411147,3.5351727294964386,1.614587604951695,1.698175820470932,0.5803547119262283,0.6317365801529651,0.0707667718260104,15.905950155544058,34.17637933736153,4.910996379771157,5.209756995967224,-126.7620090049874,-502.17510929345696,1.0733308656760787,0.7684887459807074,0.1832797427652733,0.585209003215434,0.6798058236389154,0.2116092070814378,0.3811997314542569,0.11525974527343665,0.61153009526248,-0.016183671890008293,0.00812491027952921,-0.02446014125131567,0.016875079050499137,-0.009333616494581363,-0.0029482305109419385,-0.01690520394069976,0.02340169100856256
2017-07-31,PE,0.115821581537682,0.2762206247325631,0.2090268256065409,0.408585115227092,234.63794699359408,664.9757398409014,194.2844161079484,44.85223122804351,20.00580676582612,13.651028588931624,8.422974358215015,-5.094679441799641,-7.730541633808782,-56.90537812530744,1.9394856732291232,2.750675046951765,1.2633015894712083,1.5347317743922129,0.4699266282148787,0.7273914506252953,0.9609740723478007,6.955172818969683,15.528635310921324,3.4222617223079403,4.385866739450133,-126.94880427414915,-501.9863086155012,2.614241694152048,0.784394250513347,0.1806981519507187,0.6036960985626283,0.6574316693324542,0.22833000448794397,0.3588839870997015,0.12170162103171699,0.6089199055625509,0.0035849164082115735,-0.006409234364664706,0.009917669444960435,0.010189131939677683,-0.013240707821848708,-0.03414429891081302,0.001415911461554259,0.025535961734512246
2017-08-31,PE,0.0973687071983958,0.2733314273805464,0.200821846709718,0.412676022128756,282.9925607098628,775.7756937581086,385.89001551424815,-17.354603914300263,-1.051483280030649,-4.004441565814865,0.9962582062570692,18.73769350236196,15.411286541536958,68.62292471074062,1.3024086816620055,2.323622197902913,0.9065543763083992,1.291708175874653,0.4480744095780321,0.7783875351274236,1.8594592599287163,3.678145487932388,10.088039797794126,2.3609587281207807,3.384783262026494,-126.98338591297004,-501.8780257742562,6.420264138529943,0.7851132686084142,0.19029126213592232,0.594822006472492,0.6764670811828624,0.22987853741592768,0.3307320273657093,0.1475247013314792,0.573253671641509,0.011882122307295953,-0.00305754093222794,0.015073258857321685,0.015019792410519405,-0.006475875890368171,-0.0667523197600925,-0.004876269322321271,0.03463785013758135
2017-09-30,PE,0.100125983735789,0.2528362381058578,0.2012701872110202,0.403374840172465,237.82440733118085,673.8318008575335,354.4115309447773,2.7924352720855605,-7.794307963063593,0.2230040136499244,-2.279658092128696,-17.38879930015083,-14.088289781872367,-8.509364023502277,1.256434462327464,2.1500302548445034,0.6722802927975352,1.0667933026912475,0.6581525892644975,0.8672217048407478,2.73364627394349,3.5128738470759284,8.460558485540115,1.8438801434438796,2.65183169857256,-126.6174597993508,-501.6756948124723,15.3888969780961,0.74573055028463,0.21916508538899432,0.5265654648956357,0.6218409174673287,0.26467661089215255,0.3916093004900772,0.06885339348167138,0.4819348126805997,-0.020658591888484026,0.01726131335698468,-0.03819922446678993,-0.016661241230414264,0.011053968541510941,0.0015123403475772405,0.002344073767211949,-0.02247373247544744
2017-10-31,PE,0.0797514198436957,0.1953174793114862,0.2133224095678632,0.4336729973518702,265.18043775517106,738.8702705081006,363.8470173232438,-22.751468522762668,-25.811566525667896,5.8156460832807495,7.242453363576288,10.887787441831543,9.21418320428423,2.627474248695348,1.5304638128135295,1.969497985545048,0.5799254046748953,0.8853463498595765,1.1678725760467756,1.1337384675816125,3.5441710292562867,4.6203192886983855,7.042517959395302,1.6710867105003406,2.1696097020468117,-125.33353569693772,-500.9487321555517,34.61098195531842,0.8163793103448276,0.1560344827586207,0.6603448275862069,0.6564949799128327,0.2324879771204874,0.40251350636907407,0.0956542361986661,0.5708620897531,0.010968247006739453,-0.02234462610424122,0.0336707463774561,-0.004111169663905036,-0.003763550362467937,0.004646241205130351,-0.03471030098220709,0.029838729776394006
2017-11-30,PE,0.1182026972987317,0.2963333461515454,0.2185275168443679,0.4378715606600524,478.0557774965282,1133.2887260359776,790.2891136396106,39.348637930867895,41.68586564212909,2.410726059703136,0.963483908875245,58.93169235368392,42.77567035938979,77.56653479295579,1.729084754121994,1.6898875229354142,0.4175751661935682,0.6512818666418558,1.9205564870108367,1.759849448160839,4.315983635199541,5.635493684986207,5.294311523006991,1.403457027499927,1.6637838362798707,-121.723925776817,-498.24442093966144,74.88724896175678,0.8235827664399092,0.1510204081632653,0.6725623582766439,0.6800606507854431,0.21293041129763368,0.3923000085095239,0.24789373716003033,0.6946471354494103,0.02973867499538088,-0.025907463671544066,0.05516031198900671,0.021787101016131703,-0.021887655974723138,-0.007083029217353625,0.038075695916970055,0.05075405292029361
2017-12-31,PE,0.1138974745264531,0.2910087425677163,0.2211467832515611,0.4662346766497834,327.4220390804529,920.130873228215,396.32769278795854,-3.71022270170239,-1.8131680193618889,1.1914716837323387,6.276347845277846,-37.84774368791323,-20.83631483465781,-69.0157469044436,1.7156006546035527,1.3030898839165792,0.0470398042223203,0.3016051967410309,2.296760599647159,2.224092872033927,5.111013114699919,5.5600141576743285,3.556092253399323,0.9333452344900548,1.0978133014392295,-118.60675671594302,-494.8108908098137,165.83828299645435,0.8382066276803118,0.14619883040935672,0.6920077972709551,0.71484240368759,0.1971574624226676,0.4013013870610653,0.23846449774891998,0.5635308170126797,0.049697468497327986,-0.03678511155547193,0.08581719641609269,0.040399726333371994,-0.023896094615755866,-0.0028283405788442264,0.04696896565463323,0.013844298317176531
2018-01-31,PE,0.1282129482116047,0.286859649122807,0.2203181875457732,0.435042241984271,335.7041381519157,875.2301076663846,532.4905287036736,11.83938419960931,-1.4360241208197395,-0.3753850174325612,-6.924597093983318,2.498025271659017,-5.002908146040512,29.532373485382923,1.5050990097352113,0.8516447561072842,-0.4123026478333084,-0.0972561970214105,2.1144968001456554,2.2448536182271104,5.760811758130215,4.504599607424445,2.2189385176203387,0.5473053602736093,0.6531094876820631,-120.26326558014648,-494.6169495739606,317.60604359079844,0.7898089171974523,0.17197452229299362,0.6178343949044587,0.6771292808412271,0.22263978022909992,0.4125608597226337,0.20951643849694196,0.6080487211853242,-0.002630243470117177,-0.007434912429938248,0.004357150790884338,0.001609374594374085,-0.006253358239253671,0.0012214985113487681,0.019007070558314826,-0.0017352634210994755
2018-02-28,PE,0.0920937150200017,0.2527929522902278,0.1913348120973024,0.4125910486623799,242.8646035190472,741.2371388498888,355.7967737491725,-33.08858393693448,-12.642228541473177,-14.104797213083156,-5.298622893504206,-32.37261299548449,-16.616623243722405,-40.32054033592806,1.0513415229059389,0.3564439624646501,-0.907077752151467,-0.4574475050301811,1.3584219212259347,1.8072559957970689,6.01968523949052,2.861487295079572,1.3036818440201712,0.2888837248396194,0.3786830169789798,-124.65863142653934,-497.9622800045377,411.4490674244503,0.724429416737109,0.24429416737109044,0.4801352493660186,0.6099169317450664,0.28010047604446003,0.4599829586961431,0.17144559984319774,0.4988532773761623,-0.048888994827559026,0.047804861879786976,-0.0973035697892887,-0.0345069484878464,0.0315053466386654,0.009887131651728574,0.020609725663154083,-0.00496230666612546
2018-03-31,PE,0.1126109686875071,0.3144054914944628,0.2126849993934409,0.4632912585150511,313.4453395909851,910.6233789695202,466.2669693257741,20.113242370898952,21.811274370264947,10.578735865258222,11.589901892414042,25.512088860997174,20.580879728101035,27.039865803836797,0.4776578947412284,-0.0881097121855477,-1.3394350099161865,-0.7310778634274834,0.2780856499160234,1.0587769718234237,5.757853282862303,1.612293814831908,0.7911007629844912,0.1471751554854201,0.2271758027645569,-127.22808177565838,-501.1731402927388,316.6678025317155,0.7506793478260869,0.2139945652173913,0.5366847826086956,0.6246648753870471,0.26387983455195196,0.44651047658007514,0.18270147160978809,0.5213811957737389,-0.014077815441574104,0.012167204054907364,-0.026286994275734894,-0.009397735723827533,0.010043796031775513,0.01688921236866982,0.004704084622462471,0.029778377350242538
2018-04-30,PE,0.1573092114265969,0.3773612343841609,0.2627008219573269,0.506280059080864,551.889712779416,1240.9954963768228,606.753497177892,33.427424414275954,18.251938308764416,21.120363056297816,8.873406824734365,56.572324112616165,30.95397593521565,26.3364242744802,0.0321438734466172,-0.3486029113792156,-1.595356288664719,-0.874304636953482,-0.7379506442621203,0.2492258629512714,5.0761101524692736,1.0326660678441453,0.581113640352692,0.0880177522697124,0.1629379558407321,-128.07058838299122,-502.7729515371004,160.14988411776108,0.8689818468823993,0.10773480662983426,0.7612470402525651,0.7158967924788344,0.1821213762778289,0.3667296605639496,0.24209628375551276,0.6789919095101576,0.0834457914967865,-0.07476872639690653,0.15713724463764756,0.05800321823105101,-0.04443813115747583,-0.04366364339386713,0.05475782066680072,0.16991690365847434
2018-05-31,PE,0.1167581087563087,0.3428608574081925,0.2141635307185035,0.4584908475157975,367.8209151770648,990.5163906511192,674.8684102493829,-29.81090198066475,-9.587820874633488,-20.427594013415117,-9.9149662920593,-40.57520544468656,-22.54427423130419,10.639511571173571,-0.2010933540314065,-0.293356370191441,-1.604882598249832,-0.854459523653085,-1.4684016663135318,-0.4516393844424325,4.136354088072957,0.8178360796949687,0.621196678887987,0.0860946459786808,0.1712990736269995,-128.31838780055946,-503.4193996364722,62.57426479532062,0.7860564129856307,0.1873336881319851,0.5987227248536455,0.6578508892736956,0.24128294540458906,0.4056476835881983,0.23961716337867922,0.5553697700011074,0.029966230700743474,-0.025401166992697632,0.05499539894428389,0.017422567666605514,-0.01208495867868779,-0.02576616826642275,0.023676909861937753,0.05468057381795177
2018-06-30,PE,0.1103792357489465,0.2811760949059395,0.1631353325434527,0.389084577256394,238.62497938877877,816.2291143108212,579.7268782288618,-5.618231398349991,-19.83435560094535,-27.21597681010148,-16.41435874610793,-43.27029805079853,-19.35313209622216,-15.196063106203356,-0.2006526191061215,0.0181205615215505,-1.4057737490891578,-0.6688288022031911,-1.9089723958096405,-0.9709745514207886,3.0650534088571746,0.8181966080613338,0.8937260859444446,0.1303587822452702,0.2580942057512111,-128.40044844441073,-503.6772695446442,21.435606807872027,0.6264855687606112,0.34125636672325976,0.28522920203735147,0.5393503869298147,0.3567733735393735,0.44700284713689453,0.17396227961028277,0.35410687088386367,-0.1461398181602783,0.15131131686476332,-0.298155861372222,-0.10151083986079629,0.11966388382830294,0.010707477160084187,-0.0030145766369425947,-0.13514917454089226
2018-07-31,PE,0.1362587268949287,0.3000223558897242,0.2290819084582385,0.4319255012531328,497.18133968886514,1094.5919308053822,874.1618132998603,21.06334479280017,6.487584619235569,33.94995011258127,10.445638033123284,73.4061632466575,29.34418139670198,41.07084065673806,-0.0910864059164632,0.37605607746854,-1.080293727052133,-0.3702195113981731,-2.0613770718269597,-1.2561785744615706,2.1031988313906638,0.9129388241753972,1.331969160806678,0.2246772967988506,0.4363686881313379,-128.42140249982762,-503.77124326377,8.192333938068174,0.7620534165799514,0.21123829344432882,0.5508151231356226,0.6364338827536525,0.2553177101930401,0.40936170989081105,0.13293875219458606,0.42696487038501785,0.0051614275615776365,-0.0025593453868663486,0.00721992606441332,0.013280332127044827,-0.0050570013748015424,-0.022882891386391796,-0.02277674957811182,-0.03266729503693367
2018-08-31,PE,0.1044410716770006,0.2716528249758254,0.1746099898907477,0.3882517647465119,256.80075625178785,776.5796879018496,622.2158636737787,-26.593247714501416,-9.933211924669084,-27.152476082149057,-10.659911516433764,-66.06543114203522,-34.32376450678753,-33.99784193553037,-0.0164941933904563,0.5785678655827691,-0.6836006969659348,-0.0023926178565367,-1.9550461181667755,-1.2822073860622532,1.3164356215784168,0.9836410909938365,1.658922765236482,0.3899776032080762,0.7433962070844078,-128.40712312909247,-503.7785590851239,3.7301021583505896,0.6618181818181819,0.3054545454545455,0.3563636363636364,0.5660981926276828,0.3229132251928659,0.4410632567860986,0.1271754353840561,0.3190149536643139,-0.08147870332961785,0.0711036541892167,-0.1526207720909491,-0.04951643729912499,0.04909121280450301,0.0012004322760001047,-0.02691473634979801,-0.07804597110172776
2018-09-30,PE,0.0829195975129524,0.1906076257602705,0.1273738852433872,0.2962755286213029,172.57388920718407,639.6030032545216,1004.7245831142347,-23.07515713163843,-35.43078726103037,-31.54281179025461,-27.03641461074308,-39.74750287284914,-19.405158532569803,47.91816560439346,-0.0842941816184479,0.6353238618739732,-0.3589558106779549,0.3063469369632821,-1.792212217881198,-1.184002261264994,0.8687722258747366,0.9191608161013428,1.7630737258351632,0.5835867176211701,1.1042394874541943,-128.382089851606,-503.7499319402546,2.383982064452641,0.5438124519600307,0.4265949269792467,0.11721752498078397,0.47048815197868277,0.42297525206605097,0.48290050584463545,0.07453368013610871,0.12326014661935476,-0.20714610514730578,0.20366278480390956,-0.4115615463777986,-0.14894105999906743,0.15781991222616182,0.05429172542066442,-0.03673786408449041,-0.26537708228211765
2018-10-31,PE,0.1068711059400525,0.2386623164868237,0.1643996900004759,0.3454880413638699,243.5149419631464,727.7151709163703,761.4821636802843,25.37520573087141,22.4832651460736,25.51738572431216,15.36681687603332,34.43528159496424,12.906204642901312,-27.720198683501472,-0.1643166527666661,0.6655518565175279,-0.1308436880476314,0.5310884599889434,-1.4059882301822235,-0.7881140883170247,0.690420714364136,0.8484733079175477,1.8210042481290007,0.7625364096298975,1.446568500138832,-128.30355638014785,-503.6012818127148,1.9945544944750648,0.6402349486049926,0.3245227606461087,0.31571218795888395,0.5427033858315867,0.3480728603656733,0.44234300904105944,0.11903745999173791,0.2680860370281512,-0.14976231245911903,0.13026085530170878,-0.28099511650729014,-0.09094855646077118,0.10136718671054647,0.005555574878260594,-0.03871648000743471,-0.1889938904239742
2018-11-30,PE,0.0981655249149719,0.2822870870392213,0.1855492349860205,0.4328393530768167,298.45516030645035,911.5007849382398,732.6147466769771,-8.496840733591938,16.78749411179617,12.101966756640786,22.54086200427392,20.34414008818477,22.5182732370685,-3.8646770071686194,-0.1551995226025143,0.757292144637293,0.1223386357320573,0.7600304698628257,-0.0628258695133628,0.6478348641635177,0.4440949899097113,0.8562443203440666,2.0079342610066817,1.0153182465703434,1.8841273393848328,-127.609574090634,-502.144585417264,1.559078575321393,0.7231833910034602,0.2508650519031142,0.472318339100346,0.5944881504020227,0.29307116814346545,0.4507393316503063,0.17650429876919693,0.48427062554599853,-0.052240911039782664,0.051751707046220854,-0.10465984365205469,-0.03285132835254249,0.027319983282744993,0.01584040666740069,-0.04428583120876687,-0.05899904921925028
2018-12-31,PE,0.1061946092773076,0.3157721175305576,0.1927191526178386,0.4276639087187218,248.79107550118292,762.5221484668044,426.8409397361395,7.861826381024003,11.209621414622957,3.79136967919568,-1.2029023000458094,-18.200621477060427,-17.846090003907783,-54.0208542018214,-0.0627264702544061,0.8820974779326438,0.4125714726655072,0.9836389310918378,1.2835995083150673,2.017810035449479,0.0737493576897714,0.9392003377870026,2.29140217320878,1.395879016925755,2.4199556420453545,-124.93907188923448,-496.5341489939997,1.0765369459713403,0.7411764705882353,0.22509803921568627,0.516078431372549,0.6240571069826975,0.25998899699389644,0.44190593544043544,0.19282792606259577,0.39412926761825684,-0.005712420739727607,0.0009347283680718075,-0.007332054624370405,-0.00492720588405679,0.004036247036943838,-0.0032403051942931096,0.009132929508466966,-0.019043057129418763
2019-01-31,PE,0.1093601841236067,0.2659039145867245,0.1831465616536956,0.4248483778712244,284.75998090113137,873.6439080461478,554.1332011078562,2.937352864219006,-17.18857862134501,-5.094724567778658,-0.660527977957378,13.503316311603603,13.604130954014718,26.09936557019945,0.0350782608708204,1.037065212250203,0.6692112350933579,1.176945889153571,1.986049343691628,2.6491371336477414,-0.3527546655441587,1.0357007604714186,2.696366385876669,1.83787799947143,2.990236110549976,-121.2619914603722,-489.9141524575157,0.7027495809161021,0.7236519607843137,0.2506127450980392,0.4730392156862745,0.6119350584870998,0.28349846502561715,0.44927576925122686,0.18659308359172816,0.4800942111769491,-0.025806084034244635,0.03141044089174129,-0.057883075643889594,-0.017457840011803477,0.020561503904221415,0.0019287725100989208,0.00722055640892348,-0.004385191730953093
2019-02-28,PE,0.1134156391933723,0.2929103471389715,0.2031181743345306,0.4453576794668523,287.8756889947831,850.0020150675277,510.6353420526454,3.6412417481823343,9.673155956738684,10.350123358423645,4.714538607455598,1.08820983541602,-2.7434144620200733,-8.174937393707243,0.1497652484236259,1.166613881564334,0.8839477830976638,1.2943146827124472,2.010467994791059,2.4719082016564,-0.7315549175168846,1.161561532319169,3.0865413912601656,2.30561773209921,3.3942807055628577,-121.08187011884912,-492.2109553246391,0.481160243630318,0.7756497948016415,0.1880984952120383,0.5875512995896033,0.6323852283380372,0.2555215818383546,0.4263913283848338,0.1635539280521588,0.5059371783212456,0.04745581391965237,-0.04950677822744336,0.09650288162870352,0.033709732516512936,-0.02536868034589472,-0.045183718286886825,0.01002418464142845,0.07641637363170137
2019-03-31,PE,0.1144083264561209,0.3248607501590764,0.2162372037311343,0.4760797734296882,332.0042852386538,959.4043409682524,559.6168630714709,0.8714566461609827,10.353004973104472,6.258802132028099,6.670769803276258,14.26191246587559,12.10738935783438,9.159665736628783,0.1521341050033131,1.122013470786532,0.9769135994382044,1.2337667854899157,1.5094733586145708,1.6788368425829991,-0.9460379047073996,1.1643163666131613,2.946471765303684,2.541426845169799,3.179926840834084,-124.02433361906893,-498.6966647136773,0.3882763678248256,0.7642375995101041,0.19902020820575628,0.5652173913043478,0.6339716804002806,0.24756420000221874,0.44265631851883425,0.21346034606593758,0.4757183898546223,0.04518147273905977,-0.04766414115015674,0.09322148665921653,0.042652158046406485,-0.043381507408204595,-0.013091545435070868,0.03920262294845077,0.06724632064264176
2019-04-30,PE,0.1121530963424911,0.3035068341094021,0.1955882114008129,0.4583671852217675,286.64669460589755,913.6575282075704,581.6524083399718,-1.9908990480503173,-6.799250156038901,-10.03644836910495,-3.7914854057598273,-14.689744800558142,-4.885680810471784,3.8620656296079705,-0.0192036432118109,0.8396179614561521,0.8667751090016961,0.977295939204784,0.7100263314764994,0.6244641110673675,-0.916433523079288,0.980979572069763,2.190922555210808,2.264407229609362,2.403047087581475,-126.51463625989808,-502.1887382734821,0.3999428875956184,0.7089319175515303,0.2598376014990631,0.4490943160524672,0.5953490524360797,0.2798117356811726,0.44762780554465215,0.16878372225348864,0.3621366085377564,-0.03446637157907308,0.03558552043663914,-0.07053777952735402,-0.017925077431692846,0.016356982150693443,0.004667462436160449,-0.011546024710518018,-0.08745775611222904
2019-05-31,PE,0.1224335939892873,0.3442826941465037,0.2155132395072559,0.4951264166043069,362.90659982761485,1083.5234477912563,683.451794511864,8.77039235936317,12.605897729764248,9.701085701276693,7.714253967154976,23.589507223401043,17.05176559050517,16.128309347645114,-0.2174669470929384,0.2950103847881167,0.5489792974686873,0.545094291535028,-0.0075681938489498,-0.2472921383584422,-0.4636509932451712,0.8045541973354576,1.218580657718543,1.6166662895968158,1.4705569709273083,-127.55622070442432,-503.27507080109154,0.62898303549275,0.7347052280311457,0.23081201334816462,0.5038932146829811,0.6146633379262104,0.27382467507100605,0.46416137547003744,0.24277544851282803,0.48921095732819797,0.019134945310843598,-0.019906893252775948,0.039461143103313806,0.01637821321576931,-0.017452315144718632,0.010285992886545752,0.03404642505689047,0.050917397164030466
2019-06-30,PE,0.1134916385359212,0.3565741069541323,0.2122229627709193,0.504668312196153,366.070568835348,1143.627370048358,795.3494559286827,-7.5839628196866045,3.5078986693415053,-1.538491069039427,1.9088288908058253,0.8680625434289121,5.398693186956198,15.162545901700616,-0.5064725712163018,-0.5248387250934906,0.0509191891528221,-0.0933423379646243,-0.5525746102707225,-0.8552501027428207,0.3645556386658183,0.6026175245073762,0.4670911259735628,0.9374193625132518,0.6566675824678483,-127.97321477722004,-503.6308064869033,1.4398740416213691,0.7967434025828186,0.16732172936552497,0.6294216732172937,0.6277117379546241,0.24703160222987908,0.4571422147935794,0.2877148180145909,0.5959743839712283,0.0374696601111061,-0.034447036407546594,0.07181194803579101,0.012474004985830962,-0.01370298422637051,-0.0039216329883428845,0.09254290072158762,0.11028187925688349
2019-07-31,PE,0.112609332579711,0.321556504468719,0.2108500538327071,0.4770091294273419,342.4388413379454,990.6000061016604,720.1058767759497,-0.7804570059002903,-10.336881103643693,-0.6490197689494899,-5.636577598456498,-6.673304952033182,-14.364956708377374,-9.938333300200048,-0.9425091894370056,-1.5845398255828025,-0.705927904095943,-0.9658041185147276,-1.352170949486865,-1.5111900157205722,1.3870974525515551,0.3896489047949687,0.0804824774284956,0.3788318064343074,0.1264629321470217,-128.29000300364729,-503.8353360788227,4.003213655983728,0.7516301126259632,0.21398933017190278,0.5376407824540604,0.6022579077125826,0.27780832685146506,0.45779238440301695,0.1870533782062619,0.4970573933477572,0.03332831720437947,-0.033050170548792876,0.06657882926875847,0.01239752246810099,-0.014278563329437537,0.0076355409844795115,0.02235466250862355,0.07226930541099395
2019-08-31,PE,0.1125544803509591,0.3131339423509464,0.2046590235792765,0.4465238312744385,315.5023080711021,887.306430723428,624.3692895428746,-0.0487220651694386,-2.6542251021749554,-2.9801940798822044,-6.604285755864458,-8.192707876862148,-11.01204349798724,-14.265624879314268,-1.3872731752040073,-2.704627894949688,-1.577885200856032,-1.9230732883595527,-2.545061541299188,-2.4607002802253373,2.4639340878582856,0.2497554161995326,-0.0576644378609145,0.0915926599887023,-0.1080569467774345,-128.47021285444723,-503.9706081832889,11.750949993802069,0.7328809376927823,0.23935842072794572,0.49352251696483657,0.5870032381271526,0.29869407875665027,0.43816214642749,0.17537448791839735,0.4262085197655626,0.02124023196868957,-0.0187589837174035,0.04063876524030855,0.007854688762712917,-0.007834933243216498,-0.008000668974622075,0.03479803368652984,0.06942630720798827
2019-09-30,PE,0.1286073894274242,0.3270776318317407,0.2209119082246721,0.4775158218312351,361.1315562830731,1006.905059517984,691.0874345167124,13.332689649811533,4.356651909657047,7.641872202878032,6.71045216897236,13.50763162318417,12.644621642166214,10.15243455885695,-1.7242362994349014,-3.5845291256824168,-2.3217664149695274,-2.7258085015755698,-3.562765918107348,-3.2366063180796294,3.308923710882536,0.1783091746051486,-0.0968099179327781,-0.016718348202289,-0.188720805160687,-128.52032080330645,-504.016686296109,27.35566701512935,0.7666666666666667,0.2111111111111111,0.5555555555555556,0.6339058962584074,0.25877432782380355,0.43211646325297565,0.1643244409193605,0.4221664044608257,0.05036746466918,-0.040351368837345684,0.0906046660259717,0.04184889611565507,-0.03436721325142225,-0.019348603604499637,0.03650690424282502,0.04251409952722233
2019-10-31,PE,0.1109658082736647,0.3352761432056472,0.1931705936777173,0.4618815646735181,282.9657194110279,916.466938578058,567.4120435405605,-14.754215041846225,2.475695141217673,-13.419031317857185,-3.328878939990702,-24.39165563012969,-9.411061469097923,-19.718060108465995,-2.0574969124083,-4.258664067868798,-2.962430537197745,-3.3855937026228755,-5.750421783595252,-5.317687745945531,3.92303686220955,0.1277733979568066,-0.1104184676673329,-0.0631253727979168,-0.2203565000177006,-128.54549963860816,-504.0510792466884,50.55373662946021,0.7514005602240896,0.2184873949579832,0.5329131652661064,0.6220356123518663,0.26014781387829994,0.4511225106839406,0.20290002979233449,0.5028362232017262,0.017892342180282267,-0.01843338035665261,0.03441086522362671,0.0296188407764709,-0.020949583864754467,-0.005796261816192637,0.03324608984175395,0.07778168550079495
2019-11-30,PE,0.100761884321814,0.3225226004571869,0.2015957750489311,0.4702235327329312,291.38964949261697,907.8240228711368,523.0075994300936,-9.646196789025742,-3.8781287628881898,4.269087532231651,1.789967850392303,2.933561571816654,-0.9475440656940384,-8.148975356919909,-2.4958433926509715,-4.9049476460737065,-3.5569456704583766,-4.0153027124454,-11.357620876293296,-11.241238600963989,4.441271148110383,0.0824269038229866,-0.1171498181163007,-0.0862926760577068,-0.2361765415372652,-128.5486693971063,-504.05597020503245,84.88277170019218,0.7840655249441548,0.18019359642591215,0.6038719285182427,0.6578615009867914,0.2299850243389917,0.4503221237844199,0.2046479732455915,0.5557032985038148,0.07907521134653389,-0.07980185391668462,0.15912897410603524,0.08343981788624172,-0.08879967216749389,-0.004316784065862338,0.023444574468676968,0.09632495653687846
2019-12-31,PE,0.0970950104615355,0.2439234895218094,0.178417581759619,0.3606752985956162,243.5929575373656,697.574356950639,496.43820387848007,-3.7070163988467866,-27.93186041303714,-12.213781112488832,-26.52300794894721,-17.91627477282999,-26.34414394467981,-5.213698216687408,-2.8750864547739865,-5.307027464792081,-3.917591857560066,-4.414962245166049,-16.919095718511006,-17.279002232767663,4.751043114729958,0.0564112622700204,-0.1196030104989672,-0.0949295625977599,-0.2421190243261387,-128.54868103235503,-504.0559832954727,115.7049151017562,0.620203602192639,0.3328112764291308,0.28739232576350826,0.5345731536057736,0.33708611996545396,0.48717737423778645,0.09611707539989636,0.2917729623631552,-0.03035378971107946,0.02410893808053939,-0.05413662567442942,-0.019272091507768145,0.008145392622211306,0.015856370031007323,-0.02829389926672616,0.0011459911982293833
2020-01-31,PE,0.0830515605839315,0.2486288954215957,0.1804208629300316,0.3849171979410167,270.07201247534783,754.594945127945,673.8408262291915,-15.622836163195323,1.9106796323951736,1.1165481358529972,6.505013716229545,10.319001083577,7.8571995803225585,30.55349079052128,-3.095225095707438,-5.342981742123029,-3.9775728831315886,-4.507690850586457,-20.25553125972553,-21.00802162954005,4.774444623957044,0.0452648223962087,-0.1197780571638677,-0.096087448451087,-0.2431901484786289,-128.54868107564664,-504.0559833260407,118.44451510456852,0.6755386565272496,0.2693282636248416,0.40621039290240807,0.5790247158904316,0.2985676728781839,0.4707375972514399,0.09523483440125709,0.33238923134375215,0.03597175712136843,-0.05134148472824943,0.08746147317747219,0.034171857932338706,-0.046889144884182166,0.001232249248297632,-0.011750975925756852,0.029699478214277323
2020-02-29,PE,0.1010231022294555,0.1934093406923752,0.1466350882998018,0.3573928561980688,211.9222090121255,732.9393699629314,803.8025346405409,19.588759885153276,-25.115252578624204,-20.734514109719413,-7.419262660208563,-24.24693675969649,-2.9118125219378164,17.635971517575825,-3.17103894053676,-5.083848698360631,-3.833735345749042,-4.334417224737456,-20.995001179450338,-21.893598993382987,4.5845481143086815,0.0419599813243332,-0.1183636326534027,-0.0931898211253527,-0.2411045233413175,-128.54868107648096,-504.05598332648265,97.95891090878716,0.5971357409713575,0.350560398505604,0.24657534246575347,0.5025367306392138,0.3624891321101443,0.47755326292108974,0.05605202306958991,0.2326794652153972,-0.01175914860734156,0.0016397487147166503,-0.01298304428773257,-0.00912983702174262,-0.004999832340007551,-0.004390637229260868,-0.028205583333426185,-0.0020591338624663877
2020-03-31,PE,0.0825227813837175,0.1528282881760614,0.1463891563708677,0.280719715561092,194.08240939386167,561.5241819095123,905.9704712697722,-20.227483242450067,-23.54938874848799,-0.1678577736500092,-24.14788962449975,-8.793640915619912,-26.640814366921692,11.965307776184126,-3.1034699787254976,-4.64457841317814,-3.574242735039283,-3.9831342605874847,-19.526317612864087,-20.293562946051477,4.368309169446074,0.0448931535193671,-0.1149460673579715,-0.0867818461921155,-0.2355868697287025,-128.548681073933,-504.0559833252561,78.91009523757259,0.5207296849087893,0.4499723604201216,0.07075732448866773,0.4536594355448251,0.4332046564349224,0.4791196099996083,0.01988504527127033,0.024000821333259856,-0.0640769824745854,0.07713576586869328,-0.1401168965718813,-0.0413545150953677,0.04695902583371826,0.004427053715092762,-0.06739346854116907,-0.15812020736366675
2020-04-30,PE,0.0729294924975094,0.1432179251429812,0.1237607636872703,0.2606182074857018,154.85038831443674,531.229102573735,1171.302357866262,-12.358127499578217,-6.494756936767127,-16.791815332160805,-7.43001882182432,-22.5823445458028,-5.546145674226046,25.686482201304315,-2.9502089897820194,-4.050908025401282,-3.212523503949146,-3.509933232929296,-16.38793344329805,-16.819337620885715,4.203534608131534,0.0523287686276292,-0.107153087261748,-0.074563593513431,-0.2243151244547536,-128.54868100089266,-504.055983277196,66.92245815145013,0.5257289879931389,0.4446826758147513,0.08104631217838765,0.4551472811617027,0.4346348882373662,0.47105698799733786,0.03181347109565508,0.08609231386910188,-0.07543904828331031,0.0850363388108277,-0.16008822120814753,-0.05030687300268563,0.06550925779717523,0.003427304959982086,-0.047543875822566715,-0.1152035914724669
2020-05-31,PE,0.097272102107083,0.1721393211289092,0.1144255994725444,0.2518271548436308,141.4416077532115,495.4265375566224,1464.8952196599698,28.801910949016683,18.39367332263921,-7.842555143167863,-3.431357110723317,-9.05724482391049,-6.9774299574314576,22.36674613695067,-2.694121804673414,-3.304232061014968,-2.79040104442198,-2.9654052056747178,-12.225264295062264,-12.199123820717029,4.009136195903416,0.0676017232311263,-0.0878322437068424,-0.0534219088828913,-0.202674454205007,-128.54867617228632,-504.0559782919278,55.09925503896059,0.4818634423897582,0.4900426742532006,-0.008179231863442382,0.43753491873131894,0.46024685298674906,0.47084896556967615,0.05079787158885857,-0.01663796279572635,-0.0605622475716132,0.07168408254539306,-0.13130069944132272,-0.03360398765431154,0.04229865962253161,-0.009906896353313311,-0.03922741030070284,-0.12644648346580592
2020-06-30,PE,0.0886737461352458,0.1939927972709551,0.1422976156200999,0.3171537573099415,213.2364012057585,711.244904105879,1139.8788364097545,-9.254836714355116,11.951687540617709,21.79959234219773,23.06437364153709,41.051444922238815,36.15977371542969,-25.08617445879949,-2.256820737374201,-2.380143393860197,-2.288040158375329,-2.320057891787543,-7.6158578600942,-7.111914184855802,3.744179987968953,0.1046827702825224,-0.0320223418455786,-0.0133533724120824,-0.1559461385522199,-128.54818849930498,-504.0551679939932,42.274327544715,0.5638575152041703,0.40139009556907035,0.16246741963509992,0.47623191623689387,0.41043829477046634,0.4938204159433806,0.08893728787672275,0.1537723928594422,-0.04854071039615805,0.0516172017004802,-0.09980456145611924,-0.025691549868586037,0.03328592358359145,0.014264493281394584,-0.006729822418980503,-0.07019926281825387
2020-07-31,PE,0.0846053795803537,0.1809027559960688,0.1262140629659255,0.2665651276582397,165.62092649160132,539.0805158896744,1239.4667809785622,-4.69660075460717,-6.986140370488633,-11.99413710875075,-17.376809991016774,-25.26998134102295,-27.715188083095946,8.375929888718344,-1.6376863851597283,-1.2926115857844442,-1.6584031758166624,-1.5474486991950336,-3.4328085651258395,-2.622723742810386,3.352214050653203,0.1944293569655775,0.1499931786120153,0.0756243460635325,-0.0414238614712238,-128.51638496968727,-503.98337849043065,28.565910051885496,0.513129102844639,0.45295404814004375,0.06017505470459522,0.4428721373439016,0.4437650526378896,0.482939304534247,0.07406867023616649,0.0419696658094343,-0.04573445002246285,0.04569383982898571,-0.09097910744943863,-0.029435364901425082,0.03127762263443236,0.007792155935323819,0.012225773988918073,-0.08123187090259167
2020-08-31,PE,0.0421523752465672,0.0781355124068098,0.0851468772558143,0.1587162901969511,0.0010000000000047,0.0009999999999763,1624.5353378999775,-69.67068179189133,-83.95149693883899,-39.36016448730143,-51.8500325198117,-1201.7456880647703,-1319.7620218887946,27.054055718970226,-1.0000907127686558,-0.1615141973748577,-0.9455217929364994,-0.6904856185189516,-1.0024173542524355,-0.1634937633429692,2.7310927527999014,0.3678460713223607,0.7262948023572174,0.2736583184489822,0.2471185184831374,-128.18168985699822,-503.2068115318146,15.349651233030997,0.42142857142857143,0.5340909090909091,-0.11266233766233763,0.37501161125028964,0.5137205412044408,0.49302342790221076,-0.04281906344498597,-0.12792202268128988,-0.15922122277372514,0.14187180416826994,-0.3005321812690153,-0.10809607294791647,0.1046475946169964,0.034332140657488866,-0.09113944191796425,-0.22918504813636983
2020-09-30,PE,0.0812043655040237,0.2265872174545695,0.1515622681004707,0.3392888230236288,241.67918425297813,737.9531928140519,1086.6639297372274,65.56779729954494,106.46852790172758,57.66188180847112,75.97334599591026,1239.5366440731389,1351.1635677223642,-40.210944092305695,-0.3993203246913478,0.948145977585506,-0.1753060686757427,0.1914772756974525,0.6177582057263011,1.2639634276970153,1.9299878684058,0.6707758008849383,2.45636048784015,0.7243816334844584,0.9568232777612916,-126.6939157019717,-500.5165613596437,6.889426661345786,0.5778781038374717,0.3963882618510158,0.18148984198645596,0.49376686238505063,0.39958488047012586,0.4863124248839545,0.09045445935071895,0.16036938387363237,0.001961459832378533,-0.0023792803178731645,0.004284460359639555,0.004192052774093886,-0.003763052809465083,0.014922216348094014,0.030478852452592853,0.045930148940902804
2020-10-31,PE,0.0923593987304291,0.2507621853546911,0.1555196916703117,0.3508501461988303,217.7667465850406,738.1443797517901,766.5330227063587,12.871846631314355,10.13750844644012,2.577580706569796,3.3507468429761245,-10.41866415846496,0.0259043768326134,-34.898988719789955,0.1916219021508513,2.0049173671634635,0.6586110769576567,1.0786790455881343,3.282543953224295,3.695265450194944,0.9821217555941284,1.2112124735466316,7.300920633784618,1.8172884269924623,2.686578296518382,-101.90521478656449,-463.7997261256786,2.6701155685969304,0.6163522012578616,0.35791881074899945,0.25843339050886216,0.5151221057766993,0.37208078555355945,0.470664274516582,0.1313747288177007,0.26513709123609297,0.001823300292893508,-0.004749949501930528,0.005679008521954923,0.010878924762190545,-0.006171299708380311,-0.01173469850296341,-0.009763366574822657,0.07360040706053056
2020-11-30,PE,0.0791781493593809,0.2386441132329348,0.155598677105866,0.3562100036226259,226.28543658719715,764.2821272810684,902.9470156909864,-15.398710557226376,-4.95316450931984,0.050775168024892,1.5161256349900727,3.837267594588487,3.479755556043382,16.378609598240807,0.7477254054954899,2.932724711578604,1.446234061662493,1.9018517127429575,7.631827420850291,7.967066409926994,0.0847718914485552,2.1121901723053105,18.654167819848016,4.132271586131214,6.444072232638134,1934.2675298581248,2380.327358977842,1.088468749348113,0.6031000469704086,0.371066228276186,0.23203381869422263,0.5028141542097677,0.39555307703839415,0.47027100112438724,0.12075800989853815,0.20321045158015252,-0.016856245233404704,0.0172536820331661,-0.03410315194646332,-0.011017110507191136,0.009543363253223094,0.003567426375016055,0.0034298855798151826,-0.062029072561912174
2020-12-31,PE,0.0915524481187598,0.218383927667349,0.1423348502494358,0.3123185520262387,165.103797437334,561.8691288433903,767.5906851102437,14.521164271863125,-8.87187263039228,-8.909772782392299,-13.149678771957133,-31.522284462187145,-30.766804159732477,-16.240724685040238,1.2191093067830672,3.5210876895870884,2.031971741818635,2.4963767856286103,12.316247021354226,12.704703982603666,-0.6581327351794165,3.3841721316699864,33.69663577766916,7.5142956867878015,11.884220005885526,223165.99918683447,328789.19812474283,0.5178173344142257,0.5855962219598583,0.3884297520661157,0.1971664698937426,0.49394172280883897,0.4024254780774276,0.4866059689947752,0.0539329034465821,0.09001140645039404,-0.002192694181866974,0.006609193371123394,-0.008759646813693886,-0.004187615813185667,0.010505174357786196,0.0014758760556142728,-0.030355555022272142,-0.0716566268571572
2021-01-31,PE,0.0624607287215626,0.1961655086869716,0.1355270499976081,0.3142030907777919,165.75822566538903,645.087669942084,1141.783222693142,-38.23739927480606,-10.729591492134096,-4.901113061910436,0.6015895721422931,0.3955903281712543,13.811727400069518,39.70899207101441,1.6021875385829771,3.644623389712428,2.3473493942152657,2.7374105814495118,16.299648388332898,16.763879893716574,-1.1182092491570808,4.963879233507475,38.143798230926144,10.34299491962616,15.192720650769,11990649.163877504,19074319.66477864,0.3268646039078681,0.5724043715846995,0.40209471766848814,0.17030965391621133,0.4701320493777447,0.4222082853794797,0.4817719763770959,0.029629882725017705,0.09776650232215309,-0.021731625572687607,0.02484442123799957,-0.04680272753152752,-0.030177405287795334,0.0274574738336541,-0.0002919584245292626,-0.04076975664458915,-0.07625496022385213
2021-02-28,PE,0.0760969565317481,0.2011336975657136,0.1370903977603311,0.2922698021004067,169.2324478169165,547.8205030394718,855.2592080904784,19.74702522566268,2.5011113980623207,1.1469294522815068,-7.236220729129665,2.074294597871826,-16.343854585597338,-28.89419593388912,1.828441873049893,3.488273910336542,2.4364844771774274,2.714329706189309,19.001234940372903,19.5446466295856,-1.3130736016126126,6.224181034978542,32.604845384566524,11.317959325196426,14.840274902609336,178702723.56954733,307702815.8274827,0.2689920102181651,0.5658873538788523,0.4086078639744952,0.15727948990435703,0.4713653254930888,0.4177901535215773,0.48314714201068976,0.06429254099021824,0.10288587285475813,-0.023113421637978825,0.02801987408356265,-0.05111045623105565,-0.015141424240065099,0.019637825605323962,0.003932426549161608,-0.011381831083970513,-0.06370704306914446
2021-03-31,PE,0.0833811632597846,0.2019616523279352,0.1366468302777823,0.3050206857287449,187.4301237285447,687.205632452753,1407.17321624303,9.141415260462784,0.4107990463256587,-0.3240829710736689,4.27022409114312,10.213290174887543,22.668588277752956,49.793356952502336,1.9979801740542271,3.29209418497348,2.3600163816867483,2.589097892854828,19.988663107741104,20.60757064180977,-1.2989968269830203,7.374146554118853,26.774576830774443,10.47630645640255,13.06353810813678,479695861.7847257,890746181.7897038,0.272805326752937,0.5632096896290689,0.40499621498864496,0.15821347464042396,0.46577379969124916,0.41819122277228776,0.4772409358615172,0.07371870634522601,0.10763512492593842,-0.019306795811535337,0.01802106434577713,-0.03679807711892014,-0.017552169869755874,0.015326425747478199,-0.0015497764715139452,-0.01062666913001313,-0.049689334241187835
2021-04-30,PE,0.0947561567992559,0.2266315157894736,0.1563483911916312,0.3564601684210526,278.0437402924076,863.600247985031,1240.9781390228488,12.788439760312034,11.52475806583168,13.468707787593443,15.584290770886868,39.43723379927518,22.84764189217185,-12.56829904378233,2.2021886070756285,3.145143928372122,2.21243990911804,2.450331172219499,18.926597388205725,19.476798741613408,-1.1698760654083538,9.04478733852564,23.098458034767308,9.02316657320827,11.337971058185344,165850379.7572032,287518277.0383045,0.3104054088492941,0.631578947368421,0.3435557397430584,0.2880232076253626,0.5028641494234173,0.3771386131012432,0.4701101089602195,0.08509963991177982,0.2806907853991271,0.008331232960392263,-0.006274049007413614,0.014766964771357166,-0.0037462664529716258,0.003927259373669525,-0.0034076416769920435,-0.004023527257996085,0.051293871605855836
2021-05-31,PE,0.1007526825224356,0.2444322990780442,0.1538672974661387,0.3577221371468061,267.1840970192247,868.7190659980824,1218.7510217811655,6.136200474206112,7.5612955109080575,-1.5996267895488696,0.3534027738704032,-3.9840517747793474,0.590980296755472,-1.8073308739056189,2.3074946190280574,3.009392063972776,2.050787233010292,2.3131404200375227,15.637012465164146,15.87439339444212,-1.006715416695659,10.049215975039314,20.15051058301692,7.659200167031953,9.851898275210187,6181006.424339616,7836705.417342687,0.365417253989725,0.6085678286434272,0.3607727845443091,0.24779504409911807,0.4898308210396816,0.39672454861972556,0.45068734628911983,0.10619027477571048,0.29158548876915275,0.056739069317048155,-0.05686809938293044,0.11397816422995075,0.022488886041319503,-0.02745568680133953,-0.03718612445869123,0.00831128924938766,0.18544380238009536
2021-06-30,PE,0.1052930804211723,0.2934374366944244,0.1974935164101675,0.4377936736950353,418.3897901484579,1155.740346028983,1211.924645669836,4.40788779762242,18.272607847870912,24.96152293320417,20.199120295081272,44.84755875744846,28.54766210801857,-0.5616869539585823,2.2669443250329198,2.8727900325935463,1.8934408938142235,2.177205842884559,10.560878130797018,10.27955383008518,-0.9453319526623896,9.649868854322696,17.561735115991418,6.527365961509777,8.567408754859239,38466.45585048023,28626.817351000867,0.3885505690958067,0.7218863361547763,0.2555421201128577,0.46634421604191856,0.6014040232409303,0.296403280387318,0.4608465072002305,0.18401975877905083,0.4646720262365851,0.05671974700739599,-0.05137484962313657,0.10795047731980453,0.0734131601170766,-0.0584394145620024,-0.01693573546334017,0.046609126019817135,0.12338535224531437
2021-07-31,PE,0.0914043907304836,0.2419401483427758,0.1703667419374306,0.3601626570325971,292.28312284288563,815.8791948230083,899.6869531584731,-14.145418804840093,-19.297407899449908,-14.775233657707776,-19.51919802689611,-35.86905790341201,-34.82301113967619,-29.791811816309803,2.1670452974438623,2.810625339357721,1.8168975945422012,2.0987995464162346,5.8879122930717696,5.074988449027541,-1.0515642848646325,8.732444109952176,16.49574865358024,6.037922018571353,7.90215865127696,232.1028820272753,-344.0856391711181,0.3493907747100823,0.6343026121241991,0.3405618531296205,0.29374075899457863,0.5251002252726605,0.3596590370879159,0.47678923184824556,0.1294783377852594,0.2888737686234436,0.015427335688221914,-0.012145044158478412,0.027546752492343354,0.01931734654208873,-0.019169818561067475,0.0015850581079308325,0.016372863619807113,0.04000228057350844
2021-08-31,PE,0.0849024687529203,0.2729408441204911,0.1706863444629284,0.3893418720492755,293.89662867473066,898.2467336470743,929.3169163397872,-7.379034467664651,12.056470883114075,0.187421039009343,7.790205161449867,0.5505171076608322,9.617849119106149,3.2402944718141478,2.0976730347362413,2.886982791067582,1.817433747707723,2.0959881820807538,4.742501899127725,3.757233593694631,-1.2504520341199483,8.147189610659265,17.81454219715922,6.04122171436652,7.879260318859102,-13.827818118447,-461.2262059536697,0.286375316183527,0.6773773339122883,0.2917933130699088,0.38558402084237947,0.546659708101524,0.34546107540153376,0.4501558577785991,0.1112810906302308,0.27054894070740315,-0.0009566533809490622,-0.006202898021336702,0.00522175141491233,0.0010547504388607153,-0.0014108222805019107,0.0007981635005774521,-0.006372186265427227,-0.03098760718228081
2021-09-30,PE,0.0958270408090487,0.243788315110587,0.1642237326110463,0.3532054301997356,266.62250182171863,785.282839030918,863.948638866824,12.104173703416448,-11.29547957791976,-3.859790795716262,-9.740796320992231,-9.739429524956858,-13.440083224898927,-7.293649643061322,1.8905265257768675,2.7787139007414687,1.6733508504930452,1.9457104827713343,4.483895953744547,3.5792941314057143,-1.3330442211587998,6.622854866983077,15.973743963145935,5.215179438539518,6.74438844044833,-39.96957969468463,-468.207755550678,0.2636733582750853,0.6277777777777778,0.34814814814814815,0.2796296296296296,0.518070834736163,0.3709291920432103,0.48134879822744586,0.11076012320020183,0.24693445485377497,-0.02705222244761685,0.027526888583868463,-0.05471303484898822,-0.021710731817123158,0.020185159559691794,0.012730099342413124,-0.04433325611633973,-0.06244864266735432
2021-10-31,PE,0.1080719767272829,0.2989755515618314,0.1787985187130698,0.4013515472828412,310.3911514649405,909.6851882635827,844.9016584230739,12.02525480322584,20.40615149736677,8.502985674735838,12.77878768629128,15.199947390926264,14.705463530802987,-2.2293081261075027,1.5414921073534942,2.442689860224029,1.366984579404324,1.6425953995543578,3.9240900709444926,3.229727983078269,-1.1402664493913002,4.6715555356015,11.37938351257597,3.808683336463122,4.9143525796983,-77.94167276260288,-478.783201915125,0.3197338175844266,0.6623142728500675,0.3070688878883386,0.3552453849617289,0.5381232847107171,0.34865703060730324,0.4835388095869664,0.14960797738541573,0.3161857605530686,-0.0493601556565582,0.04229615498248762,-0.0916757561620774,-0.028053920391288643,0.035398185103422755,-0.005962678835418676,-0.11599750888819067,-0.08910634894059943
2021-11-30,PE,0.1031294235220434,0.3056935642171466,0.1922767183300575,0.4534429030122476,362.5276802565016,1120.380264268061,912.2897434948376,-4.681271782869886,2.222137336943706,7.267599763616708,12.203163891293796,15.526754968346296,20.832483563826827,7.673740079845048,1.190788245178353,2.0292125100226763,1.008981677532688,1.297173517487695,3.625826654579189,3.2470739926969894,-0.7184744025647197,3.2896732547459,7.48353305324507,2.6279880358001257,3.404726072880293,-90.99292510846962,-478.340995837906,0.4874954106866158,0.7400706090026479,0.23389232127096204,0.5061782877316858,0.6068759693272802,0.2834473377144431,0.45808158750412203,0.19006144262583588,0.5054921458120718,0.016835512072613294,-0.015014656632711475,0.03178554797739608,0.015920573666729713,-0.019904090962357374,-0.0028125655471139942,-0.0035454356281738215,0.02956339839667968
2021-12-31,PE,0.1090740686221309,0.328450850962945,0.1855994486351929,0.4276778648749533,309.7095364188901,959.449891638523,659.4050000776932,5.604244160339748,7.18040341145789,-3.534472610661332,-5.849909864327735,-15.746595176198795,-15.506333765811256,-32.461972744087085,0.8326779075731472,1.6605050483966783,0.6444049475933827,0.9990037080731148,3.1768444764954658,3.1782354745138384,-0.0933735055382551,2.2994682661423864,5.137408072703068,1.7900347093778253,2.4613609397627334,-104.5776880263344,-480.0516234708523,0.910853228028102,0.7091485986250661,0.25647805393971446,0.4526705446853516,0.5829893774116567,0.30075635792185673,0.48843104413962,0.1898070801014788,0.4544790420344527,0.020153621137452442,-0.024211999719527068,0.044357483141930304,0.017921635640191374,-0.021064029358362032,0.006531180048308804,0.019883362079854257,0.06738690073626538
2022-01-31,PE,0.1012365710279281,0.2882550203860664,0.1716768312898066,0.4095097438630327,311.1785405121377,981.7997055590774,956.8239954179704,-7.4567114730159325,-13.054163440500396,-7.797702799249978,-4.340956248827337,0.4731953757573358,2.3027231050320665,37.2281548327428,0.5178903048043345,1.4231523048409749,0.3163308612423987,0.8276600451897308,2.4093600208261745,2.8040788210734404,0.6659468329249373,1.6784828246123469,4.025622832872311,1.2572656548990289,2.0337447164700486,-117.4218431558322,-487.5441248047297,1.946332500870486,0.6867686768676867,0.28532853285328535,0.40144014401440137,0.5682105278609065,0.3227577494972064,0.4815390941980509,0.17247292464145061,0.38320910947882675,0.004495116170876295,-0.0038980545520650796,0.008100012142590015,0.008792884692390139,-0.007250201161352529,0.00029296557712350704,0.030048965145061203,0.03565780096657148
2022-02-28,PE,0.109540014970251,0.3205920480198658,0.1808903873818415,0.4180799817788957,353.5851114543679,1017.8979918563704,930.9376588205336,7.882985065292614,10.63238606615255,5.22774316042706,2.071206064212507,12.77573915581766,3.610766590155394,-2.7427148194652995,0.3037801309383661,1.268170991932421,0.2114545284550096,0.8521349193180795,1.8023145274492256,2.3532476784888066,1.3980902921721514,1.3549711071101294,3.429786037546706,1.1206552903482006,2.090433109811737,-122.4850153211131,-493.53630448508494,4.047463109644228,0.6890618598934862,0.28267103646046704,0.4063908234330192,0.5563391994005614,0.3272200575145038,0.46544723673465643,0.1757777014902716,0.3725268100393272,0.014802802232093168,-0.01364371009513492,0.02840516895729187,0.009958062326446223,-0.007485069283008761,-0.0002948856042799949,0.01660565431034907,0.02870805567388951
2022-03-31,PE,0.1090449692515229,0.3016553805590009,0.1799656788393981,0.413166547315376,342.5740674422738,1025.8263378676636,847.4402944607207,-0.4529556930820802,-6.088419461600554,-0.5125093648577043,-1.18219842519925,-3.1636334633165832,0.7758762440463122,-9.397192575131742,0.0624167623930775,1.014188510473401,0.1807358752599006,0.8288466608098002,1.0645061711613075,1.554506357833664,1.9735058952568976,1.064405856634089,2.6325654620521566,1.0832801948922148,2.0364612554877835,-125.64927425747898,-499.3232336631694,7.195860249054368,0.6886446886446886,0.28327228327228327,0.4053724053724054,0.5613864148160732,0.3225426416054571,0.4762404200029897,0.17256255218396246,0.4000257669504699,0.027604729744926195,-0.025929960055459847,0.05378453846151446,0.022126945299634163,-0.02028920545490793,0.0016549885770514882,0.016462893344124967,0.06870484890864673
2022-04-30,PE,0.1093458003257502,0.322953008497807,0.1952317567293818,0.4483344940720942,349.0547209509374,1044.2071181907738,717.0436360976715,0.2754981495631353,6.82215862914912,8.142118931419907,8.168881843537555,1.8740813838915973,1.7759387770858666,-16.708368973977958,-0.1979093880489082,0.7170352838000303,0.1750724140886932,0.7881659649420784,0.4635642874784552,0.8444090375541181,2.4843879416437424,0.8204441918187763,1.9237917699474103,1.0765139876435577,1.945144988376808,-126.9589509230604,-501.7293808532584,11.99377711633865,0.7215787215787216,0.25225225225225223,0.4693264693264694,0.5798568192756356,0.3024544306759651,0.4734300145195469,0.1782784433287508,0.423461154130069,0.015323073451873045,-0.01660346600408053,0.03224076651987891,0.01965626071175358,-0.015329646809287337,0.0012496769411168816,0.019237684261124682,0.01005714978435581
2022-05-31,PE,0.1032807535027772,0.2570091608000894,0.146621050699008,0.3151541837076768,381.5254424862792,1009.3197195604272,2029.5223144981928,-5.706429834540395,-22.839509871536134,-28.63359770027538,-35.2477601211758,8.894883569215278,-3.39812999254001,104.0419033271016,-0.4712754801811026,0.3870386007687779,0.1750240855028846,0.7335683337157548,-0.0061439054211517,0.2561862458985443,2.9846256928233075,0.6242055984526568,1.3480536850600435,1.0764564136206856,1.828284379415866,-127.55480614747088,-502.7639899928004,19.77909739251117,0.5763848955338317,0.39198773241326434,0.1843971631205673,0.4869980327922473,0.4011845954224622,0.49365556228268387,0.14483748596178503,0.16266216898393504,-0.017557284833652195,0.01723772471499105,-0.03462620760306856,-0.00719387170030189,0.008601894708505961,0.0033610008829888273,0.0007117605762850324,-0.034822435327616835
2022-06-30,PE,0.0870932811103444,0.2688732573702297,0.1799177857841043,0.4224989010671007,358.27068257264096,1127.409666005717,1040.9844917191504,-17.04713013067734,4.512837698111981,20.464862899951047,29.31248546081233,-6.288874188413867,11.06461114129149,-66.76335602702996,-0.7530445059333518,0.0284087085475278,0.1736140129549542,0.6675277627727643,-0.3781390249937554,-0.2348370464962461,3.496212853392566,0.4709306169351607,0.9042564353097688,1.074777813327085,1.695197914481988,-127.86354583412148,-503.2652836403773,32.99027606649206,0.7059047619047619,0.26552380952380955,0.4403809523809524,0.5571488535894702,0.3239392227002286,0.4761674828828801,0.1646829114589069,0.43995122162043593,-0.02059799910399648,0.01815302393742854,-0.03900489707805988,-0.00995120292355933,0.010186030514062177,0.00461523094371628,-0.032778477640647015,-0.05912539066483341
2022-07-31,PE,0.0957992846861892,0.2632499410936099,0.1634467100158297,0.3769507504161864,327.1398069705531,1017.4077686262788,1154.0784253333047,9.527547727480144,-2.113617912950589,-9.601299632145023,-11.407230235561348,-9.090117349660302,-10.266468120171384,10.313523329982637,-1.0355190523530566,-0.3493362889843179,0.1725164136053836,0.597022875849256,-0.6838547059201164,-0.6581829970730848,4.017611355156616,0.3550420476795055,0.5805963050899069,1.0734728294984155,1.5624881583730112,-128.04401318537907,-503.5381920182044,55.56821444593314,0.665994623655914,0.3024193548387097,0.3635752688172043,0.5295492929617076,0.350135140945044,0.4670223788384702,0.14011383483047116,0.3554360914847229,-0.0017447834072371465,-0.001297515418731833,-0.0006033012394192072,-0.005529651139434849,0.004983741481038032,-0.004015233223854636,-0.024498850990381463,-0.012045622064177808
2022-08-31,PE,0.1054583343508887,0.2952418206479443,0.1878234513975818,0.4190041069085896,368.0931785018354,1055.6308752696575,916.0112660306472,9.606072163836544,11.46908243057366,13.901542871470404,10.576617815162722,11.794848479053224,3.688058510185388,-23.10287405612299,-1.3118308204006912,-0.7367346257899624,0.1762590098251284,0.5273962066878481,-0.9434534148032968,-1.0397735619748267,4.550402838423828,0.2693265162504735,0.3541147682979562,1.077928456723784,1.440300359111886,-128.15939991518457,-503.7024486001917,94.67053756458051,0.7411402157164869,0.23959938366718028,0.5015408320493067,0.5855495808420068,0.3049555676209867,0.43798855648108564,0.18105756691570557,0.486058752405185,-0.004451803586692914,0.00865897188311205,-0.013425321877716098,-0.0025291374203777126,0.002826611102724433,0.0003956793359115654,0.007575847011748519,0.03540631855208681
2022-09-30,PE,0.1118147205872941,0.341501398956473,0.1774223692976755,0.4332222519872535,396.122376273703,1301.634643767715,1285.5378294481775,5.852728114557069,14.555702395366746,-5.696927612155932,3.3370158787280277,7.338708593919763,20.948231861884224,33.89037903231363,-1.5837989969293411,-1.13163070783267,0.1851216301106307,0.4587110382584566,-1.1994059641417472,-1.4282737641773997,5.09281738083003,0.2051940839140528,0.1979472637109296,1.088546301518789,1.3278194544871058,-128.2473078920156,-503.8162609441525,162.84802123922506,0.6962673088500904,0.2772426249247441,0.41902468392534625,0.5606075847603567,0.32553177755166235,0.45103007952673807,0.22721160317216693,0.4232903970227861,0.009489096425629291,-0.010837484283333018,0.020274094710221076,0.0069977451029038466,-0.0069395711840063296,-0.011410565427368607,0.006197676627931293,0.012769313132895773
2022-10-31,PE,0.0857539518016387,0.5197718590675584,0.171812693978665,0.6273684826015314,392.9848094481407,2187.342388056112,1152.837301495006,-26.53610508571675,42.00382072342959,-3.2128262239456613,37.0283179206837,-0.7952236189928465,51.9066392617416,-10.895105262027808,-1.8586606619459716,-1.5374285837847488,0.1968538591681946,0.3879984149745972,-1.5352841339104413,-1.9166055461133549,5.645066505091397,0.1558812683330145,0.0903734247158835,1.102747596480617,1.2198134128276212,-128.33328659564506,-503.90887786850766,282.89236938007,0.7798043880518107,0.20089875759978854,0.5789056304520221,0.5914122938875679,0.2784348718447553,0.5086943228089092,0.3542998223932266,0.513317568261724,0.023135685353051258,-0.01979612103145828,0.043656307598492095,0.008274381658426769,-0.013458972537630738,0.013888665859933647,-0.00023818895998539702,0.011923425313703412
2022-11-30,PE,0.1116818131666767,0.3367412683788245,0.1906708251168081,0.4626922991285653,443.9089901577861,1418.1633118695638,1236.1379982348128,26.41717041227733,-43.40750968778372,10.414361758852223,-30.44718071206248,12.18486059809308,-43.332469343023874,6.976587938118614,-2.1371602642210497,-1.95604211563102,0.2138487070666134,0.3141015748748587,-1.9598348605166824,-2.520925085277218,6.199062624883796,0.1179894265286097,0.0168573778605353,1.1236167790123035,1.11481475332531,-128.40779939311432,-503.9755981176236,492.2873668183955,0.756848156915793,0.21440649306729795,0.542441663848495,0.6093034500483421,0.2790260993147072,0.45320797313755407,0.2252566311221047,0.5539860108666997,-0.013642810893742037,0.011586770329380575,-0.02536774684723185,-0.010513689333079841,0.011088258288572746,0.0016468556855849248,-0.003938012751836004,-0.013800440275057446
2022-12-31,PE,0.1035922473834109,0.3251266541989491,0.1894206967621976,0.4559206802192375,369.2363061049055,1170.8229431893478,985.5482791592184,-7.519137943838551,-3.5100074222044704,-0.6578062337595935,-1.4743404942504028,-18.418272927664308,-19.165572024118443,-22.654916594273672,-2.414687328347215,-2.3911736844549725,0.2398173692507232,0.2337728909426079,-2.460500973938148,-3.2381933650303947,6.74741674709315,0.0893952859242089,-0.0330374464940095,1.1561985072344998,1.0091435045965464,-128.4632889162403,-504.01674861287887,851.8553599436098,0.7278911564625851,0.2465986394557823,0.48129251700680276,0.5742557623222087,0.30979322895122974,0.4665225091771661,0.21752893129321088,0.4778745728243498,-0.011055444719914823,0.011981303996417711,-0.023175646189158475,-0.00903136411380498,0.009469482537486754,-0.007170840936512571,0.0007276250665396496,-0.02119977290310064
2009-01-31,PU+,0.18663888892,0.5708666666666666,0.1593333335,0.3344333333333333,30.14680199305716,234.36333678321284,2.763588243779213e-07,-23.735962908746984,119.86926740323982,-27.29294337268959,36.68502719803848,-0.3311611985029343,0.0438304514651991,-90.9138281415928,-3.012887459620558,10.43444628803088,-7.183264892386799,-10.247445311132944,-1.125221702426791,-0.0379679547598313,-47.99468930490574,-0.1374893326064303,34010.770160985,-0.1585741483662949,-0.2316978853895916,-29.822221493960622,-233.29789299145995,1.4327528275628665e-21,1.0,0.0,1.0,0.48154741525650024,0.4234367311000824,,0.1027,1.0,-0.03929508601580556,0.026228709800005634,-0.05924654097095139,-0.005598675649184148,0.004509577310979441,-0.0011204989429333817,-0.03160120774974205,-0.0016876915540360304
2009-02-28,PU+,0.2699722222533333,0.3619,0.2426666668333333,0.5788,30.39680199305716,235.30183678321285,6.802409055720797e-07,36.91433985318673,-45.57877433542851,42.0690315346018,54.851943749387125,0.8258557616348068,0.3996469408188971,90.074689867055,-2.76705136018485,8.95521652863369,-5.829009885672756,-8.947081795570261,-0.9793891729088378,-0.023086801194584,-35.61559454877968,-0.1237918438211545,7747.737189874229,-0.1563923460470511,-0.2316032170207792,-29.7712615739886,-233.28345912330911,3.406777872361681e-16,1.0,0.0,1.0,0.9471537272135416,0.021627118500570457,0.40483800875576564,-0.10626666666666669,1.0,0.018528988929908785,-0.023394168152690187,0.027975169274628953,0.4341026020355604,-0.43929216766850215,0.010681969328944455,0.016910106548016057,0.0006618145476443571
2009-03-31,PU+,0.1072738095866667,0.2175333333333333,0.2148888891666666,0.2145333333333333,30.31346866005716,234.20903678321284,5.682577037149448e-07,-92.29345391849242,-50.90158350785861,-12.156766024571144,-99.24918683072104,-0.2745281298890286,-0.4655065664741135,-17.987198877821132,-2.5029804317447253,7.600151089136186,-4.534922741694046,-7.624556406918401,-0.8315518289231814,-0.0077502575488038,-24.19278087488689,-0.1047981748142682,1998.0296569376565,-0.1486055974987917,-0.2312450215261072,-29.711428855860497,-233.268357084954,3.113212490010726e-11,0.3333333333333333,0.3333333333333333,0.0,0.22636337826649347,0.39607398211956024,0.390276470381361,-0.2506333333333333,0.0,-0.02402143821057462,0.05823785247547662,-0.04110314793024861,-0.01429886548762116,0.006569893524239628,0.006356847704424559,0.05526738909134504,-0.028629270525256045
2009-04-30,PU+,0.32830555542,0.3755166666666666,0.001,0.0219833333333333,29.51346865905716,233.42163678321285,6.437968690424458e-07,111.85602121655616,54.59507599921744,-537.0121099969678,-227.8180535954904,-2.674540011720634,-0.336761803131314,12.480823605499282,-2.2199572602090507,6.379445257605258,-3.3179360845939425,-6.288237510620911,-0.6817561178618846,0.0078334857403909,-13.467875250051693,-0.0780251380652366,589.1323738376661,-0.1231058083055672,-0.2298753015092933,-29.64107389910736,-233.25277253545087,1.415715855212819e-06,0.25,0.75,-0.5,0.36081258952617645,0.45374345779418945,0.5697057105793014,-0.09265000000000001,-0.5,0.009714445637461377,-0.009142949109592624,-0.019467514366703798,0.004696938581620569,0.0017863593878666081,-0.0031697703601415855,-0.08888607025724878,-1.5000361610809398
2009-05-31,PU+,0.44774999992,0.9722,0.4204444445,0.7357666666666667,30.93013532605716,235.77273678321285,4.165511978096357e-07,31.029029461891398,95.125868912807,604.1312352967684,351.0628448983841,4.688423805803511,1.002194319030108,-43.53738776421619,-1.8916078906916416,5.30456505503382,-2.163240675756678,-4.924798288802118,-0.5299915521993422,0.0234412282991457,-3.133905603784804,-0.0358097918595335,200.785282533339,-0.0443813388684245,-0.2244691419325399,-29.558192050940352,-233.23691864989016,0.0435473858546555,0.6666666666666666,0.3333333333333333,0.3333333333333333,0.45950742562611896,0.3706655303637187,0.4392084053536924,0.5040333333333333,0.3333333333333333,0.03868535796555529,-0.04342556867821004,0.09650563913249548,0.013312822599089969,-0.008479176952237724,-0.021222273415477343,0.057952855546721804,0.08080432810203247
2009-06-30,PU+,0.15043518512,0.3144533333333333,0.1875740742333333,0.3486333333333333,30.57041310405716,236.01413678321285,1.8211707429418623e-06,-109.07027129899298,-112.87258631586025,-80.71385229961149,-74.68922903869436,-1.1698312731217426,0.1023343524765623,147.52254606519756,-1.5077717732366045,4.372147328013187,-0.9871148860996598,-3.4999447582038714,-0.376427772430621,0.0391472937281564,6.9281398501031175,0.0347638753805353,78.7453800038087,0.2133169465669919,-0.2015342817072393,-29.460493306752262,-233.22071313661203,1020.5937554506992,0.6666666666666666,0.3333333333333333,0.3333333333333333,0.43659728368123374,0.358001505335172,0.30010746376843717,-0.15371333333333329,0.3333333333333332,0.08370678758802867,-0.06643876177938743,0.1330236886777667,0.012243421284277621,0.002004675175525536,-0.265751929295529,-0.07259835855933464,-0.009482618181784995
2009-07-31,PU+,0.250543560545,0.5869791666666667,0.175289773,0.2954583333333334,30.27445350905716,234.7704367832129,8.596099364830085e-07,51.010047202604014,62.41536465473333,-6.773337973481554,-16.549292613606163,-0.972841081439586,-0.5283532906818624,-75.07561144890055,-1.0818273089313664,3.5218873758069438,0.2199426713884771,-2.043264692148426,-0.2241525559052168,0.0547015726055359,16.950293739976896,0.1523366574072605,33.38008592122465,1.0866719632861852,-0.1021284339828755,-29.347608789630797,-233.20441142215765,22983652.032588266,0.5,0.375,0.125,0.415975259616971,0.417478634044528,0.4015857404892331,0.11881250000000002,0.125,-0.052645969141706134,0.040040100877134596,-0.09190350493965685,0.013496304573156155,-0.012670205124708407,-0.0009025877113959246,0.09108201869623589,-0.038315044723263136
2009-08-31,PU+,0.1578194445033333,0.6199416666666666,0.1946342594166666,0.3547083333333333,30.57041310405716,235.73633678321283,1.1539929854624698e-06,-46.21811765231653,5.46360595911783,10.46817544654471,18.276803258006023,0.9728410814395853,0.4105791504629414,29.45046444661391,-0.6250478466606615,2.708353575164188,1.4484705875595445,-0.6017801461663781,-0.0771534503660034,0.0696562544538629,26.91802387555931,0.3485969297397326,14.536384634601474,4.097266104684079,0.3161022068850663,-29.221054206687167,-233.18849720851208,490172827750.87787,0.5833333333333334,0.3333333333333333,0.25000000000000006,0.4806222716967265,0.34206010897954303,0.4718033606666698,0.15177499999999997,0.24999999999999997,0.016160131211430402,-0.017945996923090263,0.026281489950099435,0.00965238274330444,0.004806879634546318,0.012060831040830639,0.13653874508844252,-0.030948025924820197
2009-09-30,PU+,0.0588611111507692,0.0820666666666667,0.072367521576923,0.1992179487179487,29.01624643805716,233.83793678321285,1.130759366707245e-06,-98.62710027891478,-202.20934625090203,-98.93646029640938,-57.68964104389689,-5.2176754069754905,-0.8085665887820961,-2.0338676647053084,-0.1904799977411816,1.8709379547513725,2.649836569161005,0.7559090947105533,0.0603068331741991,0.0837839621584091,36.55999387043638,0.6399234017565751,6.026218316017556,13.992392294479158,1.897813269856109,-29.08463958984448,-233.1732428330234,7547508248869811.0,0.46153846153846156,0.38461538461538464,0.07692307692307693,0.40637540731292504,0.3981864887934465,0.37149119549907683,-0.38609999999999994,0.0769230769230769,-0.023317868853400425,-0.01685584693457108,-0.00849959383985291,-0.03186068294143258,0.006385186452079146,0.007391881775848888,-0.059951038659833145,0.04146661146240138
2009-10-31,PU+,0.1585601851866666,0.37976,0.2635694447,0.4059333333333333,31.71034366105716,236.87363678321285,1.192009422136594e-06,99.09536180230678,153.20075491608182,129.25592787694106,71.17894974092216,8.878703099285014,1.289852324987217,5.275106012394415,0.1933201051655421,0.9268002045208618,3.796015553225057,1.9370384029391408,0.193719011132659,0.0990407259599209,45.70229678771001,1.0266322167935762,2.0582455611430204,44.36409603249946,6.706439108578431,-28.93304680971548,-233.1565255185785,7.0510745300719714e+19,0.6666666666666666,0.26666666666666666,0.39999999999999997,0.49107338190078736,0.3211840604742368,0.45658957416710166,-0.08840666666666662,0.39999999999999986,-0.05326117150422312,0.033645659526178845,-0.08591078421713508,-0.0233334165024124,-0.01583977809163938,-0.003112194619154074,-0.1359570836497494,0.0500172226600005
2009-11-30,PU+,0.1699722222533333,0.001,0.1760000001666666,0.001,30.24680199305716,232.87623678321285,4.396335352139071e-07,6.950078668045245,-593.9539474243062,-40.38328845223967,-600.6188942506363,-4.725246646513494,-1.701968097590404,-99.74542467052852,0.5095226948777128,-0.196397818866514,4.83850294657132,2.792777577407081,0.3279693925896955,0.1188528541557643,53.15130638919855,1.4778576436717317,0.3535186210732016,126.12082866888342,16.09457112292333,-28.758655508986973,-233.1344325933836,1.2114878718081796e+23,0.16666666666666666,0.8333333333333334,-0.6666666666666667,0.21970906605323157,0.6302781850099564,0.26127227688116217,-0.46716666666666673,-0.6666666666666667,-0.5828716294577783,0.04226826397087402,-1.3131669358541205,-0.2467213694943256,0.23010196977678526,-0.013218705177371531,-0.6645306663838692,-0.03753701728713865
2009-12-31,PU+,0.2051574075866667,0.3609,0.1778518521666666,0.1416666666666666,30.20235754905716,233.99043678321289,2.042399640439532e-07,18.81425011953539,588.8600911648741,1.0466916561843775,495.34768802563065,-0.1470473778135075,0.4773106235434993,-76.66459084805814,0.7265003189892817,-1.3356467826582772,5.407478855505815,3.096234330584132,0.4781760105641807,0.1487240117152857,53.7722735516514,1.881192291296648,-0.2051786423235806,222.90915692428476,21.882784990932176,-28.53367260684585,-233.1002840819513,2.254247947259391e+23,0.6666666666666666,0.3333333333333333,0.3333333333333333,0.47543643911679584,0.365086833635966,0.1639561323443967,-0.10726666666666664,0.3333333333333333,0.01364515299284002,0.03600203288040747,-0.007404524603949719,0.008099615598820532,-0.0017435834021036663,-0.4285209840002404,-0.04511409018793279,-0.06419026814134222
2010-01-31,PU+,0.18663888892,0.6598916666666667,0.1593333335,0.4234583333333333,30.14680199305716,235.02753678321284,2.5454006739125524e-07,-9.460185175408942,60.34747684849107,-10.995246767759385,109.49782425335135,-0.1841138206894276,0.44224390055271,22.016266243570243,1.227859858970341,-0.1638503288951902,4.657418796794504,3.3917161404473792,0.6161650112119895,0.1772681688667913,43.67740515088896,3.2272765630448226,0.3807023968766492,105.20443223270372,29.485173587799597,-28.29498926711017,-233.06668555246452,9.307992847326845e+18,1.0,0.0,1.0,0.4753261134028435,0.31498387455940247,0.17804999999999999,0.191725,1.0,0.04622475198045983,-0.061874746796979296,0.13626083245098752,0.008490331088874349,-0.010361068927749281,-0.11883279523621994,0.19218920844384793,-0.008640305632345302
2010-02-28,PU+,0.16730447337,0.4015116666666667,0.16522619065,0.2286783333333333,30.26465913605716,234.52472602065865,1.0986134837082822,-10.9360328382154,-49.68390894687133,3.6316942695103696,-61.613876462537874,0.3901818970124767,-0.2141661299805591,1527.7856493014062,1.4420817981442062,2.6084668163313323,3.49592073750386,4.713239874606914,0.6766396975891614,0.1837555670013899,34.23324842926866,4.042852717147658,13.110050317642669,32.82130715660124,111.18080512070637,-28.179545955250347,-233.0589147365428,736734301293669.1,0.25,0.4,-0.15000000000000002,0.3150584511458874,0.36967717930674554,0.26484179085675,-0.2959966912964063,0.9999834092344164,-0.6227616499716924,0.269169431126993,-0.8992464149571522,-0.16813399134070228,0.006916553084296669,-0.015068574776328905,-0.2562840501710557,-0.0050545952562787155
2010-03-31,PU+,0.35663888892,0.2677866666666667,0.3293333335,0.5368733333333333,30.99680199305716,235.19055933906813,1.0986125701050762,75.69084079736302,-40.50459470466545,68.97550220213559,85.34458301843154,2.3903371013852435,0.2835052573903079,-8.315969168258735e-05,1.5948914430260612,5.576691149809416,2.600313532052429,6.684656519161867,0.6749935661829013,0.1722793022542407,31.841660370199847,4.741155207746664,263.7278063539622,13.308626676748876,799.8041006643414,-28.182781653275608,-233.07262718257329,67399611531314.21,0.8,0.2,0.6000000000000001,0.5296827584505082,0.29921946190297605,0.5759668714431413,-0.5422984438606839,-0.9999927181127002,0.3925678951895192,-0.09692765544448463,0.523569134236702,0.25218333653978586,-0.016150201817395692,0.2947707966135105,-0.22142095519898514,-1.1911263268484702
2010-04-30,PU+,0.2406916232533333,0.5975916666666667,0.2547055123333333,0.5731583333333334,31.29126813905716,238.35773678321289,6.376557005534896e-07,-39.32072116451971,80.27170454355351,-25.696238537943817,6.539981363955354,0.9455047783439444,1.3376564527201806,-1435.9515437363923,1.547553888685873,7.583055379389861,2.604043002374553,8.820763862441108,0.6379443612796752,0.1558900648100171,35.57573282205146,4.513320597112958,1964.1543048495544,13.358948813036235,6773.204890170679,-28.254215589091523,-233.09193906819087,2820619176943157.0,0.9166666666666666,0.08333333333333333,0.8333333333333333,0.629281704624494,0.244359677657485,0.4072740223954651,0.12942499999999996,0.8333333333333333,0.5880591206378826,-0.5803439448547012,1.2452433506139784,0.2648112426710436,-0.12045831944245995,-0.0178464047947548,0.14074974403532342,-0.10347103371494432
2010-05-31,PU+,0.1124633095964706,0.0431754901960784,0.0856479502352941,0.122106862745098,27.64149896205716,231.55493635044533,1.0986139961857675,-76.08895110470085,-262.76347113836573,-108.98627315931073,-154.62654165125875,-12.40208563808904,-2.8955489458479717,1435.9516735437332,1.0096263062332786,8.246789904025322,2.518637066523328,9.854919079650298,0.5240274082358212,0.1239456712548828,42.84798666553981,2.5579363037953384,3814.890308744606,12.252335517978004,19051.61047350343,-28.457986471758957,-233.1286824115448,4.061104543436459e+18,0.5428571428571428,0.45714285714285713,0.08571428571428569,0.39963910090071814,0.44066296177250996,0.3570824717488274,0.9298566966179288,0.9999708732461672,-0.026773344586869974,0.05203311163848677,-0.08618873791119654,-0.026153178952814774,0.11657376627476368,0.014463895578355873,0.7095278252607473,0.8011200130196022
2010-06-30,PU+,0.1923875520376471,0.4571196078431372,0.2094670233823529,0.2965274509803921,30.99907472105716,235.36213678321283,8.069319022519446e-07,53.68848062595478,235.96721029258995,89.43210280697518,88.7243212084208,11.463912727996584,1.6308184175407958,-1412.4075937928608,0.2463099960684106,7.848148393031449,1.8672547583709445,9.07690209592355,0.3382202626759231,0.0699553975457064,50.26689923909633,1.0926571999173444,2560.519814158095,6.311175551093723,8750.583074606178,-28.744352616417167,-233.18817643738896,6.77075286110001e+21,0.47058823529411764,0.47058823529411764,0.0,0.39498916268348694,0.4662480157087831,0.41069195438559397,0.05159846356524716,-0.9999754747504241,-0.10980394657307577,0.06942643040995544,-0.1815967972222678,-0.022519441244698787,0.1704899620841118,-0.02214462357358077,0.1289069806727493,-1.491936944608684
2010-07-31,PU+,0.2030079364914286,0.413152380952381,0.1328452382142857,0.267347619047619,29.96138532605716,234.50993678321285,3.137551023597923e-07,5.373323650489752,-10.112859454067594,-45.53814924445121,-10.35900419552904,-3.404795956435186,-0.3627374267883729,-94.46265280677562,-0.5225927655847529,6.546159794328496,0.8992072263407749,6.726690221343599,0.1501643759640087,0.0151860740146998,55.913054833539626,0.4063422032204434,696.0959150532473,2.298320641812139,834.1493407343409,-28.984776757008284,-233.2453348148593,1.91748149127342e+24,0.7142857142857143,0.2857142857142857,0.4285714285714286,0.5413279746259961,0.28028527221509386,0.4196503680786798,-0.055014285714285724,0.42857142857142866,0.15264018644292862,-0.08053036757737912,0.24465383966397397,0.1338156566787339,-0.10062439991026606,0.10956998817876176,-0.050875730786079904,0.178167834818377
2010-08-31,PU+,0.3769322722008989,0.5745071161048689,0.3880162298707865,0.5181895131086143,50.49957977005716,259.7373535859544,2.77259248266916,61.88204476802029,32.969599776222545,107.1862340073799,66.17912751681011,52.20556180941753,10.217298059514876,1599.443588095683,-0.837616687256326,4.727644007778079,-0.0543089532537215,3.657362796891292,0.0638550972025834,-0.0083741906489504,61.24220383312648,0.2461017627724458,112.56078640633382,0.7878061059823562,38.527259302269336,-29.08086406287481,-233.26897600799896,3.95504276984516e+26,0.9010989010989011,0.04395604395604396,0.8571428571428572,0.5658606746858292,0.2764421310889852,0.3483090172034044,-0.1782911839386976,-0.2313450465230168,0.3584085725598225,-0.3644060088478856,0.7088160273721259,0.11220194109308095,-0.030191858107282584,-0.02139597473157788,-0.19876806858029056,-0.6668667397631801
2010-09-30,PU+,0.1867366405974193,0.2983666666666666,0.1970654937580645,0.4743397849462365,31.31649896105716,241.78143678321285,1.232143554558198e-06,-70.23662368128322,-65.51893286088293,-67.75110392007689,-8.841712001081403,-47.781993283983184,-7.163677764657766,-1462.6537974909586,-1.23715485621491,2.712769899746192,-1.4000564854111912,0.4812370552168064,0.016785859818387,-0.00998886378487,63.900819664919005,0.1035698410997428,14.602796142802925,0.0872497017040886,1.3863414791834503,-29.12987445909652,-233.2705759239944,5.646422473512321e+27,0.8529411764705882,0.08823529411764706,0.7647058823529411,0.4742044998223291,0.32534115964218097,0.27965691413885774,-0.18093529411764708,0.7647058823529412,0.34027622826616233,-0.33388221181754096,0.6622074449559968,0.025282286157616213,-0.014577008182862198,-0.017621132943281367,0.020756540896009673,0.5851970628992476
2010-10-31,PU+,0.1928888887771429,0.609252380952381,0.2846309525,0.3728190476190476,31.02388532605716,235.24823678321283,2.6120455953178656e-07,3.241503214292931,71.39094452944451,36.76573085363168,-24.08307358569824,-0.9387679826184444,-2.7392880918468574,-155.12068055182854,-3.101643172994226,1.125602381293524,-4.072756222702592,-2.221829408027429,-0.0974206391428194,-0.0192612483102132,59.242827573744506,-0.1416636493757067,2.613906206222087,-0.1423029492715333,-0.1233227332518042,-29.239627660225374,-233.2797137189403,5.355907990411446e+25,0.7142857142857143,0.2857142857142857,0.4285714285714286,0.5263447208063943,0.33907520664589746,0.35486911873051374,0.14108571428571431,0.42857142857142866,0.0364014867138646,-0.018802927032011085,0.04011366864007909,0.03047911458314008,0.022874332481192142,-0.0055705726743559905,0.06680904949975255,0.012107915579034886
2010-11-30,PU+,0.1545310458023529,0.6459431372549019,0.2340882355,0.4634333333333333,31.41763532705716,238.19953678321284,5.9460005017909e-07,-22.17192974488796,5.847887657990771,-19.549531857867706,21.756936660244225,1.2611967680499223,1.246742890372241,82.25851416112832,-5.180071252921153,0.8620730065284097,-6.610936997364064,-3.40168294663953,-0.2532154622075155,-0.0490718207964518,52.74669160776665,-0.1810112835032069,1.899897955766835,-0.1579877627377113,-0.1984161815703259,-29.370501392695243,-233.30852403746573,8.083456469161159e+22,0.7058823529411765,0.17647058823529413,0.5294117647058824,0.48203270487925587,0.34670572859399457,0.38102374848789233,0.17777647058823529,0.5294117647058824,0.020375346442931222,-0.5096195707177357,0.06196333239965349,0.006625138649270772,-0.01236358441232311,0.13896983949739977,-0.027089541854141724,0.7267646983751452
2010-12-31,PU+,0.1852608507325,0.2987604166666666,0.2218767363125,0.4176020833333334,31.14749643805716,237.23453678321283,0.6931477045782372,18.13698160597614,-77.10695069417865,-5.357613323633249,-10.413351612637117,-0.8635499042555308,-0.4059453786979514,1396.886467740772,-6.452054069031367,1.0064123096982809,-7.881609411151681,-3.362176561398662,-0.3531721523425772,-0.0706477377185571,52.16634585254163,-0.1850616099209165,2.2676016311352125,-0.1589557086861291,-0.1970735955943012,-29.44434573957926,-233.32884671439533,4.524349485344858e+22,0.5555555555555556,0.3333333333333333,0.22222222222222227,0.44068843871355057,0.3573753982782364,0.5017081420220743,-0.8305817906055245,5.770638633936273e-06,-0.04783285475369506,-0.023855607304401137,-0.0016698729071761842,-0.02601218059859391,0.007137359754470444,0.010435719104641111,-0.8117968738886455,-0.608349226801467
2011-01-31,PU+,0.1651844375721739,0.2200797101449275,0.1691159421956521,0.4656202898550724,30.37180199305716,239.64003678321285,1.0986129936798976,-11.470218282445488,-30.565217057002947,-27.153745763849784,10.884144795414722,-2.5219258894855807,1.0088692231868197,46.05606339292368,-6.887013666217015,0.6266463940125822,-7.690240108202093,-2.692444435792543,-0.360841947340787,-0.0716488992809691,58.23194591047953,-0.1856179307050171,1.4031576931601752,-0.1588760651353321,-0.1640181219212031,-29.44971282650021,-233.32977911997423,1.949004219790248e+25,0.6086956521739131,0.21739130434782608,0.39130434782608703,0.4813875607822252,0.31289786667279573,0.4456962645980779,-0.18580059957800393,-0.9999846114083043,-0.2723487864561466,0.05128042478274339,-0.3112739140234421,-0.01148547663027661,5.1371925792419865e-05,0.16511495378178853,-0.13650940416249452,-2.032537829915827
2011-02-28,PU+,0.12080927592,0.5913541666666666,0.15302753,0.3424458333333333,30.33895707825314,235.30319599017355,0.6931474100485286,-31.284958312124424,98.84253051256154,-9.99666883477026,-30.72569789916301,-0.1082013089965727,-1.826307244959367,-46.05610588455559,-6.661687916762329,0.1083762676074886,-6.373048930380376,-1.534601847704313,-0.3127839257369168,-0.0696855186193595,64.55317823026473,-0.1853599031940424,0.6463003376714205,-0.1576263865786991,-0.0161918409056828,-29.41539405913073,-233.32794969670007,1.084149302461763e+28,0.75,0.25,0.5,0.49655022472143173,0.34285058872774243,0.17636607575883584,0.22629880993287907,0.9999942292781142,-0.031561808445218775,0.0018530053261834045,-0.06485123209089388,-0.0009647938575477813,-0.004319647861848946,-0.09102383097607622,0.11843494409431952,0.0049216475806573845
2011-03-31,PU+,0.17888425942,0.340225,0.1548194447708333,0.1379270833333333,29.765541416885647,228.6156374944593,9.335034104697671,39.25259313188579,-55.28079412505542,1.1641725635096365,-90.93883304716132,-1.9081202693240549,-2.883272375101101,260.0287019909044,-5.982949469585687,-0.657435889060185,-4.79730004476334,-1.0221462014077047,-0.2453724952293234,-0.0595291060171147,67.99378366671232,-0.1841175103352147,0.0500116325013533,-0.1510813364788906,0.1280885273604129,-29.36438895422732,-233.31842867394607,3.3831795746982426e+29,0.56,0.36,0.20000000000000007,0.41748791843652727,0.39985052302479746,0.25339970584522975,-0.1220387445995339,0.32093829370160104,0.0885035772215006,0.03443881495867798,0.05912444901946248,0.06157026567593013,0.08006028401693585,-0.03416083823604229,0.1324072376868189,0.02989519838817123
2011-04-30,PU+,0.2998376466591305,0.2028666666666666,0.1446853003695652,0.0687202898550724,29.98907566374721,231.4241737338672,1.0986128668440045,51.65021490749536,-51.70582146516204,-6.769852394612147,-69.66806682904904,0.7481774648122447,1.221012209730927,-213.97260765144264,-4.532017848005544,-1.5818429291780536,-3.767879718997549,-1.8891900773399328,-0.2214477889821394,-0.0645775752138868,68.84338809148069,-0.1758799446798274,-0.2625708164093239,-0.1362323415079478,-0.0805391184526653,-29.34544423229709,-233.32317339569445,7.912314906500989e+29,0.36,0.64,-0.28,0.37786169722676277,0.48814526468515396,0.4298146810739097,-0.8308871853859692,0.9999708729810495,-0.06990400624571794,0.07281575006623112,0.036390153471182574,-0.03473760761402268,0.13366390029095232,0.03691162061339252,-0.897069605941309,0.236687932417806
2011-05-31,PU+,0.2323441358311111,0.3080044444444444,0.1570601853444444,0.2286244444444444,30.14259325135833,233.63256206140107,3.871202070551743,-25.502153366594392,41.75652640891319,8.206803649726911,120.20361811406195,0.5106058884484952,0.9497357019946404,125.95167174623307,-2.261400290942514,-2.016167327490769,-2.391140736288101,-2.6744655562117896,-0.1163952397816676,-0.0434362183917589,64.40269537831102,-0.0824344229456366,-0.3350018010732259,-0.0678081153327199,-0.1627896682695823,-29.25667865144912,-233.3031431605863,9.326854945078289e+27,0.5,0.43478260869565216,0.06521739130434784,0.44859519406505255,0.3555158602438219,0.36743105513192853,-0.3557398759987807,-0.18461906908635806,-0.037994831588629346,0.023903271900439588,-0.10124144286322434,0.004234001967439595,0.015341194705829054,0.019927382770800348,-0.4462206310062252,-0.21159970639971953
2011-06-30,PU+,0.2040418788956098,0.2019325203252032,0.1905961763536585,0.2682821138211382,31.149708275611413,234.56637535127743,6.32793768896234,-12.989435521845454,-42.21806290884464,19.35278518823934,15.995841363879451,3.286565035254036,0.3988964747593727,49.14093121826007,-0.0304705073084427,-2.1690312460636862,-0.9634191148896778,-2.696021887715726,0.075099635261279,0.0207569940213177,56.88413928110941,0.7833501503129053,-0.3538783861457596,0.2222526332342355,-0.164259937035626,-29.06881044155317,-233.2396628644893,5.063698014379108e+24,0.5476190476190477,0.42857142857142855,0.11904761904761912,0.43793106575806934,0.4000849855088052,0.4521315685299181,-0.0803508108871752,-0.16649741220625539,-0.0546826952958702,0.06822169230135039,-0.10075373423351089,-0.009397719672822696,0.09738134171091327,0.028179968182801413,-0.07947864746442089,-0.6636091761096118
2011-07-31,PU+,0.001,0.3131546666666667,0.0013611112599999,0.1547213333333333,26.19749643705716,232.33533678321285,5.183464588917684e-07,-531.8325261479342,43.87636274014104,-494.185546087304,-55.04134409749643,-17.31410296769092,-0.9556853148136524,-1631.7596362240895,1.2746422757136908,-1.7133644323621833,-0.0151811173085091,-1.837825583943696,0.2513969448744675,0.096155416267243,45.949213988478,3.390782561723678,-0.2879083622758797,0.8256002014365557,-0.072570196341628,-28.8609816102024,-233.15970663005933,9.025890968260292e+19,0.23076923076923078,0.6538461538461539,-0.4230769230769231,0.3950471347914292,0.42454705330041737,0.3192337516616938,-0.0602011109109839,-5.2898233076906585e-06,-0.3739199091588508,0.32662930793042394,-0.6533332089898894,-0.055095576530809064,0.035836856271079215,-0.024536218048403356,-0.10770469394450945,-0.1905896969234165
2011-08-31,PU+,0.1932884342057143,0.4969595238095238,0.2121786803095238,0.287897619047619,32.64399026782084,236.61953678321285,2.6390581491781195,526.4183551034203,46.18113705561564,504.9127282295302,62.09792781307344,21.99969231124457,1.827177595810888,1544.3044070529706,1.7266535514123784,-0.5647759416283186,0.5302728040116812,-0.3142950687512016,0.3167307261141555,0.1443929965725218,30.97990901093712,5.435170410047841,0.1003208402074022,1.5400625138926605,0.4985701732871229,-28.774169085096855,-233.1052987199961,28471053230650.63,0.5581395348837209,0.3953488372093023,0.16279069767441862,0.4646731247735578,0.3440958030608504,0.3832380746342812,0.03567616080182367,0.5431098598826445,-0.005228510941960807,0.025158845907029444,-0.014896452419072337,-0.01037250799996476,0.01922899493461398,-0.018344685559539442,-0.04856093866392276,0.12008256245937103
2011-09-30,PU+,0.2256370067008219,0.3909474885844749,0.2108504771438356,0.2862812785388128,33.90755347905716,237.9174475457671,2.197225921661946,15.474399193156016,-23.993533108220003,-0.6279508193626554,-0.5630108613111245,3.797703258162459,0.5470233267004443,-18.32264718232216,2.188866423893417,1.0055899682437477,1.4389319072341653,1.845204145956033,0.4315433881549714,0.1979978933496763,19.950410802265072,8.738451220367233,2.2653528202258784,4.0568567955023545,6.097658444922882,-28.607170052603763,-233.041676957316,461693035.2100853,0.6027397260273972,0.3972602739726027,0.2054794520547945,0.5179893145822498,0.3265858277270239,0.34361456631325804,0.00017382179643466543,0.03808528072549957,0.014951000169396704,0.07422644865013363,-0.03294829139807359,0.023349615220644125,-0.0022248313809687275,0.00044119791563302507,0.05588771800879396,-0.11284391610306027
2011-10-31,PU+,0.1337323564989473,0.2020166666666666,0.2725767877631579,0.4680043859649122,38.75330451705716,252.75073293799088,1.7917607942149505,-52.30870799176297,-66.02230484224016,25.677112122057288,49.15028486901269,13.35782239650872,6.048000329938934,-20.399679973380973,3.2160034111552767,2.1730658755361096,3.12540014990526,4.097358303100206,0.6275915469821984,0.2585832468394998,17.969741693013017,24.74165380408617,8.317010387103066,22.6096709522918,59.94936387230882,-28.273708109350867,-232.9655428253685,63702966.735462375,0.7368421052631579,0.18421052631578946,0.5526315789473684,0.5151369591292582,0.31871932019528587,0.36780548138021724,0.21468007978397496,0.1631832711961077,0.041155043458121404,-0.04544254955786404,0.11993272825414193,0.0020377102494134117,-0.006781929861253812,0.00632509676840812,0.10483851775762375,-0.14355868594716126
2011-11-30,PU+,0.1490796193029787,0.3471815602836879,0.1870222909468085,0.3288950354609929,31.413525634029163,238.8093535859544,0.6931479589523778,10.86400579171811,54.14976693454047,-37.66925516899165,-35.27390088847113,-20.99774771799508,-5.673820787818126,-94.97106178710447,4.457447986821962,2.103767208656946,4.915205107550874,5.219346191419904,0.7979533103516215,0.2997938111966632,21.614832605460634,86.08043434171432,7.728824931298309,136.18793945642693,184.5815786989452,-27.92581139799649,-232.9110562727172,2438947926.1509023,0.6458333333333334,0.3333333333333333,0.31250000000000006,0.4931276223311822,0.35918117919936776,0.31953823221012484,0.25358308425560055,0.074491369329826,-0.05120603203301052,-0.07911412488574202,-0.15161472847310148,-0.024066993458699632,0.025590248529631515,0.0226153833555663,0.0341653837619148,0.07346706399488534
2011-12-31,PU+,0.2507676767866666,0.4647583333333333,0.24292971395,0.4659383333333333,37.02323997090492,253.88155786522543,10.44208492063561,52.00463990517154,29.16696856341443,26.15443458230154,34.831463475737,16.430726994614155,6.120230077433752,271.2356065157213,5.742701500660126,1.9585016074867243,6.443776403615288,5.508994461974319,0.9381846558736404,0.3253700718839336,25.558534181582107,311.71924891741435,6.620530785621195,628.6175036733189,246.6709987841473,-27.59146360633408,-232.87609385161807,125872355846.79076,0.7936507936507936,0.14285714285714285,0.6507936507936507,0.5367298797068615,0.2750081511303073,0.46909481395040636,0.1922848384693781,0.7760055915635413,0.15889065168979227,-0.07851323345480862,0.3633388202987764,0.03963037272954013,-0.05988974045541164,-0.002686221554769372,0.1670038529277394,0.1697581986690797
2012-01-31,PU+,0.2558276248695799,0.4549801120448179,0.0999952044495798,0.1102652661064425,23.08556463605716,219.10856093801715,2.639059127454783,1.9976957313900277,-2.1263849023919605,-88.76499291636199,-144.1164320639507,-47.23383081274743,-14.730053160849288,-137.54218050376147,6.941064604673526,2.1779437385358777,7.550118939222703,5.038641196501509,0.9880036801585664,0.3029624772079962,27.54435663854536,1033.6836535389102,8.35996796260806,1900.8094843141007,154.0285298337811,-27.46093472637093,-232.90677312046827,916984713134.4752,0.23529411764705882,0.7563025210084033,-0.5210084033613445,0.36697785478053974,0.5150765943802705,0.3090360968232087,-0.14057291849228248,-0.6418920596753792,-0.6685442483407139,0.6884608521183605,-1.234550908852479,-0.17894019413500187,0.22391254428878793,-0.014946544677096683,-0.043771951357594346,-1.5157596995383629
2012-02-29,PU+,0.2625994391990698,0.4391387596899225,0.2468256990348837,0.4542635658914729,34.44962851189392,244.74071738149505,2.0794421653832837,2.6125948964539782,-3.543826377381017,90.35601862668126,141.578859837665,40.029069934055855,11.063203471400652,-23.83227944958485,7.751327358474837,2.398916590250369,8.160691643944244,4.045472884956682,0.9679069089052214,0.2287337483048366,27.867427850907323,2324.469380613417,10.543073564250268,3500.447606919212,56.906466108159,-27.514373217331563,-233.0036294690898,1266689412295.9758,0.7674418604651163,0.18604651162790697,0.5813953488372093,0.5462375872356947,0.27902420679497164,0.509095601147191,0.28858186251011614,0.8209451344629368,-0.01869554932623696,0.04062207388202502,-0.0025196359021809056,0.003900463638646108,-0.030204257229736995,0.20143347084584562,0.03494193495670608,-0.019300733738149056
2012-03-31,PU+,0.22943282832,0.2210926666666667,0.18372323248,0.3815273333333333,32.2380735503282,244.0782387311774,11.480072338728698,-13.501952669491068,-68.62335246127374,-29.525196169751197,-17.44950760380176,-6.63500515508294,-0.2710529318203091,170.85130241301977,7.533895296545312,2.2546815242057354,7.887998971835749,3.1011468378861258,0.8890332158887145,0.1654708833142635,25.419244494912828,1870.190366232203,9.064090366885562,2664.9462966632395,21.991690002999206,-27.714025448766563,-233.08068817718632,109505925064.02716,0.56,0.1,0.4600000000000001,0.4484607218205929,0.2814193099271506,0.3487110492095372,-0.31915022290046574,0.3518930808218868,-0.08612869811959736,-0.04575007553793268,0.02686534076036727,-0.023270811992066147,-0.011108834426020122,0.01228152644494284,-0.1311676997211084,0.058264604086539426
2012-04-30,PU+,0.1916882715866666,0.4820833333333333,0.2175941359583333,0.4212833333333333,31.429536721732788,238.70371594986912,0.6931475047155579,-17.97398325021505,77.95350700222836,16.920111199448122,9.912311294525615,-2.5400051752688397,-2.226572376167234,-280.71251450786343,5.886310839464658,1.847167124207496,6.39283473752344,2.552801952137404,0.793330905640218,0.1541528716223746,19.694651662614287,359.8878196953513,5.873661772449148,597.3887396966713,12.611305662010054,-27.936054024367365,-233.09396755944908,357502052.955347,0.7692307692307693,0.15384615384615385,0.6153846153846154,0.5378740246479328,0.28878607285710484,0.3701125793800916,0.08308645516505062,0.5203761156386332,0.13478538029085746,-0.11397570449199296,0.6038404848720315,0.04887590239344254,0.0033775005688945828,-0.025839033955792394,-0.019393005335672744,-0.024125484292043836
2012-05-31,PU+,0.1985657510041121,0.2381582554517134,0.1662775419205607,0.1783716510903427,30.814741349727548,227.55089945077395,5.950643954821111,3.5249817496631883,-70.51815982694582,-26.89732343952673,-85.94363070359955,-1.9754919968026137,-4.784915345586935,215.0011894326449,3.1692837453137845,1.1710061097689963,4.062139871863764,2.053800413200032,0.6744863787543659,0.1726213713086368,12.071385053544905,23.603799350680656,2.757069281420218,57.93916817096735,7.565745174448677,-28.183777527132637,-233.0722207317394,174797.78203653646,0.411214953271028,0.5420560747663551,-0.13084112149532706,0.3871817694646176,0.4252619829342187,0.3315372838595403,-0.386405834188615,-0.18934140457960727,-0.20877450120080868,0.3148093472019015,-0.5628088496412351,-0.10595181757572597,0.11080391653245576,-0.04184973408953632,-0.05212761808171479,-0.004539348715737246
2012-06-30,PU+,0.2350292485815384,0.451134358974359,0.2955464259923077,0.5344579487179487,39.68613620921488,255.05677595635228,4.276666948805832,16.858968385345964,63.88298170335993,57.51676029602218,109.7383752241107,25.30087220994232,11.411222396876225,-33.03254854711917,0.5599877753084506,0.5876899755206222,1.9519959954143111,1.673457010673831,0.5849220075748052,0.2093338944658291,4.778576174599379,1.564012210075593,1.3316593008603208,6.883397485726383,5.098830463887354,-28.35195099765827,-233.02778020941065,118.9348869174772,0.8181818181818182,0.07575757575757576,0.7424242424242424,0.5615149103105068,0.23898533889741608,0.4262195433957647,0.16378461372801664,0.549166436230716,0.08275312631662286,-0.0832136659588562,0.241051093691174,0.05744973658808604,-0.012214811595033577,-0.0005515103663613213,0.1875880380412714,0.018700972285413453
2012-07-31,PU+,0.1628340299717241,0.3664597701149425,0.2187736417241379,0.3454816091954023,34.69092307534114,243.53917781356492,17.69468046267178,-36.697850741329816,-20.78764610649096,-30.07883386116376,-43.63136410605378,-13.452384293924077,-4.620834709256684,142.00900996456565,-0.309188837303865,0.1989899630558353,1.3833405053716414,1.7156636626078812,0.5826681736305322,0.2655188452017676,3.0562228765014483,0.5474032534785478,0.7520030523964039,3.8288686768651337,5.328631160773991,-28.35599173846672,-232.9565293530545,21.247152289861937,0.6833333333333333,0.3,0.38333333333333336,0.51254694275558,0.3388083826750517,0.41680652281079666,-0.05637643445997011,0.10422472578734224,-0.06041888022171838,0.12226819083660898,-0.11413435563676927,0.005019750724317538,-0.013107723009173865,0.03859278144607267,-0.11143903060582896,-0.03630715680042035
2012-08-31,PU+,0.2113755164542466,0.3593461187214611,0.1977419549383561,0.267648401826484,33.123918152504,237.046019517825,4.158883978179188,26.090478948864256,-1.960270451366054,-10.107467302277657,-25.52652265658161,-4.622244566485676,-2.702352662580415,-144.80172917718548,-0.3795797629920902,0.1039030833704827,1.3879724986096849,2.1171261028632498,0.6358259518507281,0.3327344558307271,4.706365557621241,0.4975099645579171,0.6413262547236922,3.847384851901954,8.075495693866255,-28.25822061833116,-232.86585990878928,110.6492797952346,0.5921052631578947,0.3157894736842105,0.2763157894736842,0.4779062160339795,0.31486964637511655,0.49807240464808916,-0.2764514370379597,0.07270313760755386,-0.0797017712218134,0.06451121876732413,-0.13490000471371594,-0.03270778872651517,0.01182425656127626,0.06329027088340608,-0.36327802069874693,-0.3845459072992185
2012-09-30,PU+,0.2382960085628571,0.5182766666666667,0.2619753016285714,0.4546404761904762,40.10215707582413,254.22299633301404,13.590766570757843,11.987738380925776,36.62231621846478,28.12873078959848,52.9832758700078,19.11745010543278,6.99575227087927,118.41438697398736,-0.3079474886944059,0.3107257990495388,1.301405648378236,2.498592149670819,0.6543409869534746,0.3665592314575012,6.522375717828059,0.5483150214651775,0.8962483793198084,3.515124701713505,11.933621566684298,-28.222927751765024,-232.81787492830588,680.1924125847441,0.8450704225352113,0.1267605633802817,0.7183098591549295,0.5353016311853704,0.2888577936190954,0.3867185021789949,0.2976921009113899,0.9104630154971873,0.10887364126652124,-0.07252299517534488,0.18268773170929664,-0.0058238853917023554,0.004601266297132861,-0.004017252032255355,0.3007000296595881,0.7383877890254553
2012-10-31,PU+,0.2261898866760975,0.3911569105691057,0.2730713231097561,0.4137967479674797,35.225947875393125,242.24810200860705,2.890372247449282,-5.213878130533021,-28.14004199229277,4.148278715134016,-9.413203805655307,-12.96471586910418,-4.824940428066801,-154.80053343694374,0.0917064764368502,0.8400472013966389,1.184390074584884,2.58758032894418,0.5818821106223608,0.354215952306013,7.686439449279696,0.909404171476356,1.8483096484512984,3.109359221187475,13.06582359750619,-28.35739887504104,-232.83557388434053,2178.603707177216,0.7954545454545454,0.18181818181818182,0.6136363636363635,0.5207602796568112,0.3005253233819861,0.3557557540105682,0.10570445060364299,0.9999971118603815,0.033863860534525905,-0.00011809921567492842,0.013331795410377434,-0.0029843444695490714,-0.004895901804834825,-0.0070877715099087815,0.057339042457248815,0.7252024128021564
2012-11-30,PU+,0.19952462132,0.4416306666666666,0.29605239914,0.4792253333333333,37.15184117823576,247.7463273348866,2.4849072416139566,-12.54372091750314,12.136515170910846,8.0803444903126,14.679600495852558,5.32303639987669,2.2442933128680185,-15.114996764183385,0.3418878826344032,0.9614864886839292,0.8214596549311584,2.025366823081426,0.370758495300062,0.2941490721074123,7.164370461191972,1.22096358306581,2.1474149509060587,2.114483070248716,7.347157213445393,-28.69796886193576,-232.91865284208205,1292.5476357189305,0.8148148148148148,0.14814814814814814,0.6666666666666666,0.5757753457184192,0.2706444213615247,0.48893169859142016,0.11742903131478029,0.7670336215937503,0.0629711290894874,-0.05306729973134801,0.10840777185760256,0.033859521274653276,-0.023579100576782627,0.13417808061203448,-0.03838773588848332,0.5049945660889965
2012-12-31,PU+,0.1906671097270175,0.4163368421052631,0.1803927687280702,0.3070736842105263,33.86570177409165,242.9777042798562,11.990897934258564,-4.540861740065381,-5.897928777935442,-49.539994060957945,-44.50831787878954,-9.26105754401484,-1.943566182673759,157.39125249651374,0.0809672409429868,0.7276764980990059,0.2092943383780669,1.1840182297825557,0.0828236146511569,0.1906437956051092,4.866003820625247,0.8976964852605794,1.602098084263557,1.0734744742839033,3.0357440009679664,-29.06045181766372,-233.05060842532484,129.80117032818845,0.6166666666666667,0.3333333333333333,0.2833333333333334,0.4501172721385956,0.3381521082483232,0.4138373203775707,-0.14723492572705157,0.7004628938234988,-0.08359766301695122,0.14624483186639042,-0.12679004744671135,-0.06011956027748537,0.022209717404230174,-0.03939206779828458,-0.15813217582484143,-0.0014562705716537616
2013-01-31,PU+,0.1638974401735211,0.4422976525821596,0.1993148895422535,0.5426136150234742,34.316850839463655,260.33300468071536,8.580732043843831,-15.128815904561655,6.048842834552257,9.974941145241909,56.930975959861975,1.323375650487569,6.899191154441481,-33.46286268430578,-0.6301045389471067,0.0704305266805468,-0.4341119816476666,0.6172393150276912,-0.1604133035154124,0.1137174651097167,2.0096270305035726,0.3458972384108667,0.6048033573853744,0.4885063717656603,1.6220698710889725,-29.29501032534308,-233.14020126517897,7.460534276638984,0.9305555555555556,0.05555555555555555,0.875,0.6040967502113845,0.24931562340093982,0.4228733506645567,0.4268564739776228,0.8763994890614376,0.02590735147470208,-0.053752335329366255,0.1549975598890003,0.04485067082484554,-0.04436689323114665,0.051073368707247074,0.5758177750309942,0.06290727987652561
2013-02-28,PU+,0.2052702020342857,0.4218652380952381,0.2067193363857143,0.4128804761904762,34.2262840936731,248.4752180673823,3.4657367213218606,22.50863025589216,-4.729715553307448,3.647607675905801,-27.32393449237112,-0.2642622009763559,-4.661848426403507,-90.65940016276896,-1.4892488216180129,-1.374064397372333,-1.063761361748219,0.2139146299081814,-0.3165299653346427,0.1565558894466949,0.203767530694083,0.0389031252874924,-0.2150904027753291,0.185821778928805,1.0067835846437958,-29.4181288167601,-233.0911606613469,1.226013109908851,0.8142857142857143,0.18571428571428572,0.6285714285714286,0.5462137075407164,0.3113635904355241,0.3734300083782098,0.28776667027904973,0.7999982976348332,-0.016728307269033377,0.03702853485256743,-0.016765244971162052,-0.005377182428895611,0.01217233743302605,0.026582580745065455,0.11292015975891578,0.011317550375273766
2013-03-31,PU+,0.1922491752596226,0.386717610062893,0.2172655248962264,0.4147220125786163,33.5179569971438,244.71789431648983,2.772589342435273,-6.553485152578412,-8.699118511260526,4.975821218390246,0.4450299394835604,-2.091256465914847,-1.5237019131325216,-22.31435638015315,-1.9658071796733416,-2.8110412643191207,-1.3443916848798207,-0.197497546777122,-0.346712527938478,0.232366598020762,-0.4257135108327353,-0.0465960876407276,-0.4080243309579585,0.101364912819456,0.58904882085348,-29.43979344880654,-232.9990546456341,0.653303479682819,0.7777777777777778,0.2037037037037037,0.5740740740740741,0.514800190028769,0.31017263019802394,0.39712555464178556,0.41936738083973657,0.29379193421453537,0.047756104806108715,0.041998211524416344,0.04642140455902522,0.008529381298545293,0.005552256451933137,0.023937508011232803,0.5950661961831657,-0.04575258835754034
2013-04-30,PU+,0.2183815607043137,0.2769843137254902,0.2103421966372549,0.4456235294117647,32.57496721791718,244.60578538428985,2.484907248409132,12.74514928572597,-33.37338614826718,-3.2384510257955363,7.186604453203728,-2.853720833057721,-0.0458219942391298,-10.954632995827932,-1.7871317129534792,-3.9876940144772446,-1.153771993552134,-0.6453583293966848,-0.2789441089152016,0.2813577494443696,0.4561802449289642,-0.019199142107354,-0.4496242432493269,0.1561113337408053,0.2927412404403843,-29.39021980482456,-232.9357092719717,1.578034751895995,0.8235294117647058,0.11764705882352941,0.7058823529411764,0.5235789256060824,0.3003617284052512,0.3721705204370074,-0.01543091832817759,0.22106209522348746,0.09957623528768414,-0.11900795385161109,0.5440218225377496,0.015920367927966368,-0.018840981663235272,0.0020115753316270954,-0.044834776168557786,-0.19401733909629584
2013-05-31,PU+,0.2502575075416217,0.4589436936936937,0.2046700988513513,0.4382036036036036,33.285114135132176,249.65082553512883,4.852031137071348,13.624660661478629,50.4966655410466,-2.7336303336172008,-1.6790840327416,2.1566157419547345,2.041536830814698,66.9162074161424,-1.117568703810549,-4.73479232611702,-0.6074112128306586,-1.0126909825435528,-0.2068453585373305,0.2735902990572199,2.730239331961201,0.1404351536591693,-0.459382393760255,0.3854259776245707,0.1315068568653397,-29.333656606799966,-232.94596071535105,15.336557108995832,0.76,0.17333333333333334,0.5866666666666667,0.49762301206588744,0.31648265406489373,0.38092398298192104,-0.09393749590142565,-0.061838938029446504,0.13227231325152883,-0.08660729727929511,0.10516945248626182,0.012911580495080687,-0.01479093037545078,0.017211088334096198,0.0925167176865013,0.06951816760943119
2013-06-30,PU+,0.262126876892973,0.4135315315315315,0.2863978980135135,0.4270171171171171,36.27454968989086,242.089266276056,8.589700321940025,4.63382315822598,-10.419376407268178,33.59826867508329,-2.5859551427450134,8.600611083375279,-3.0756716660546384,57.11664401058669,-0.3394193958439578,-5.041418816636438,-0.0832092178574241,-1.450076002730692,-0.2041038602767624,0.1824721371728535,5.150622708536536,0.5255448106426848,-0.4617020968973127,0.7608252799664774,0.0028191274555004,-29.3314243116194,-233.0604560731528,172.53889831631045,0.7435897435897436,0.1794871794871795,0.5641025641025641,0.47276040529593444,0.31819982960438115,0.3788929709044623,-0.1459070632256292,0.52869050308468,-0.028347967427722588,0.004383611333965878,0.018173693337721605,-0.0248278735309528,0.023400539243276394,-0.009197985186237444,-0.05019435836465906,-0.006602591696317772
2013-07-31,PU+,0.2419228560572549,0.5192274509803921,0.2278790851470588,0.4850705882352941,34.724459589919064,248.7757802002777,9.601301405498422,-8.020975078020932,22.76082689084112,-22.856693574299143,12.747032374984997,-4.36720589526099,2.724548261404605,11.13348038232469,0.1114375944724199,-4.8087128594831565,0.0569990595364687,-2.0294758007921163,-0.2285332099468962,0.0152414472343834,6.145912307081983,0.9312450907691882,-0.4600083127763428,0.8993214812687864,-0.1003289481610307,-29.35110212144195,-233.2452785927638,466.8053246637292,0.7843137254901961,0.1568627450980392,0.6274509803921569,0.563414369728051,0.27145909595613676,0.4717833626055211,0.38105956304844524,0.34224379717417586,0.06775364254620721,-0.08960149495809835,0.21816140704979428,0.043776109734147674,-0.08817707080842427,0.11409783615058462,0.309949132146718,0.17086912148560046
2013-08-31,PU+,0.1643328741745454,0.4833230303030303,0.2026035355363636,0.3514006060606061,32.81793682105673,241.82220197314632,7.677864167316393,-38.67248074127309,-7.165680577530013,-11.756411749481282,-32.23675226459186,-5.6469105733698655,-2.834925612447731,-22.355724709100024,0.3596117254437483,-4.135592637759086,0.0822679611119052,-2.720185510722789,-0.2670106021017929,-0.2137823534191698,6.979717919743881,1.2461341083262725,-0.4521734825107804,0.9264133752483332,-0.1658707982467932,-29.3811370392926,-233.4531126624512,1074.6151965087174,0.6785714285714286,0.25,0.4285714285714286,0.500032368515219,0.3268451559623437,0.401290319170224,0.12329401619076417,0.5167710348635614,-0.014590111827807097,-0.028954706467513507,-0.011926842337216748,-0.01178092499289899,0.0011376158987120967,-0.014968010876736382,-0.007982233497871444,-0.018693740562122085
2013-09-30,PU+,0.1211226603524324,0.324990990990991,0.2137759885,0.288536036036036,32.95470033698787,236.253581990583,5.54517789836086,-30.509033725238933,-39.68877679870778,5.367764156844809,-19.710691403617474,0.4158681146040714,-2.329702541635265,-32.54127023179941,0.2486225101265072,-3.4430591413986456,-0.067205377272365,-3.396579664104421,-0.3862536301165876,-0.4702784029147487,6.971999237474552,1.095619013405,-0.4361999218617925,0.7756698197190314,-0.198245720145158,-29.46720385579215,-233.6358084931642,1066.3525127831049,0.6410256410256411,0.2564102564102564,0.3846153846153847,0.5084556159205161,0.30312957274369323,0.38197470120634097,-0.041400334483917896,0.38333662857268475,-0.008324043057588739,-0.007360184340312789,-0.08456377055229723,0.005641740546704019,-0.004480435235560066,0.005112420300680293,-0.0026040791760980697,0.15111332098371455
2013-10-31,PU+,0.1528626343088889,0.2882916666666666,0.2300434104444444,0.2879388888888889,33.849138814575184,237.45619618328425,12.306750660824708,23.27359490920072,-11.98247627669449,7.3339348124733235,-0.2071720156104721,2.6779656444548885,0.5077441217250398,79.72192430876441,-0.0991060620661155,-2.85671527711142,-0.2951265239500167,-3.77059951980815,-0.4526743558937183,-0.6585905426363519,5.920734981262814,0.7190077592548095,-0.4107094851070988,0.5851040588476458,-0.2086950860727625,-29.51087680785654,-233.74305645517987,372.6855301205118,0.5897435897435898,0.358974358974359,0.23076923076923078,0.4584576092087306,0.35266566085509765,0.4708153548404897,-0.18553108267191007,0.2573754136571661,-0.04462689381122639,0.05656561974508692,-0.17741982797829162,-0.007672716511850967,0.010111753294194994,0.16121688568861772,-0.07322470345099857,-0.15290161336078661
2013-11-30,PU+,0.1533289403595797,0.0213495037945125,0.1703906392758319,0.4492599532983071,34.77555696094438,351.6829188756665,40.49062920783352,0.3045847435196909,-260.2944201221141,-30.0174353117624,44.485341452238494,2.7001196001054573,39.27468016454431,119.09226237188636,-0.2640161247580473,-2.348839928439019,-0.4368953171269417,-3.5923673226439647,-0.3144840484253761,-0.6908475716422815,4.42618297820042,0.5813222674490315,-0.3726868052011249,0.4867057235955419,-0.2042002597901096,-29.416636485915475,-233.75948565568973,83.61165951096406,0.548951048951049,0.4230769230769231,0.1258741258741259,0.3533614447692057,0.4242353987883308,0.3112423727539426,-0.31073787653893575,-0.2882719535621395,-0.07152785566121073,0.16663941724629788,-0.22977378551863914,-0.14244644479041452,0.10433511571166258,-0.017768012309485392,-0.4090988048459796,-0.7395116889302258
2013-12-31,PU+,0.2524998570520755,0.3882855345911949,0.263108824254717,0.3123729559748427,39.89664841314408,240.54265047482968,16.33210258395059,49.882513200907134,290.07124849365266,43.4474047971414,-36.34038351487294,13.737756688514418,-37.98325563120388,-90.7937915155826,-0.1541133614346726,-2.0181339082710643,-0.5089806417292626,-3.12411682278644,0.069679913899645,-0.4700422436240327,2.9054729517109643,0.6705359560133647,-0.3352634232036685,0.4417746775379656,-0.1877575784708225,-29.07463705182817,-233.6356609167333,18.27388427358294,0.5555555555555556,0.2962962962962963,0.2592592592592593,0.4611458937740988,0.33421723037544226,0.36160884866173865,-0.03423539075840367,0.6892491458900674,-0.0062609518316884966,-0.054015898429664935,0.07596046344020926,0.0035219076484060835,-0.027173799317212206,-0.032538378126733186,0.11035418094527207,0.02615263820777275
2014-01-31,PU+,0.2359485849563636,0.3498957575757576,0.2061938215545454,0.3134551515151515,32.887091418813384,241.25992266651045,13.020517399729034,-6.779676164865577,-10.410570824242829,-24.375111925950392,0.345844683555104,-19.32120980091013,0.2977454922679827,-22.66062797670549,0.1630719355831409,-1.68989146080189,-0.6003183648362621,-2.5249126915850333,0.853410682740873,0.2561403579321428,1.3349815847857245,0.9904824746346134,-0.2836271139855784,0.3893036080771338,-0.151668030477077,-27.79916172423784,-232.9687027348068,3.799925969323994,0.5964912280701754,0.3684210526315789,0.22807017543859648,0.4460601928202729,0.3865532541745587,0.3308042390791445,-0.19879865831035418,0.3963096329460508,-0.07796973800993011,0.05548028420551383,-0.1566152514903719,-0.06328479029377836,0.042144062522585464,-0.019748779518217983,-0.043677979611657855,-0.36361079606743396
2014-02-28,PU+,0.1889264424351515,0.3122060606060606,0.2233757462878788,0.3105,32.60307391372437,236.85993678321285,4.836282346886075,-22.225617509680152,-11.397185415544698,8.003870666728414,-0.9472391097822888,-0.8673646928469583,-1.8405887198993045,-99.03800594000433,0.5713329512582584,-0.9505478595053642,-0.6298615412195139,-1.7948188166914694,1.5506903140212385,0.936022930017834,-0.1194313394883955,1.583986747895337,-0.0816374649284107,0.3733322146235116,-0.0655757787381162,-25.43207829369381,-231.71081637122757,0.8874249367774896,0.696969696969697,0.2727272727272727,0.4242424242424243,0.49872777182044403,0.3408360765738921,0.28377968670629194,-0.02692462125770259,0.7846064750878587,0.01883883153741575,-0.02945600353257463,0.0026490283283669425,0.002124889413975005,0.004469841266113826,-0.040006549285783524,-0.07211824518549047,-0.021773604280727166
2014-03-31,PU+,0.17825011392,0.2697333333333333,0.1952269817631579,0.3048333333333333,32.57800992042908,238.6749289561089,7.336937690081788,-5.8170047442817525,-14.622960384289572,-13.469242376590325,-1.8418722210722729,-0.0769057310995388,0.7633513826355424,41.67752317017578,0.9859977918404328,0.0560427561366533,-0.5784130134796099,-1.0268556613938022,1.8787728518556253,1.2619384152045248,-1.0261307853632844,2.4938462277924365,0.5894762368277389,0.4014542896584082,0.1263979446956791,-23.601334319777475,-230.72837493764868,0.3583909729201641,0.6666666666666666,0.3157894736842105,0.3508771929824561,0.5170715798934301,0.3395905773759934,0.34739963418710357,-0.14838314820474618,0.40493119694833446,0.05331962013123445,-0.02250606671574215,0.02514711807019683,0.04356134245426714,-0.021812288852584717,-0.00277529483046961,0.02275993963541538,-0.011700509629200002
2014-04-30,PU+,0.1948602150974193,0.2782295698924731,0.2217661291935484,0.2820188172043011,34.338215897066135,238.0206069607197,3.4657367665663035,8.909475745620174,3.101274726749877,12.746046380707751,-7.779138277606277,5.262138159621024,-0.2745242432632664,-74.99963060522903,1.3105203072978415,1.2432697420395231,-0.4746954456486071,-0.4546228055760396,1.775167774618026,1.1820451265941525,-1.712426805176375,3.521463674273837,2.998764255213635,0.4627411496089229,0.4029539899896164,-24.245530856278094,-230.99960016267192,0.1804273987387921,0.5483870967741935,0.45161290322580644,0.09677419354838707,0.4433418999035512,0.40030730871724024,0.3253824051556502,-0.04853551484365729,0.4100224905742297,-0.04314858262475186,0.05898909595233104,-0.022877254459075458,-0.010703237687485002,0.021262274536778807,0.0036821386743210553,-0.006244430413098745,0.06034581438747734
2014-05-31,PU+,0.1840358033796774,0.2507432795698924,0.1690915724354839,0.1178744623655914,32.10324246102202,217.88856433216185,14.835081407564193,-5.715213358752842,-10.40169387265771,-27.1182937572657,-87.23536164989562,-6.730186376324776,-8.8373494484387,145.40695001787904,1.4784258435557602,2.287085443869337,-0.3425052931033353,-0.2032564397112047,1.3525535496252905,0.7813176335791332,-1.6571028508998658,4.199397048181666,9.378031855637833,0.5506560278285488,0.5843356087732582,-26.27951374773532,-232.07628824208317,0.1906906398109758,0.42748091603053434,0.5419847328244275,-0.11450381679389315,0.4020956226318847,0.41533650565920893,0.34176586894476824,-0.10446910273798807,-0.19766434903915264,-0.07747110995905343,0.12537190461792164,-0.44604196380745487,-0.022617776066968166,0.05105864964241826,0.0012281269675557815,0.03143320349779939,-0.18874380647179073
2014-06-30,PU+,0.1830487421464151,0.2725930817610063,0.1876614257830188,0.4165069182389937,32.1796037227175,245.55208235814732,6.643790507001268,-0.5377854361983587,8.355051505427172,10.419899561904618,126.22828919989064,0.237579081034744,11.952531352521838,-80.33120811633549,1.434985944529588,3.053166494214834,-0.285633867359704,-0.088501765990766,0.7261939456174935,0.2175153654341104,-1.610076646700518,4.012947092296593,20.71414534211412,0.5922043945727096,0.6835681609872498,-28.079604244213275,-233.01765225485497,0.1998722939361777,0.7358490566037735,0.2641509433962264,0.4716981132075471,0.5469487946269647,0.32956570773473326,0.3441213175784105,-0.3552096645051932,0.679790121663174,0.0891131797039673,-0.0650927123104185,0.06866849680321219,0.10245764761434814,-0.01864451345827543,-0.013235043811487077,-0.1910773152710745,0.19841666898892302
2014-07-31,PU+,0.20286363642,0.324780303030303,0.1845227274545454,0.2864606060606061,31.35140576887861,237.13630318593664,2.772589380109268,10.27815436455189,17.516882284835575,-1.6866772596249069,-37.430204584704704,-2.607371990566462,-3.4873978087084505,-87.3900982283732,1.064692903888955,3.3930631050774647,-0.4541055928703197,0.0517235148436818,0.0320966472046462,-0.3441531348149003,-2.3820554462195216,2.713309395541053,29.288794847008315,0.4756823430776495,0.8213512066816402,-29.114184692999043,-233.55181640855164,0.0923605401483804,0.6,0.35555555555555557,0.2444444444444444,0.47909822596444024,0.3748589292168617,0.3407232427965814,0.18891310558768912,0.16666750823088203,-0.041365241226686056,0.021809125183005647,-0.10876609983845885,0.004461255491396216,-0.005073253561564444,-0.005367719806306518,0.16090216252974682,-0.12230870671343799
2014-08-31,PU+,0.441626767696,0.9621530666666668,0.413687878964,0.7256357333333334,65.11256981808788,301.1982917613292,10.39916084281606,77.79310968306844,108.60245878986656,80.73391340126473,92.94471181492166,73.0858508153162,23.91337297209007,132.19434368866365,0.7574704478385963,3.3392284923184725,-0.6134499212319743,0.4575490404192665,-0.5326219052113151,-0.7446443956810987,-2.7776533261714094,1.946235285600596,27.729197161915533,0.3821462476288739,1.3484629043931455,-29.559738268434064,-233.78573363568583,0.0621842624719305,0.7619047619047619,0.05555555555555555,0.7063492063492063,0.528020958992697,0.1873486711096669,0.44502036049230215,0.39178110072068306,0.7818279310353323,0.09284277746310383,-0.3175037193877311,0.2206444925646967,0.03176578981573955,-0.14774006692285635,0.03354999643770873,0.30565727900422435,0.07364660010540489
2014-09-30,PU+,0.2083096784302041,0.2625319727891156,0.1795817359489795,0.1598210884353741,31.39144420228661,229.40542849598216,9.28730218200928,-75.14392972927621,-129.88006752517757,-83.44813161795656,-151.2993151882972,-72.95822371880662,-27.2277956162914,-11.307700426394293,0.7383798033457183,2.88746538163244,-0.7901402302463958,0.9026226551043046,-0.9231336611451036,-0.9574219370439252,-2.349928752077833,1.9059035473354424,17.479594510195962,0.2944478234769998,2.2343289348458777,-29.7495298209545,-233.8767555017468,0.0953759573122616,0.42857142857142855,0.5714285714285714,-0.14285714285714285,0.39064454424137973,0.45958026361708737,0.4417247835431678,-0.13230969102630885,-0.20711705232508737,-0.12302438370721379,0.21715047958468217,-0.6011174068267403,-0.07391163750870097,0.14131854719307185,0.0477561973535621,0.023411776981861664,-0.5232342002138219
2014-10-31,PU+,0.1779240465421865,0.1030407824222936,0.1895327106398714,0.3960563236870311,50.40829277447266,345.60547094074343,26.64903273819524,-15.766905667821533,-93.52480200046446,5.393116737736059,90.75014403675463,47.362032256703415,40.98069987693464,105.4104744513966,0.8881509264724708,2.242197757807572,-1.032604173661788,1.1736679779372057,-1.1951307717906563,-1.0338040438393843,-1.7207482314261155,2.243992188973808,8.945831590130135,0.1967451284559097,3.002099204076507,-29.84413762142495,-233.90498531296575,0.1789322151048883,0.4185303514376997,0.038338658146964855,0.3801916932907348,0.3798912647968759,0.2558384526672717,0.3072770681794502,-0.2716095618883517,0.8516840649150548,-0.15071358480707592,-0.34496754415690944,0.013627672328797396,-0.04820934502000865,-0.10215271984150368,-0.020093869411098086,-0.016100712650379073,0.20123463929989135
2014-11-30,PU+,0.2048944676342857,0.3374130952380952,0.2004559757142857,0.3760708333333333,33.19564132717207,243.63324336067367,6.040255634437629,14.113830015112407,118.61831258527992,5.603302499975514,-5.177892050123771,-41.77371187406547,-34.963387355015044,-148.43065203176243,0.993253494853587,2.104371635570176,-1.161754370512851,1.3003773034855686,-1.4183674455333444,-1.1377759977106487,-1.3375709763791932,2.513365760060922,7.733780911240585,0.1536033586150594,3.438948033917761,-29.904693042574607,-233.94010569163092,0.2624824709852524,0.5789473684210527,0.17543859649122806,0.4035087719298246,0.4239417043955703,0.3232390930255254,0.3997188468756747,-0.003255295131895803,0.6719294806280734,0.02746542263379629,-0.0943387455519015,0.14244975791770237,-0.03554663681995458,-0.000801823208565873,0.002627229585947898,-0.07106541430287194,-0.034738230774134765
2014-12-31,PU+,0.1982892514064865,0.2881441441441441,0.2056600390135135,0.2851594594594595,36.58487923320202,237.9116599930513,24.1269784126202,-3.2768224201957312,-15.78471261362268,2.562985936038422,-27.67289814938694,9.721643736076262,-2.376456525416508,138.48843159699194,0.8860862170883874,2.19639824228583,-1.1413675970614834,1.3850371649770696,-1.3838522573352423,-1.020979530711586,-1.0746353377595304,2.238978819534509,8.524399389766904,0.1600486037077986,3.763241041855381,-29.89619072101992,-233.9003948839227,0.3414222364005079,0.5535714285714286,0.4375,0.1160714285714286,0.42991980577686,0.4030797569347279,0.44908667840684213,-0.35075892804134434,-0.056819759649301436,0.020123071046592805,0.060286905936743504,-0.12266667484706764,-0.010958993326696899,0.035568715613669394,0.005737115509721558,-0.14768199154251835,-0.7086711364189643
2015-01-31,PU+,0.19640233972,0.4502309523809524,0.1753274584142857,0.3289061904761905,31.56622940409344,242.41686911515475,2.7725899332576662,-0.9561521473638545,44.629982319355015,-15.956909313474393,14.272404409750164,-14.754715994546231,1.8759415564321085,-216.3548773282909,0.6585175183681623,2.614977514010664,-0.9641681581255024,1.499888020894868,-0.4727453996409413,0.0879627418822849,-0.9958340720806724,1.7452872764312732,13.198742393800572,0.2219669158676568,4.249453909570772,-29.52351325254186,-233.16868934584872,0.3694151971095543,0.5945945945945946,0.40540540540540543,0.1891891891891892,0.48200890542687597,0.3692806689068675,0.41209387449885937,0.5418885935195659,0.845038670901513,-0.024653830304096375,0.05870360856424346,-0.11464355477673596,0.004629478026053678,0.01018444440540825,0.004691124134419761,0.6464955214107128,0.04065876783715178
2015-02-28,PU+,0.2041961580241666,0.358390625,0.20394237028125,0.3260947916666666,36.26326905570748,244.21890439057884,17.58135275270766,3.891578190051873,-22.813715578685347,15.118203894727468,-0.8584463691469133,13.871749784646,0.7406128404199908,184.7056960366802,0.4236929140802257,3.230705445211836,-0.6508904956618148,1.5869990907906073,0.4078990519299411,1.1382610912981383,-0.8913720178179935,1.340953530706134,24.829330008990556,0.3622477706867039,4.657321947851153,-28.64314663065568,-231.13930085811805,0.4100927120817477,0.6666666666666666,0.30303030303030304,0.3636363636363636,0.4905528635388673,0.32571641344464186,0.4197006390233629,-0.24399342224725357,0.3119260865794996,-0.024966648807132272,0.03564092952324463,-0.08200824878708024,0.0017848014312086095,-0.00825607569329093,0.044776672696445786,-0.23938445393184668,-0.5493939458989703
2015-03-31,PU+,0.2566166072533333,0.4663392156862745,0.2403241237745098,0.3153274509803921,35.6655171419734,239.7892515777837,5.192957773942679,22.85020796976216,26.32897771353252,16.415107263034447,-3.357648527081362,-1.6621041629275377,-1.83045530929105,-121.95354041998606,0.228545458607975,3.6041667555087593,-0.280462522706539,1.544019172133687,0.7141498637551734,1.4851255512533066,-0.6390841561874158,1.0701317659578833,36.28288182027418,0.5961009216429772,4.451642454712321,-28.10435240949848,-229.84511703119512,0.5277755627530598,0.6078431372549019,0.3137254901960784,0.2941176470588235,0.46230225279635073,0.3851354626171729,0.39916972784941074,-0.10079475735879714,0.5687012004786464,-0.025918005556173025,-0.013537462514592615,-0.005843519784680763,-0.019653086891099167,0.010944995746960475,-0.00349687865017001,-0.02700997438006222,0.01361763438847978
2015-04-30,PU+,0.2039893162533333,0.3435948717948718,0.1606581198333333,0.3207153846153846,30.19846866005716,237.73093678321283,1.0986130097571605,-22.951554931656734,-30.54500348987606,-40.27099000335465,1.6942451719297695,-16.63930991355366,-0.8620902707562019,-155.32549495074232,0.1255539538420456,3.524313195759259,0.0429348747685125,1.3926673713786653,0.4270959868404794,1.1171515396030745,-0.3247446522094124,0.9471374499798392,33.462295360037686,0.8845365768673286,3.793840111057544,-28.61400220978584,-231.2045002738429,0.7227118729627616,0.6153846153846154,0.358974358974359,0.25641025641025644,0.46415493732843643,0.37957006965119106,0.31551771152947805,0.04559347602493709,0.33333271321433716,0.01749216003523582,-0.011207806765616127,0.08409551834092474,0.008256876218257062,-0.004597543005329552,-0.04570869462389956,0.12151835515323717,-0.10047266674807184
2015-05-31,PU+,0.1925352073254054,0.3758765765765766,0.1769038260675675,0.3556234234234234,33.73234220482442,252.34133968556856,26.802409234773883,-5.778858896413939,8.979757064601882,9.63276014428031,10.331829408216556,11.066586999913268,5.964317709838171,319.44432963162313,0.1442068228406374,3.175910746572336,0.3008109318449952,1.356059011959993,-0.1201362740523697,0.375097204170257,0.2997687216733568,0.9684841007190296,23.48045439706553,1.1916205615299469,3.649135334192533,-29.260002412347088,-232.8055039304874,1.3495466505887466,0.6071428571428571,0.29464285714285715,0.31249999999999994,0.4770816480740905,0.32110059598926455,0.38669986032938325,-0.00925794597070205,0.19895408549811272,0.08848239890897167,-0.09699712845107357,0.09292883064254065,0.04887751269230304,-0.026939195979721733,0.018766930137990852,0.06563156905615739,0.07023505929634838
2015-06-30,PU+,0.2515081699592157,0.4082941176470588,0.157535947872549,0.3638960784313725,31.8342130897254,242.1243292562029,5.950643534783094,26.719644173800628,8.272695556624027,-11.595255666881686,2.299595644426767,-5.79154917105576,-4.133134204942473,-150.49924094808725,0.2054844589849319,2.660928609543165,0.4500533579607735,1.2232671945111508,-0.5650287630866795,-0.3620263743735589,1.6864863210079284,1.041481005663771,13.841404268365372,1.4090625361628313,3.166539099533437,-29.578458193856683,-233.56437277914017,5.400471804773465,0.6470588235294118,0.35294117647058826,0.29411764705882354,0.4750393386565003,0.3557684217013565,0.3802159034435206,-0.06903052374060117,0.32263110935425826,-0.04446596016688614,0.09970394700839115,-0.10325908879652537,0.0014156132081159494,0.018537004054583993,-0.005932191850167906,0.02038757645106789,-0.13365685582991077
2015-07-31,PU+,0.2626850648820253,0.4027033755274262,0.1303564033227848,0.2458611814345991,28.07734696679078,236.64431250967957,2.8903733095062343,4.348036876443789,-1.3787541222633977,-18.938140943846506,-39.21012545172321,-12.557850130881876,-2.289312876392649,-72.21137041936072,0.2107391201717329,1.92576207373229,0.379208303659501,0.779368392644527,-0.75870925949398,-0.8220601790014977,3.9631088156192553,1.0479513444376356,6.392208119053129,1.30179402872272,1.9483615332696456,-29.67853154031022,-233.8211115627243,52.62065985931137,0.35,0.6125,-0.26250000000000007,0.42157354615628717,0.4221462374087423,0.21631273299483825,0.01214303757857522,0.9244994411572245,-0.3665911407725571,0.365067260735319,-0.6532105606419303,-0.08856169743768884,0.07609377138776854,-0.14949396301931273,0.00779677835677578,0.5504495732180061
2015-08-31,PU+,0.2319920900985714,0.4723273809523809,0.2200929706964285,0.404935119047619,35.87271428463788,248.0172458904101,8.738736582316793,-12.425256602153349,15.947209880560806,52.377778791434935,49.895978084869256,24.501386527547456,4.694006090616123,110.63799567974785,0.0851047823684863,1.002374616179292,0.1224258268698462,0.0432734818938336,-0.7014508529620361,-0.931036254299234,6.296556466280905,0.9021922621081676,2.2565777077985145,0.9709019503760375,0.8124900986726491,-29.650936639127675,-233.86649171905265,542.6998834343186,0.7543859649122807,0.19298245614035087,0.5614035087719298,0.5514608582383708,0.2849666566114154,0.4062882739942331,0.19127557821733945,0.8206326025279752,0.007551311292265259,-0.09090072440931107,0.03712605147670667,0.014586939662764517,-0.013243686139527172,-0.009226871798742656,0.09603871505674383,0.11370243855607676
2015-09-30,PU+,0.1989672652162963,0.4303314814814815,0.2307970446851852,0.3901111111111111,34.07436656376381,241.9103204011452,7.560081565628551,-15.356296188941888,-9.311654999339307,4.748867873574484,-3.729525555853233,-5.143157079134521,-2.493120300653905,-14.488364418170832,-0.0305666994979475,0.3816985141659738,-0.0125027479499294,-0.5675332167720964,-0.4840533296792526,-0.844340588975908,8.21947842649367,0.7832568494309058,0.99660374436137,0.8282417531832629,0.3351888560656688,-29.53052165805385,-233.8307960767334,3712.56550163616,0.7017543859649122,0.14035087719298245,0.5614035087719298,0.5240704670809863,0.27686517701173824,0.40164851882639696,-0.27364323831241455,0.19300204679741736,0.10407231302992057,-0.13230781713535267,0.07048710405557601,0.012544079213466917,-0.00781032617326146,0.006530893395233436,-0.1740125609405611,-0.034706701207204205
2015-10-31,PU+,0.2404904339708475,0.4962971751412429,0.2336330038728813,0.4255333333333333,38.918796748069695,254.26928985623027,16.764906879328542,18.95399983727999,14.261909186713916,1.2212794781818643,8.691168532163427,13.293195287033509,4.982682107039379,79.64058461962995,-0.1183097803807447,-0.0582297608237581,0.0553358065681595,-1.1337839021790268,-0.4475399591841059,-0.9761192314166556,9.737952596538292,0.7017819057300317,0.4752664918866193,0.8975621340310549,0.0900799065134087,-29.50760331917464,-233.8838663590196,16948.804791359675,0.7,0.25,0.44999999999999996,0.49812887236475945,0.3194657106573383,0.39742256002586734,0.22966271884263748,0.7926082313228379,0.06595069579477766,-0.01578293386279071,0.022273733712227087,0.028061625786632908,0.0021253601984194577,0.06897509017638075,0.44689401166554427,0.07643758573884804
2015-11-30,PU+,0.2373604155013953,0.5769806201550388,0.2424653436627907,0.5619426356589148,34.437508170598505,252.57476507431392,6.866934189882778,-1.3100586673280403,15.063378795098169,3.7107262756907775,27.805648874887464,-12.233101663693288,-0.6686597500856722,-89.25700793736617,-0.1586048897169451,-0.7447292886001189,0.143858691821174,-1.9088508772683028,-0.4769636821978462,-1.0569391417364984,10.916406267325868,0.6666945642722801,0.0066961666570952,0.9953875919846036,-0.0834826863932348,-29.526136922981824,-233.91311889614883,55072.52694874279,0.8222222222222222,0.15555555555555556,0.6666666666666666,0.5228700710667504,0.295030548547705,0.4723728207655261,0.26789801097543603,0.7570788988097346,0.26271704598382506,-0.016467838394569695,0.46068870850909566,0.04322903491485364,-0.004761257955079017,0.12176539475937619,0.122892638257725,0.104617883389536
2015-12-31,PU+,0.2066347632007018,0.3737070175438596,0.2150017224298245,0.3212631578947368,33.74014705514841,237.92973779850848,13.150135391882186,-13.862692064747732,-43.43365638266829,-12.02127480366985,-55.913917910486944,-2.045788858255537,-5.973189343920998,64.97143084712097,-0.0449532161492431,-1.6668109544812848,0.0346875619136069,-2.900729356784447,-1.8137449779238888,-2.4287203840264664,11.881665805313926,0.7694033192028398,-0.2793183143110694,0.8759628588016446,-0.1767502302042214,-29.98375959120204,-234.172487225186,144591.21098850586,0.6101694915254238,0.2711864406779661,0.33898305084745767,0.49263777223936583,0.32471311767980204,0.47064961382618803,-0.19763492623270004,0.04572230704536033,0.08893566428698917,-0.013192837379740512,0.03126753611560615,0.0017939922645720976,-0.010260595483806353,0.009086539209636257,-0.0721202521542617,-0.537221303129473
2016-01-31,PU+,0.2539022151047826,0.4182840579710145,0.2367312940760869,0.3610007246376812,37.94288665669391,246.9373941885803,10.88271751519661,20.599640714732185,11.26886513849128,9.627967825330147,11.661937183960978,11.739361080696794,3.715942892510757,-18.925607267399823,0.0786916104641588,-3.1614154226977926,-0.2551153388575022,-4.194181761534535,-6.170410302630199,-7.337486363403507,12.83803788905164,0.8952317441174938,-0.4258009334647761,0.6154937916317256,-0.2166502543636444,-30.144711614920272,-234.25998609916255,376260.83390088927,0.6086956521739131,0.29347826086956524,0.31521739130434784,0.5023991108426581,0.3128939488391473,0.4278769841208717,0.04959022072745609,0.7143716457677886,-0.016864226285816922,-0.014127713635637062,0.061493612820785144,0.007223629736747016,-0.035735440075337674,0.031412484590634594,-0.008415216753964422,-0.08249492223821553
2016-02-29,PU+,0.2240637826819048,0.4778404761904762,0.2077743909166666,0.3709678571428572,35.43599086200096,249.1490910621553,16.85535188779322,-12.501845755354402,13.311617872221248,-13.04728856718932,2.7235454787691014,-6.835405171984599,0.8916636888874547,43.7492243964199,0.0210514269571275,-4.842150109490386,-0.7107416718056081,-5.490902756298919,-10.809083464367069,-12.62276183516444,12.87563490374608,0.8346356824106483,-0.4602765953830826,0.3319463605089929,-0.2276092139148808,-30.14678177801288,-234.26063348708396,390676.4113021476,0.6785714285714286,0.15476190476190477,0.5238095238095238,0.4892092668229625,0.2883315016737297,0.3460218152879847,0.15640708122652563,0.8458774339446162,0.0150093245169306,-0.10602328721717123,0.14049256219143919,-0.018506738339252544,-0.035775111561810145,-0.02096890954544561,0.16569207714295525,0.07973938807864295
2016-03-31,PU+,0.1684570707042105,0.4163887719298246,0.1898795855368421,0.3271354385964912,38.338806698340086,254.06362887799244,16.278617429146816,-28.52498113753608,-13.765757322003152,-9.006272106138436,-12.574114996858764,7.873461826108409,1.9533266474816635,-3.481579335307029,-0.3154362805506885,-6.198226006225567,-1.3441838733393645,-6.604480019685616,-13.849079855636107,-16.065107200394106,12.325258550442795,0.5428316621012743,-0.4661336326378035,0.1014190945532176,-0.2303790461400518,-30.146801026069262,-234.2606366777711,225315.8670909661,0.9214659685863874,0.06282722513089005,0.8586387434554974,0.5296661893578725,0.23530760982819876,0.2293126171655026,0.0897839543928192,0.5615855845136613,0.3635955034646965,-0.3007836233525417,0.6913888154560225,0.06080607331204174,-0.134736438180729,-0.16031431587426942,0.09926963272323713,0.062236252344965104
2016-04-30,PU+,0.1677123575730612,0.3195982993197279,0.1344544211836734,0.2170700680272109,28.14437581362557,237.5507363719069,27.241461889528573,-0.4430589379881552,-26.4554479150966,-34.51648452644628,-41.01540749005856,-30.911507179008,-6.720351555165373,51.48877143892327,-0.7180107797919945,-6.818389133937607,-1.8939717376436849,-7.145692732212257,-14.722987197538398,-17.0763646938406,11.837319957418536,0.3010825881413195,-0.4670731857109954,-0.0088603522734105,-0.2309450813411654,-30.14680158951594,-234.2606367448572,138319.2858641712,0.4387755102040816,0.46938775510204084,-0.030612244897959218,0.4337025654635259,0.41026966309897145,0.35626854275401554,-0.15809239229092897,0.3662711254870726,-0.09907650634958227,0.07071914239629912,-0.1673531569593169,-0.0122988172426764,0.03523044592021208,0.02270819524411739,-0.07152772077669142,-0.024653426339502488
2016-05-31,PU+,0.2421399596502158,0.3024119904076738,0.1947832568417266,0.1898527577937649,40.1222546813591,223.0895578092904,59.94649141014389,36.72655499578052,-5.527459826218204,37.06621713573517,-13.397138281161562,35.45836188058885,-6.280793212424436,78.87122076344377,-0.94916169643885,-6.713887694761056,-2.193389769869494,-7.149683674201665,-13.701947657022796,-15.939535849707106,10.695330985234548,0.200426476841367,-0.4669527311385719,-0.0477953146390168,-0.2309482209399936,-30.14680087279481,-234.2606366636634,44149.23970833426,0.3617021276595745,0.5177304964539007,-0.1560283687943262,0.3827388417636249,0.3510621151414614,0.302962002501749,-0.08590733287629142,0.20793981735060582,-0.052358978020332875,0.05372600366059074,-0.2035191718378158,-0.023381601105927886,-0.0017098863159372805,-0.030205024980918274,0.01303537050377121,0.14804975483929364
2016-06-30,PU+,0.2932676498453731,0.523047263681592,0.1978952856791044,0.3157333333333333,31.894531802766394,238.13226591480455,16.23119727354493,19.15697681070764,54.78815359715304,1.585059358211243,50.864916271726734,-22.949658169724906,6.525296307893163,-130.65172065216913,-0.9513671518641292,-5.990990626773487,-2.0974989408587725,-6.539910154865658,-11.268904672396124,-13.167531416354567,8.770362303427929,0.199573762088336,-0.4656654815850354,-0.0365702511575781,-0.2302887150482193,-30.146789229348467,-234.26063487153917,6440.505458917211,0.5671641791044776,0.3283582089552239,0.2388059701492537,0.46363148449072195,0.35153918179558286,0.35658894433770744,0.172688832696546,0.09363640883464856,0.009790454029087653,-0.016357049497057158,0.014917816149929212,0.012666260550743248,-0.0021574511848111485,0.00017921670573964711,0.23373259839935845,-0.17329295720870547
2016-07-31,PU+,0.1986018473350943,0.2203836477987421,0.1907860003396226,0.3140588050314465,34.66143368435632,245.49194742671423,36.916095024731554,-38.97836193926151,-86.43019490742051,-3.658564775194841,-0.5317729917346371,8.319306941007905,3.043788754726893,82.17124875093596,-0.8140564233464572,-4.834535593467062,-1.6443058010753693,-5.451880619195117,-7.940277558245155,-9.351323226853156,6.434072507422537,0.2564182996876442,-0.4602162869906524,0.0338132649256063,-0.2274451007629791,-30.146445885433177,-234.26054993279263,622.7047608985303,0.6636363636363637,0.2909090909090909,0.3727272727272728,0.4696642522784797,0.3536873141388324,0.31264393185262723,-0.3078169029116174,0.2968410451312585,0.06585922072663682,-0.0772439399485771,0.15338301265116952,-0.01211868258630067,0.003000364611326418,-0.02709051440231061,-0.19298861968143188,0.020189976622864633
2016-08-31,PU+,0.2033164983733333,0.2294146666666666,0.1895185186733333,0.1280893333333333,32.50801813102025,222.26621966266745,15.80325952990551,2.346181683051706,4.016125631850859,-0.6665639222511337,-89.68523083885819,-6.414087703509424,-9.938829490003853,-84.84314173626198,-0.5985475244202486,-3.556099146573892,-1.0422447073891634,-4.335939362396705,-4.356004279550585,-5.214802667772924,3.820928958369088,0.3629704618636455,-0.4396166896121147,0.1933288359345825,-0.2186437608894237,-30.133972444398307,-234.2552012772417,45.64659241531566,0.32,0.56,-0.24000000000000005,0.3780386753877004,0.4149231030295292,0.3432129873590041,-0.1648234963113302,-0.29702663795041984,-0.27940329426929317,0.15527868503552691,-0.5367918473123748,-0.1111850708589952,0.09799187410559643,-0.028470189110076854,-0.14271937852329813,-0.7484733093827939
2016-09-30,PU+,0.3098861560225641,0.343522792022792,0.1297880998618233,0.2080666666666666,18.189749133683755,222.7899692876533,73.52200792430878,42.14411212073643,40.37223242295586,-37.85836241220471,48.513060401286616,-58.0628569637376,0.2353634798344371,153.7368570823685,-0.4039160583485196,-2.5384212239513264,-0.5112543148688012,-3.2976590077395747,-1.5097889927289792,-1.8217545964637003,1.3967795428441794,0.4810612778513125,-0.3891756561526274,0.4404095069632546,-0.1947637215793647,-29.92584539656794,-234.09889507282745,4.04216137547458,0.3150684931506849,0.4657534246575342,-0.1506849315068493,0.3412551670909336,0.40402876953785755,0.29975716382237305,-0.15694647976082857,-0.020358094774963552,-0.1739727202716602,0.09312412489060774,-0.46101512225277774,-0.13593226582110926,0.09919477414324107,-0.050641788998866774,-0.020242063492936252,-0.016853575686888167
2016-10-31,PU+,0.1806716083133685,0.0388394624466214,0.1374971533681236,0.062420673197689,0.0010000000000012,0.0010000000000047,172.78411258917805,-53.95239267081927,-217.98166586566495,5.770009461943707,-120.396201941631,-980.8613479974598,-1231.398476486644,85.44581221673427,-0.3861578447549341,-1.9206492122288288,-0.1987366985520602,-2.357122551802306,-0.4551205742123063,-0.4341886504351221,-0.7910400287071602,0.493024347016068,-0.321654852679952,0.6604323769177277,-0.1370410295748362,-29.512430518561256,-233.61284674512785,0.4533730290344116,0.2457438934122872,0.5847520355292376,-0.3390081421169504,0.30774894199278247,0.44413769483114063,0.2872217147953611,-0.35013648305647366,-0.19047402757558987,-0.294153735583823,0.24947968168621937,-0.6306653365629377,-0.1349809688535412,0.11824751484107329,-0.019674179867832757,-0.06444343680281972,-0.6689033068598542
2016-11-30,PU+,0.1953260612011881,0.1630417161716171,0.1642341271475247,0.1794533333333333,34.93996513750552,210.1413146825796,19.8947695567194,7.798920618493331,143.45692923690828,17.768980020865957,105.60186709451456,1046.1386585904577,1225.5535510440843,-216.1586050271108,-0.6166720887547114,-1.6419653077772245,-0.1366215694077746,-1.3732218709397537,-0.2035215557154006,-0.0222169181728113,-2.8574406776191217,0.3530987621906134,-0.2745674804891885,0.7129669352863672,0.0215562438482154,-29.33094937521087,-233.28260872323284,0.0574155172043926,0.412573673870334,0.581532416502947,-0.16895874263261296,0.41829126238208153,0.4304127458323796,0.18118766369270584,-0.2915037414124273,0.022924449650158874,-0.0042438781238724466,0.2841768559314304,-0.18514452554378416,-0.021593026273667236,0.09978637908027568,-0.14104501050616874,-0.33535819204521516,-0.39544833278486125
2016-12-31,PU+,0.1589444183529897,0.2303553264604811,0.1411463085206185,0.0828457044673539,30.09527733799801,221.5879003926478,16.81872752811038,-20.61156998710445,34.56169189545737,-15.149601284880898,-77.29352972739024,-14.9263046548609,5.303912080274288,-16.796386146624627,-1.0180247899914932,-1.077028826877747,-0.0356768835473021,-0.1337665708876824,1.0526782097697696,1.4253965268384323,-4.599016667564609,0.1746690058736795,-0.127560643485312,0.8056187014945762,0.6430609098821117,-27.281487228004707,-230.1011299113113,0.0100617249021243,0.2653061224489796,0.7244897959183674,-0.45918367346938777,0.2890013785158493,0.5413685309206496,0.2822040350462432,-0.011621469453666168,0.2287561776236132,-0.10990176397305212,0.36264454010752994,-0.6015603517597078,-0.16622631725605072,0.19421743609707187,-0.17653268072241696,0.1648716804212963,-0.047243504435543676
2017-01-31,PU+,0.2149091122270866,0.5469422572178477,0.2268189673976378,0.4047695538057743,48.90841316618301,269.77818005373325,50.53135461803534,30.166063392364894,86.47202197260799,47.435519738292186,158.6338006790719,48.55811696953506,19.67807137140549,110.01010277674204,-1.4593898319232603,0.0275023993129669,0.1468643325781652,1.4580980705733069,4.181849737938381,4.969574931695511,-5.46885705138692,0.0457391322110266,0.5597174146532322,0.9988634892937652,4.066044346989896,35.340072814126906,-90.29495766734269,0.0042160481316322,0.7171052631578947,0.25,0.4671052631578947,0.6373730984540951,0.24961540307298205,0.40331105545427126,0.12511898892198656,0.7409524547041354,0.21734140156066617,-0.15009571261453428,0.3697769284586724,0.1940143158166387,-0.12633123767926996,0.029421656103883847,0.07996905425303993,0.1803534482395009
2017-02-28,PU+,0.2065408671140298,0.3613069651741293,0.2145586948283582,0.2836915422885572,34.023301961005785,239.23457303930903,12.81757749274022,-3.971690840238901,-41.46153181184489,-5.556886235767944,-35.54303730096266,-36.29037884062424,-12.015551823062708,-137.17765566263805,-1.6355028342653852,1.4171087393494848,0.4497455378403076,3.228518196104722,8.103840791893646,9.333383139695488,-5.14129640488987,0.0082154782887475,3.657009555294086,1.4085798266549543,25.01049188356739,3276.9989701811564,11075.06723650901,0.0058501006960303,0.5797101449275363,0.37681159420289856,0.2028985507246377,0.49240083107049915,0.37660633533707133,0.42603251899604366,-0.07142187808373446,0.3968257530725089,0.04247926213637354,0.060416880806038714,-0.06779796594339621,0.022672032914699207,0.037850952556904696,0.0592899566047824,0.03081974882149718,-0.10358656802904279
2017-03-31,PU+,0.2459603645286956,0.3932688405797101,0.2125557753043478,0.2359963768115942,32.45884129208489,235.63031517338428,9.21830968472156,17.467210662848707,8.476553466171364,-0.9378910554953316,-18.40710767900809,-4.707277670021746,-1.518043203677233,-32.96257811258057,-1.3214331861838555,2.789638291336163,0.9918498625597212,5.056899174743896,11.722066585521938,13.331042182178573,-4.480838414864695,0.0801138326418131,15.806965214123563,2.5368841602704846,156.8708791800616,123231.74661011236,615790.3426868928,0.0113239150348495,0.46,0.46,0.0,0.4010590176284313,0.4054447879921645,0.42410599311002045,-0.018623332300324025,0.3189874804506513,0.02319366299452357,0.05899814686008417,-0.03292359737096054,-0.012037561628805524,0.023439705626167456,0.005334330662110365,0.04875619604353497,0.0418542326070302
2017-04-30,PU+,0.2080954416379487,0.2796871794871794,0.1562706554487179,0.2339461538461538,29.911833018732786,235.95096767917076,16.731715630358295,-16.717357466052277,-34.08216882191845,-30.761495119384364,-0.8725475305161672,-8.1718709722041,0.135990365547634,59.6114368493453,-0.729164609818014,3.8271149525779617,1.6489694942878692,6.516468315307986,14.31460318617474,16.193962676717415,-4.085731671251265,0.2956728514125111,45.46167047687718,5.042283435030881,675.9543540179194,1647195.799238597,10787956.834031085,0.0168108348105452,0.5,0.35,0.15000000000000002,0.41926016435027125,0.3548960429150611,0.36132010907830614,-0.40341285740819005,0.2777573717568725,0.013740492859190975,-0.010528550992243476,0.027866229759267246,-0.010491037531705083,-0.012195663938632043,-0.018374973145325345,-0.27579898125371605,0.024908372269472453
2017-05-31,PU+,0.1828092708651219,0.1959447154471544,0.169710900554878,0.0910540650406504,31.90604474017486,206.4544505470802,33.70421640187606,-12.95534548622059,-35.58392071030491,8.250692969154857,-94.36375256868756,6.454132688549569,-13.354420976277778,70.03168874350588,-0.1919449033345379,4.208994855940469,2.1561740467761696,7.189444386847422,15.281602172914509,17.322943940684517,-3.6620443633722193,0.6387134524808105,66.82070413183901,8.478692340727065,1325.1348765412572,4332239.683736604,33362294.69767884,0.0256799598567512,0.25595238095238093,0.6785714285714286,-0.42261904761904767,0.29299151959518593,0.5667894969006911,0.2442583757066801,-0.2008404081783975,-0.311348454299619,-0.12767678521330367,0.2718563255075805,-0.46041932916018696,-0.08938480588222786,0.20779200980360396,-0.1286343304478811,-0.005668215147403025,-0.2694858459953535
2017-06-30,PU+,0.1999196600109091,0.1643096418732782,0.1915895437809917,0.3511820936639118,34.81954366191913,254.31893469976004,27.640287915767825,8.947221227315165,-17.60798475160639,12.125888643660678,134.98514228880538,8.738334649549685,20.850931817001523,-19.83485298352983,0.2669577048423258,3.807890696385447,2.383928664047921,7.0886132077113855,14.219887380802083,16.224842311043393,-2.880813992452813,1.1193463193922066,44.58713658597239,10.688101856759658,1198.0131976864368,1498338.313243955,11126289.134579614,0.0560890881527911,0.48412698412698413,0.23809523809523808,0.24603174603174605,0.4212154832831214,0.3315737931028245,0.4043652738461828,-0.28430525849766036,0.2561731440322376,-0.028372410113906867,-0.029962339073006994,0.004199984044787032,-0.01038666844890874,-0.011223863378472223,-0.015450598143101808,-0.23762948276519372,0.10003004178432102
2017-07-31,PU+,0.18051241992,0.4768974358974359,0.1846171209230769,0.2459910256410256,31.60588398888336,236.1909190469033,11.836747228904178,-10.211600207274858,106.55487408037018,-3.707122704921564,-35.6009820177663,-9.68355231836466,-7.39486707848305,-84.8065551056457,0.6744786803811391,2.95288418397658,2.297702153462768,6.49785778113237,11.018189538007062,12.728043209216006,-1.9305650208662024,1.776370464967704,18.69297169022156,9.791956292875517,663.4865458671309,60943.043177298736,336834.8314049729,0.1450662098876038,0.5357142857142857,0.39285714285714285,0.14285714285714285,0.5067069549113512,0.3072674270785813,0.4253259572151133,0.13571980544191972,0.2409006845225412,-0.05205490220387041,0.11262108754942586,-0.15836591589302643,0.024582090401661698,-0.006483636593793349,0.022347735043497338,0.34752239844890853,-0.03797875319897567
2017-08-31,PU+,0.1404141415109091,0.2335939393939394,0.1219469698636363,0.3682060606060606,29.382064257872774,236.3899574320361,4.564348734062403,-25.12033742951357,-71.37171424432289,-41.469778684370056,40.33476746231496,-7.295887651250254,0.0842346386865071,-95.29330256001715,0.9148265142738512,1.940232806592442,1.9411503170151696,5.849338002174745,6.258424563149967,7.443305423692776,-0.8817478685541329,2.3097032456882016,6.492204535664724,6.807427012560354,346.7728548100758,492.24848869024817,1474.1272075250172,0.4140585588946015,0.5652173913043478,0.30434782608695654,0.26086956521739124,0.45493894135174545,0.28243238721852715,0.422263047992131,-0.17973071195328436,0.03836682278722898,-0.012473434362176683,0.005492811771175998,-0.07209167722938079,-0.016726113183894636,-0.016815503198254287,-0.005520319072135519,-0.05930888943711797,-0.2902490643525819
2017-09-30,PU+,0.1725849359584615,0.4580724358974359,0.2745128207307692,0.3889198717948718,35.986528492562,242.99946437212876,22.935157378796195,20.629328812722388,67.34430223477378,81.14116886310545,5.473060854142643,20.276023095593512,2.757643573056926,161.43951511516775,0.9342922993110888,1.1056089727300933,1.57313081164985,5.222716064575684,2.0106185145281823,2.552356224430651,0.0169013388852507,2.358772541823245,2.552896987457449,4.66238715237931,185.20542667189184,-22.67886704765167,-221.42332101059435,1.0170449745841696,0.5892857142857143,0.17857142857142858,0.4107142857142857,0.5046061945280859,0.26942943169602324,0.39211605376900416,-0.025693362459304328,-0.17915141692355321,0.07184185678576924,-0.08241828976787478,0.044835877943299046,0.02659234822297785,-0.005325176568027133,-0.014170054042008787,0.09191027934016087,-0.2553109722311934
2017-10-31,PU+,0.16514454388875,0.2743979166666667,0.204627338,0.4111427083333333,34.367055295400235,248.2629535442456,43.26853625595832,-4.406838367482449,-51.24480250897242,-29.380750421273845,5.556703915332766,-4.604624928724629,2.142924188879981,63.47547355403999,0.9462417576632842,1.0731801643487238,1.361436011419641,4.9208783622486205,0.9609748752005104,1.2609971992161166,0.9246130786701412,2.3893712848090423,2.456498977164727,3.742458965519544,136.89127064214276,-27.53255820005324,-230.7316979948704,2.52089268448485,0.6,0.07692307692307693,0.523076923076923,0.4441453798459126,0.2605204068697416,0.34711485378928086,-0.2704985024380092,0.347370428904923,-0.01115183767253694,-0.09507761807720717,0.038730463318221414,-0.029695411563551488,-0.014196846591317543,-0.03275832983098076,-0.03786639233872019,-0.07095521217072992
2017-11-30,PU+,0.2644016768961273,0.342658709106985,0.1779022789217506,0.3141070733863838,49.88488878120096,294.2281017144327,108.48603472496112,47.06483362431285,22.215563112665752,-13.995605668726387,-26.920645062332987,37.26197162637137,16.98668416924115,91.91957269692344,1.119613059290564,1.6803064753694967,1.3551099105862003,4.869585946254945,1.1695297029522287,1.3434913545344034,2.211145307175989,2.877029626923427,4.899033967215553,3.717853743619629,130.03523486902574,-26.92632429189129,-230.42823633965156,9.126162669395285,0.40512820512820513,0.16153846153846155,0.24358974358974358,0.3737994772859682,0.2905740673641841,0.3381515157441886,0.062269680840753856,0.4740229328627674,-0.08812848260664612,-0.012662460434083436,0.024891342209563294,-0.09255129363063026,-0.006393742804554986,-0.003765910478558676,0.07736812549450502,0.04629775134725497
2017-12-31,PU+,0.2666398358575,0.3597010416666666,0.2765738638125,0.5673864583333333,35.09312700266833,245.8151771447892,11.533316917515362,0.8429368176170479,4.853831200225745,44.12435191319989,59.130673008932014,-35.17128274507675,-17.977538155322097,-224.1381482426309,1.4660592324678232,2.4005814421434484,1.5354541488343036,4.940126250721137,1.4220490233722798,1.3709851974698215,3.440575651217665,4.145490654238446,10.561420916968489,4.484100527744875,139.55616343543312,-26.001195805551475,-230.32140707971365,31.204916147024576,0.8125,0.125,0.6875,0.5152967050089501,0.2832538839211338,0.5518631887549872,-0.14907543621778402,0.6031905221432603,0.3555964505794177,-0.06212463535956942,0.31410637747948705,0.03029494561891631,-0.01512440303043021,0.02135122411443882,-0.04793907491198224,0.21112093375940946
2018-01-31,PU+,0.2282815055390476,0.3628952380952381,0.2270341511984127,0.3390111111111111,37.41703136992772,246.4160017093846,18.588499100941785,-15.531927761446113,0.8840945693992993,-19.73774718760716,-51.50077729344663,6.412068557884715,0.244123041691009,47.73030915115242,1.9263772767821048,2.8800707397985974,1.737286158444475,4.6984113138419925,1.6195732182457965,1.439680240681625,3.7430654798588874,6.677957718796572,17.347366735615843,5.522569363154066,109.54090624349394,-25.09586778311653,-230.0412903572821,42.227238709137566,0.6417910447761194,0.31343283582089554,0.32835820895522383,0.4602889064977418,0.3717570252744342,0.3803749983163827,0.13695259925834266,0.6999347303870379,0.05532205362065579,0.037334642705435836,0.025990561527185693,-0.00483143158519172,0.023079977041880702,-0.040684438408580076,0.1153537506839396,0.10265220988475113
2018-02-28,PU+,0.1801634512116667,0.2986208333333333,0.237067364,0.2767729166666667,34.69075687499529,239.56269486366207,10.287934413757087,-23.671503965079093,-19.4939539613944,4.324388506101813,-20.28355084381889,-7.565270599638355,-2.820601499794112,-59.15712691179301,2.320824172304821,2.971714925097401,1.866415219620703,3.947525131643728,1.3947886930864826,1.1413968455715715,3.3678894398580006,9.997425383013116,19.05720879042472,6.305745587802553,51.57525922578764,-26.112679948372325,-231.1294977536215,29.01721979668927,0.4791666666666667,0.4791666666666667,0.0,0.4188612968040009,0.38794473426726955,0.41351505977790043,-0.23959843914144874,0.653594276735147,-0.16756786887737227,0.2991541575072067,-0.5131121884170609,-0.08897688584115468,0.08586824199371623,-0.03343353926987335,-0.11262986105015896,0.07011649691380534
2018-03-31,PU+,0.263072170865946,0.3844423423423423,0.2205459970675675,0.3893711711711712,32.07469390783352,240.70900035217556,16.116014339040213,37.85639073339961,25.261917009573114,-7.22380604213185,34.13356816810041,-7.840591154844022,0.4773579941005358,44.8841664616776,2.497877628891158,2.6977543801596755,1.847870931663897,2.902250729727795,0.7335398582699505,0.3787714140463989,2.830251141044469,11.97002671693992,14.378188327176826,6.186960102823336,17.98336319307571,-28.064362877780024,-232.80014763293383,16.949717059706803,0.5128205128205128,0.23076923076923078,0.282051282051282,0.41427483428747225,0.313206556897897,0.5150600386370601,-0.18025382327959416,0.26199560758086166,-0.0697120655164137,-0.01453536002374433,-0.055973173740858514,-0.03181261792187435,-0.013794012456666189,0.004895088445426486,-0.13072158013100665,-0.21102466642040196
2018-04-30,PU+,0.2313860876577049,0.3228010928961748,0.2271263297950819,0.5109841530054645,37.84385524218426,257.88868740473606,21.623701713712364,-12.834071800178526,-17.475750073901537,2.940010498999158,27.180552176673107,16.540125427315562,6.893931115895301,29.397655758745906,2.486271940218403,2.227866336931286,1.720545778536943,1.982848240643357,-0.1401716560574816,-0.6140328990570965,2.2114865185164474,11.82975578544418,8.811877785875682,5.428243878445645,7.031668132964255,-29.277592975458145,-233.71947278067591,9.129277150910935,0.8412698412698413,0.1111111111111111,0.7301587301587302,0.6161827914535053,0.2201071854917303,0.48833936789757926,-0.006476730978246422,0.6781287454022542,0.1764953832762384,-0.09128612902832361,0.26434125119672064,0.12212788589340107,-0.08762575408086498,0.007447629808929458,0.06008568156115324,0.19123815053509374
2018-05-31,PU+,0.19516264342,0.2330128205128205,0.1834060689230769,0.3831929487179487,30.035871557691685,242.10462179855872,40.52201816186764,-17.025441072816648,-32.59428463538164,-21.380373114475475,-28.779993311363175,-23.107623576580536,-6.315809344078649,62.80554700460031,2.342280861689192,1.930274602145368,1.5365510674771632,1.5908064999957678,-0.8993243255071154,-1.4485782145285515,1.4896024182789172,10.218302862425638,6.423235708987645,4.4891967914965205,4.67597206371478,-29.73995753174014,-234.0257327492901,4.435331761572701,0.6792452830188679,0.2641509433962264,0.4150943396226415,0.45598808043407946,0.3397524424318997,0.48797715132750513,-0.23983151062946487,0.24460766655265387,0.09046012674385706,-0.004240682610581817,0.03849366048581068,0.015930549872512578,0.009894422119597374,0.023859092115991548,-0.04826963388572228,0.007916782278401091
2018-06-30,PU+,0.2685621415661539,0.4319989743589744,0.2158284587307692,0.4778087179487179,33.423721920120514,252.259195693546,24.813405354368356,31.924904715369312,61.73297383601227,16.278126916086343,22.067183586780036,10.687349906322968,4.108715903698082,-49.04614390863402,1.9960273307944152,2.054511131152219,1.2317822192408558,1.5100930078912118,-1.2671942280377857,-1.7729093109066556,0.6631929879888692,7.1731211646661,7.33485561887045,3.267999020560893,4.295418502245958,-29.865181315350437,-234.09079862585128,1.9409799763629585,0.7058823529411765,0.17647058823529413,0.5294117647058824,0.4806316620670259,0.32585455933996643,0.5385870710370193,0.04749984502242716,0.39570193133954223,0.017095803743690765,0.0016052799992323855,0.013632448580562246,-0.008811191778661222,0.0147852065206128,0.015504315465530029,0.05362436716600072,-0.09595085791536297
2018-07-31,PU+,0.2395014115246511,0.3891434108527132,0.2273892351279069,0.4277251937984496,40.07823961962558,258.5721664793261,36.40811380344095,-11.45230164311317,-10.447527296306792,5.217932164915097,-11.072956194416278,18.1567649133015,2.4717715736626764,38.340761087539896,1.5337939996877066,2.3084549936719365,0.9465065455162172,1.6328150650834208,-0.924406530776272,-1.2938199060757245,0.1027705009571048,4.449092574896153,9.590704956363558,2.4173590267454426,4.886529366764384,-29.75003517494457,-233.98641550288275,1.10823704054835,0.7701149425287356,0.20689655172413793,0.5632183908045977,0.562257999061853,0.2638277333529516,0.5145481602319412,-0.16885796220751456,0.5948533958878462,0.02512942960901582,-0.009279493682062432,0.032408869928011966,0.01696719627725883,-0.014709131138065136,0.02092075933771617,0.009955918432865488,0.011906996301042194
2018-08-31,PU+,0.2308234910332075,0.4991025157232704,0.244750068235849,0.5345861635220126,37.81891090532757,255.92277764785615,22.144699907269107,-3.690600010364916,24.88635758731529,7.357431894023509,22.301200264137798,-5.802426812229365,-1.0299079826890571,-49.71934704708172,1.1190782632287413,2.585984756963629,0.8622384245239579,1.8497861311208343,0.1698380371035873,-0.0406032433345716,0.1493058414698737,2.87539162710339,12.808189972717472,2.2091230418372696,6.1267261672338815,-28.96168910159804,-233.3004267591039,1.1610280254317806,0.7454545454545455,0.21818181818181817,0.5272727272727273,0.5364952352236617,0.3193090329708701,0.5647859346750181,0.00017963952957122275,0.5708535026736158,-0.018894218173307026,0.011168253459544936,-0.028160108422020456,0.006341971369113006,0.03998591434457267,0.05556058343215811,0.0854310481694719,0.060926902141127975
2018-09-30,PU+,0.2146519177707463,0.4150636815920398,0.2620093715149253,0.4538363184079602,44.574202614833226,263.3980763710772,42.0733708802523,-7.263558132208478,-18.437955890445338,6.814271205359443,-16.375632055027168,16.434600894706247,2.879073705038735,64.18168338838484,0.8141209559601388,2.7046895901485826,0.8140281251757363,2.020108505171335,1.3600336892789986,1.28652218851782,0.5133681480202212,2.0705517411175527,14.481508777019068,2.097647769486251,7.307409591944452,-26.25047742910772,-230.6404624301121,1.6709095986834874,0.6811594202898551,0.2898550724637681,0.391304347826087,0.48425162826543267,0.3592629372479691,0.5266058031929782,0.0007097995984979191,0.7008035005028227,-0.04861569733357078,0.08208832274026331,-0.14893086319282575,-0.06239080939615907,0.10501296297526252,0.042291726610369784,0.044566424319720965,0.31780322564091557
2018-10-31,PU+,0.2826401863175903,0.4999678714859438,0.2368995051144578,0.5320634538152611,37.15322804243223,268.14103743676986,25.87791579986219,27.51569332163005,18.61118812516252,-10.074425010586271,15.902615542493884,-18.210461545720914,1.7846614966096657,-48.60250867495539,0.6735258949468583,2.35856734161534,0.8412551803807355,2.028731972464558,1.692673511716719,1.5561453458047354,0.6545479246240186,1.7745010289750778,10.107622434195717,2.1599429271209702,7.3727042730212,-24.71281285717423,-229.5201238395972,1.924272404542114,0.8235294117647058,0.15294117647058825,0.6705882352941176,0.6240980021217291,0.24088418026838232,0.4947371192769712,0.1982652996095683,0.5632479546053364,0.02637431406973073,0.020173887752026984,0.0056380186588477765,0.0692343743243051,-0.008660897320740046,0.03741159072266314,0.28566895211493826,-0.028266032215514908
2018-11-30,PU+,0.3120054578232258,0.4289602150537634,0.2771730206612903,0.3777978494623656,35.9658000723659,241.1421405480316,22.84054564308165,9.884601842436073,-15.31796635044158,15.700591236087174,-34.24034935314656,-3.248217058136598,-10.612654674236111,-12.485265884947951,0.5690814759767219,1.6596576417361597,0.9343635464456184,1.8451403959591015,1.671544458583332,1.4496050541322676,0.3586473173193533,1.580004712450504,4.789343917435118,2.3862594569744893,6.097254959077688,-24.826423433766657,-229.99920563506416,1.431391885412097,0.7741935483870968,0.1935483870967742,0.5806451612903225,0.5712042575882327,0.2947829717229451,0.4723254738951972,-0.12261392521514965,0.5926277788977422,0.054627456819113025,0.02536748039817923,0.06813946813810318,0.021887463922883862,0.01709825374654885,0.00947289762474195,-0.10437779118737317,-0.03281038656821966
2018-12-31,PU+,0.25915453442,0.5461731884057971,0.2556843436086956,0.4328289855072464,36.852578447044536,244.1170826665408,14.645703921768408,-18.55961389174331,24.157194450656373,-8.069828362669568,13.59834345625736,2.4357098681172857,1.2261402762301044,-44.43902295079128,0.4555185558049564,0.7833640376498497,0.881422978310008,1.3317740192857013,1.4672886807432226,1.20831968565546,0.243679647054907,1.3903520399246243,1.7206565111052303,2.254999472941184,3.5560236513897605,-25.809343045260704,-230.9127823074716,1.2759355153102994,0.6530612244897959,0.24489795918367346,0.4081632653061224,0.5343049903001104,0.2884832483963395,0.5454043360782211,-0.06529512777407252,0.39936917448031894,-0.00230877512599241,0.07503890427727818,-0.12258782084191427,-0.02764731167673758,0.017738417523006922,-0.017565734964678836,-0.071174175627193,-0.2078906473771449
2019-01-31,PU+,0.2793904908128571,0.38515,0.2250842740238095,0.418752380952381,40.490277248524336,260.2744372788243,33.16373718050233,7.518587016814869,-34.930325153268114,-12.746876759609178,-3.306292836945645,9.413628974053974,6.408864513555447,81.73099805827235,0.4022440270307591,-0.0023138505833284,0.7609045122470413,0.8979827545534685,1.170971209782634,0.866849925905413,0.626185285208383,1.3085372626381244,0.5295221576387705,1.9808778589968272,2.2229131556898984,-26.92167860369672,-231.88123304554105,1.8704616746001756,0.6470588235294118,0.3176470588235294,0.3294117647058824,0.5356909288203016,0.3177675713565858,0.5524928868954133,-0.06869227532534365,0.5403588389630358,-0.09385179629062956,0.014898743676248619,-0.11230019073482003,-0.007239912803887317,-0.01390819904239423,0.11901534942499226,-0.04981947003974076,-0.10865232195882693
2019-02-28,PU+,0.2946711648366666,0.4202520833333333,0.296619081625,0.59679375,38.07967545185634,258.31243897812584,17.536075700654006,5.324962720546918,8.72218608441093,27.597387888136936,35.42918073350628,-6.138119026494758,-0.7566746293857045,-63.71967977519133,0.3979863921350966,-0.5474932474890135,0.6317375472768434,0.7840578919171048,0.7881163273372269,0.4630644108263885,1.3361036775296402,1.3021848811367032,0.1102312283362957,1.7215425188750095,1.958609095749278,-27.94755213779732,-232.67170109943228,3.8041922318050414,0.8541666666666666,0.125,0.7291666666666666,0.6052150434503952,0.2440577310238344,0.6021346551846113,-0.1355131780733726,0.7017026351735051,0.07318633739217152,-0.05521676501387166,0.09033033727081469,0.03365963665776496,-0.029280434054579505,0.13834346051106147,0.015899059245663177,0.025540431722678184
2019-03-31,PU+,0.2196803105468657,0.5454398009950249,0.1998104930970149,0.5010378109452736,34.83288586020271,260.97441062419085,23.765572788953733,-29.36866834843086,26.073771389425847,-39.5079379337415,-17.489000712888075,-8.911875055329366,1.0252502891465505,30.397778435517942,0.31004769357308,-0.8254802930677474,0.4172958932051069,0.7356222351103653,0.3329972555150743,0.0237714115759119,2.2100448227249667,1.176851253378198,-0.0301421048923964,1.3585182349610374,1.8550467230980592,-28.751658523542837,-233.2365805794729,9.11612499344629,0.7638888888888888,0.1527777777777778,0.611111111111111,0.5189843840069241,0.25862284729050267,0.49845460291372995,0.025809348822204897,0.7686894018477629,0.009313950827710998,-0.0357088592954971,0.05907874813753342,-0.002438045913029728,-0.02131519146801408,-0.016584622899233445,0.09118521944203782,0.1404739447104662
2019-04-30,PU+,0.228298251772459,0.5338617486338798,0.2267538205163934,0.497320218579235,35.99137480165172,255.22612125308743,18.75247126526673,3.84795402660347,-2.145553578630378,12.649555503968235,-0.7447447586819119,3.2717384371448723,-2.22724566906192,-23.691246743702205,0.1164745230330574,-0.9992470373110892,0.0362590999321504,0.4005820730515382,-0.1484569094382185,-0.4044723596664534,3.3915075952726603,0.9368899970742858,-0.100010121690684,0.8775911452502101,1.2609599680329393,-29.284764841021804,-233.59330795562647,29.71071024975237,0.7903225806451613,0.20967741935483872,0.5806451612903225,0.6106596639560115,0.25655551072991184,0.4870271248270392,0.06531763867992571,0.44074340864941525,-0.01795492954587213,0.03904002083650642,-0.04373488908416044,0.04145179090370149,-0.008411561634498663,0.0028813525690245135,0.09749936001486835,-0.16661839030294706
2019-05-31,PU+,0.2346377720412121,0.2740545454545454,0.2614911763181818,0.4774575757575757,39.8772201127254,254.324303100964,33.37455980923418,2.7390033484999474,-66.68097501729807,14.253560248839875,-4.075881220620623,10.252591545616294,-0.3539665754796905,57.64683828513243,-0.1058993025888454,-1.2407648657158423,-0.3741354876918787,-0.1407773836952545,-0.4507587701107147,-0.6917707033703417,4.89517430445504,0.7128763334497358,-0.1790037041684863,0.5285503722394114,0.6369493397675176,-29.509657471113517,-233.75994807072829,133.64329920692447,0.7878787878787878,0.15151515151515152,0.6363636363636364,0.513251960390445,0.29925952860238875,0.4053058660833631,-0.2427531048343579,0.512239093989835,0.025733715363067435,-0.04870528023768557,0.057586622149862356,-0.0029001091956410707,-0.0037135635459380825,-0.056023553159274334,-0.05382891458500587,0.06971264821420484
2019-06-30,PU+,0.2217869288274074,0.533962962962963,0.2458500229444444,0.5077888888888888,37.40065457810765,256.6159223002605,25.002170513247957,-5.632578847079546,66.69993212295165,-6.167885318163978,6.159047875800092,-6.411703000750679,0.8970264824470269,-28.883128576757088,-0.286256833152452,-1.5590846628415305,-0.6153615113308328,-0.5874646217443316,-0.3753694811159855,-0.6910780113680584,6.410091291811617,0.5644308026566606,-0.2578381620543067,0.3811121493237926,0.3240011638995845,-29.459766607768604,-233.75960112751295,607.9491793101179,0.8214285714285714,0.14285714285714285,0.6785714285714286,0.5636930995221648,0.26871493944366065,0.5048978003182761,0.04298966395568666,0.7650214643452271,0.02921877709454465,-0.021447161162024348,0.06427909453699615,0.019454468641776985,-0.024420647455086947,-0.0061412206175195105,0.05265920769592876,0.10555214440243207
2019-07-31,PU+,0.2798279083745454,0.2520469696969697,0.2702917132272727,0.5199242424242425,40.085041392342674,260.0326607515263,22.351738604075678,23.24576603374784,-75.07110209777905,9.478010794075011,2.3617325165608225,6.9315025752877055,1.3226740091628375,-11.20585337038047,-0.3324156020374241,-1.7010492056165734,-0.6016775325883418,-0.8366655324113178,0.1590177123416362,-0.3383121726605643,7.5902855587067934,0.5305503066966739,-0.2856747146766074,0.3885584249676854,0.2014191175379477,-28.97444328134232,-233.54766410063763,1978.8785190619735,0.835820895522388,0.11940298507462686,0.7164179104477612,0.5806097715203442,0.24953218813596376,0.42063464577754833,-0.23442534123380995,0.8789912078470883,0.018681701750508938,-0.06260494405137002,0.06983573801511937,0.008948025410179777,-0.01742692118302693,-0.04433296522923122,-0.09026338988698068,0.18914786903372519
2019-08-31,PU+,0.2277237361559551,0.3495632958801498,0.2583062670505618,0.5664029962546817,43.8115370564952,276.89583229395726,37.48938933653721,-20.60415905233184,32.70691915387022,-4.535583263700903,8.562271904688096,8.889395370557555,6.283413735845608,51.71538339868663,-0.2045215762383673,-1.6273377245139402,-0.4584046083045017,-0.958480223874131,1.0016419495493205,0.2966119656451358,8.283848901815526,0.6283982673718312,-0.2717147790748989,0.4729582605150191,0.1517419065203199,-27.424053216727003,-232.9153436050292,3959.40445115244,0.898989898989899,0.06060606060606061,0.8383838383838385,0.5772544344266256,0.25085037833813467,0.45656848446198817,-0.16584865025634887,0.7693519848233504,0.0713392348555105,-0.0953246203428279,0.17011871224411768,0.015588359964927936,-0.018419940391783945,-0.02741114155018113,-0.08908934573035777,0.11624020530042437
2019-09-30,PU+,0.2807907585521839,0.3095873563218391,0.2234647688793103,0.4521597701149425,37.26609685281621,263.0019722242313,47.986165551701966,20.94765497252109,-12.144434724058875,-14.489219451017526,-22.527024128244697,-16.18132040531039,-5.147984765867274,24.68548097798228,0.101263267299458,-1.3422413905592891,-0.2917419029146403,-1.0443551617917874,1.6874495090791444,0.8702249845347204,8.4939359888036,0.9199290376485536,-0.206907239252748,0.5876279661307292,0.1201853435027017,-24.741126012364656,-231.87318885124583,4885.055808154794,0.8,0.17777777777777778,0.6222222222222222,0.5695372404323684,0.2619032073352072,0.388899967683105,-0.12159889806799365,0.5331368894237837,-0.005639893190270421,0.006188202007784336,-0.019356490114159575,0.004097555959732555,0.00781245412964944,-0.0831464968541979,-0.046928700591319185,-0.0034291213289029537
2019-10-31,PU+,0.2786944905174026,0.493504329004329,0.2599675083831169,0.5336580086580087,44.4276163211773,274.0874373826713,52.40591922450733,-0.7493594684534429,46.629132875241055,15.13028874706483,16.571960948978983,17.577728353764897,4.128563891605598,8.810679555467518,0.4254047630963277,-0.91990891145138,-0.2082940416978309,-1.1876758310020674,1.8263230707182732,0.9335918474249668,8.539555885977204,1.343570777813481,-0.0696113234077716,0.6526349155843542,0.07319581466612,-23.935794806049586,-231.71700766642172,5113.073069879526,0.8395061728395061,0.13580246913580246,0.7037037037037037,0.5928725576327171,0.26468654527662344,0.4623102810516432,0.016530270947990946,0.7433657964887449,0.044086450809656494,-0.04340402226318395,0.07656661023498852,0.027386405194423213,-0.008281108855132474,0.003819102426964569,0.05591407404518941,0.15561726572257376
2019-11-30,PU+,0.2926950883664286,0.4916023809523809,0.2981524297857143,0.5502904761904762,45.22814546033039,275.4505008145445,45.18280453725318,4.901524733461135,-0.3861409928430219,13.704820962796202,3.0691076768054404,1.7858314925655867,0.4960772068532754,-14.83029633826284,0.7359580139695695,-0.3174707705803899,-0.1994040399536491,-1.2451262849972815,1.7416717791698415,0.829639222444458,8.412347604077492,1.900841981790876,0.2598212924621948,0.6598854958180587,0.0561712144765662,-24.4399259042916,-231.9681452716461,4502.317774128421,0.8,0.16923076923076924,0.6307692307692307,0.5673209655743379,0.27792294885819924,0.5498617131746713,-0.07445487106083314,0.6431779988174012,0.030901905054943238,0.001086159202208746,0.0230623099643177,0.0057107413851426765,-0.008282514739907865,0.05942959656558889,-0.01674884849517871,0.012779859902921617
2019-12-31,PU+,0.2507377676342857,0.6272755952380953,0.2535341827678571,0.4980136904761905,38.41929699319692,255.91652920081796,23.623333211994343,-15.472377058260989,24.37157689433526,-16.21062078707155,-9.98187097757581,-16.315972099007247,-7.355660858383348,-64.84816648467154,0.977445235615804,0.3827704684874516,-0.2096524452635346,-1.146141225290245,1.5449585869474447,0.7091068333261926,7.79265977416714,2.471018982913828,0.9981747532078702,0.6515326838268267,0.0861276264219798,-25.459024505230538,-232.2284614067097,2422.752995859374,0.7192982456140351,0.17543859649122806,0.543859649122807,0.5439037322475199,0.2842207897389144,0.5550647021882118,0.13098448972886456,0.6568564495915955,0.0034757343907255225,-0.022268816761242788,0.008621557390895603,-0.008785982766058888,-0.006604369169733731,0.007498640161011018,0.08449066544439954,0.10011270660381519
2020-01-31,PU+,0.2423646137159184,0.3080489795918367,0.1879464569353741,0.2557904761904762,38.00274865275375,247.4497987800324,71.9175642853133,-3.3964382020131128,-71.11271949159148,-29.934153847593425,-66.62689105792326,-1.0901369156660523,-3.36436052785358,111.3285603571565,1.0113987027186355,1.030946629676785,-0.3017352107495662,-1.0919087361074755,1.239960163103902,0.5575491223592998,6.826030964984903,2.562805092658276,2.335551995502671,0.5802005260825721,0.103842023886767,-26.69132618646708,-232.514249713326,921.5259754929308,0.44516129032258067,0.4774193548387097,-0.032258064516129004,0.4261003256805481,0.3776580403649038,0.42825669937515093,-0.1853682051777734,0.17339452815654555,-0.2955534694856229,0.1793618168194021,-0.5060934295939129,-0.10867240477584839,0.03504299762742102,-0.036302728287779217,-0.1270496139754691,-0.37377948881399337
2020-02-29,PU+,0.2058804494521101,0.2238217125382263,0.1889159898577981,0.367325993883792,32.96038515149842,253.33362172246788,70.45086983389729,-16.31476026582359,-31.940898621031465,0.5145299403710313,36.18910635088898,-14.235209968301444,2.349955476646526,-2.060493749466867,0.8283098548464266,1.4695342032639744,-0.4872065045174558,-1.1052900165989676,0.906190049929242,0.4148423210038631,5.726901495387994,2.1028070834815527,3.8790430866092898,0.4550068223272998,0.0993815061827043,-27.67192659649673,-232.7465048081543,307.0165010182875,0.6396396396396397,0.2972972972972973,0.34234234234234234,0.48499278784603683,0.3312333052189232,0.4992239135587956,-0.1460056819573985,0.315526358775045,-0.11683870049750474,0.08089556226688238,-0.24370478261668013,-0.052504743290434315,0.02542830637405751,-0.003200114877094141,-0.0043172694258750005,-0.21638178460234583
2020-03-31,PU+,0.2658016260967956,0.2984412523020258,0.232515407698895,0.4920537753222836,47.02334838199634,293.2956500309917,67.21357558232027,25.54546061458619,28.772329498562694,20.765407437015337,29.23382894626088,35.53378620490192,14.647386175848506,-4.704034037419789,0.6004571156551389,1.71192567690573,-0.6047565338074038,-0.9682464400877347,0.6394079538821309,0.3290376143714645,4.459190866782053,1.6363130208988648,5.071452062305573,0.3868740599870467,0.1480150327648646,-28.25144358558408,-232.87100665854456,86.41755748368519,0.7431693989071039,0.23497267759562843,0.5081967213114754,0.5026235033864858,0.33394595589794096,0.572047472080821,-0.11393519337262546,0.3636315261017875,0.008467463279475323,0.009885920849262115,-0.013331570207289034,-0.008876261621529949,0.024844448177232876,0.03289690795836177,-0.11134850012150503,-0.19518335622984387
2020-04-30,PU+,0.284123314458961,0.4456556277056277,0.2672118251298701,0.4781047619047619,54.49016337161583,279.5895310267623,84.81208660382477,6.665808575645217,40.097341482634896,13.90852039044567,-2.875813431248045,14.737594434127532,-4.785857776928342,23.256281862645302,0.4093129677555137,1.884852716316211,-0.5921532955170186,-0.5965254306864832,0.4828170568001849,0.3018160181479354,3.1562982628527583,1.3191440193255102,6.117217784237127,0.3938016049749656,0.3189885034709895,-28.526168599025425,-232.90832438033263,23.48350507171524,0.7168674698795181,0.2289156626506024,0.48795180722891573,0.512466807950692,0.30998971130339853,0.5528217529795297,-0.02625562235523504,0.43655801461699717,0.02488110653112736,-0.06037361301556142,0.07190926203290769,-0.001973713366868097,-0.01144580244021344,0.026575853746073276,-0.003734976782333335,0.04839060557941606
2020-05-31,PU+,0.2673685862265327,0.4465757118927973,0.2438229158869346,0.4108926298157454,55.452306896704485,283.1295565105355,124.806908602375,-6.078017058024246,0.2062434869695988,-9.159948916467249,-15.149793660006006,1.75031193327561,1.2582022764259213,38.632974844718646,0.330274976632982,2.113351260813175,-0.4646927640262001,-0.0630890023000396,0.4533249260092133,0.3278237734557449,2.0556736220184817,1.2047117758681956,7.807762995327909,0.4689947870394728,0.7071265759458019,-28.573266607025158,-232.8726924251144,7.812098502160638,0.6714975845410628,0.28019323671497587,0.3913043478260869,0.47452206466940866,0.35049640333306964,0.5458123900486526,-0.03026458097548981,0.2850893644680266,-0.0016125889322693363,-0.002807555458536653,-0.0181586759671183,0.003615854530443066,-0.004199994917215004,0.004683947654827183,0.07858638089254558,0.012301033361597491
2020-06-30,PU+,0.300886784644138,0.4452683908045977,0.2427611752413793,0.4099385057471264,40.480830035701416,262.18928575081395,55.70335882462743,11.810588406129204,-0.2931727687870818,-0.4364065122513162,-0.2324776575842613,-31.46947865142129,-7.683788213637252,-80.67273646209033,0.3651660600432621,2.264269254070693,-0.2683697928415916,0.5323302148434734,0.552154147729146,0.4177641606648106,1.3249776069940538,1.254114350910592,9.155922600180707,0.6052916424738133,1.4711624686709286,-28.4098112677957,-232.74207428781463,3.7621011093041457,0.6495726495726496,0.3076923076923077,0.3418803418803419,0.4832513763800136,0.36411291820944375,0.6096724742943312,0.012471868096249143,0.47484222406527865,-0.021227892532748732,0.023432726199084177,-0.030796841665391123,-0.00301764787677726,0.0011081897935354065,0.05510455500484565,-0.019902515624320143,0.13032839301072274
2020-07-31,PU+,0.2473325017613793,0.4653383908045977,0.2078885674793103,0.3941064367816091,40.84161470888306,271.31499475172086,86.78135202840271,-19.60004709007289,4.4087637323600015,-15.507593924918352,-3.9386145535371,0.8873000347293115,3.421378053334248,44.33513130296906,0.3245885029742901,2.4053420915014607,-0.0237797829563228,1.036425498639377,0.6866287049492638,0.5034495095247274,0.8464097786482387,1.1968223497291852,10.614054100678231,0.8171673946851887,2.5873886939720805,-28.15979654592846,-232.6062184123344,2.331262062474128,0.625,0.34210526315789475,0.28289473684210525,0.4823523802915588,0.3722751796502914,0.5471494341652352,0.0961633251475572,0.248694832886794,-0.11121863609345004,0.09948066586669879,-0.23164461811042833,-0.03314611336234244,0.052352576140651245,0.03286529804254641,0.14016838392395284,-0.26152309952492453
2020-08-31,PU+,0.2937385500559223,0.5050210355987055,0.2441555916262136,0.4591362459546926,41.2336455050341,264.4727937104083,58.77274940527968,17.195649382279445,8.183521997232859,16.080348979450303,15.272598122855802,0.9553031608609732,-2.554210145016812,-38.97134582106875,0.2498510846010092,2.484716817133942,0.2338007634842358,1.388415315474265,0.714430112688242,0.5156494896835631,0.1129094459704408,1.097195330846937,11.529555557689571,1.104059419660624,3.7767594873429537,-28.1037799349679,-232.58591091739677,1.1195305503558048,0.6730769230769231,0.25,0.42307692307692313,0.4944458765765795,0.3134521894927065,0.534715760065788,0.09695296376806892,0.43951046629642765,-0.0792697504674599,0.026070930463495463,-0.10836633001085973,-0.03147938635256114,0.0020148677733167024,-0.00899618238982049,0.09635467831264953,-0.013889318896102024
2020-09-30,PU+,0.30168081301375,0.4176864583333333,0.268287294625,0.5471572916666667,44.71256185166794,273.2199049768578,37.838322359090064,2.667946173490512,-18.98690316805213,9.425270853713494,17.538931624769496,8.099992634415038,3.253859697938804,-44.03558939104258,0.1575950342644519,2.3968474047439647,0.480872710012732,1.5915342987453056,0.6605432755906789,0.4732082434163065,-0.7488400687556452,0.9840531196292344,10.520312821777038,1.458152048603602,4.679545185664974,-28.2109582476297,-232.6555011761153,0.4729147833577702,0.7959183673469388,0.14285714285714285,0.653061224489796,0.5698947946027834,0.26503096270013826,0.5254111028226206,-0.026690059607949835,0.4400141065925722,0.06701760148343108,-0.09721163829456948,0.15988233708210592,0.05011353862960073,-0.04591942940885864,-0.0008082412596883068,-0.00902969461048721,0.05042675783064203
2020-10-31,PU+,0.2543065483029787,0.4674283687943262,0.2179713090602837,0.3816063829787234,41.55797084224329,263.69243162831646,63.0804259661729,-17.082912549737973,11.251506378055,-20.769495689152077,-36.03466480899088,-7.316514764209617,-3.549359141104258,51.10881067832237,-0.0035861018044401,1.9811617209058607,0.4994241328418008,1.467567235617063,0.432883113870931,0.3797991930705071,-1.3767519639729564,0.8097814316592349,6.782995253715666,1.4884387660917726,4.106934003086573,-28.60510598576704,-232.7986458011769,0.2523970177455704,0.6283783783783784,0.34459459459459457,0.2837837837837838,0.47588606541221207,0.3760098527009423,0.4843322768605235,-0.0067063360249950705,0.33508519052437763,-0.09603887930955368,0.09886374690095823,-0.19506699427016796,-0.05220410534285129,0.060571674851768634,-0.03399578815496893,-0.05324452510733663,-0.11206697355733512
2020-11-30,PU+,0.3079669792490322,0.562965376344086,0.2458651918032258,0.5029804301075269,50.31903431250761,290.92475409728945,72.26897332157502,19.145214459255097,18.59720125890852,12.041994061260615,27.616159667831692,19.1294081018661,9.828126449104984,13.598438417958636,-0.2434068731631023,1.1595753398623825,0.1851539797923477,0.9777407764144004,0.050136886097748,0.2504568320411255,-1.561261649318629,0.5973135907276299,2.720412259535055,1.0440703922180077,2.426710100907485,-29.09538698243337,-232.9760246485676,0.2098711203423947,0.7267080745341615,0.2236024844720497,0.5031055900621119,0.528548905811047,0.3271149722338648,0.5510297766504408,0.04458152816350545,0.475629246843521,-0.009657267365756466,0.04563578773538536,-0.053575557286885525,-0.00817517080817895,0.023959075498979757,0.01486612633783633,-0.018353131311741433,-0.11320645447596814
2020-12-31,PU+,0.2596440108575,0.700846875,0.2407172207916667,0.5740291666666666,42.69420508004455,285.86312332402014,32.78228642308863,-17.068106318556783,21.907129747991057,-2.1160498068536477,13.21289450407566,-16.432022266644616,-1.7551550266380962,-79.05065776094268,-0.494461737679488,0.1901724889698932,-0.2398012674113718,0.3809793560632903,-0.3397854261501765,0.1146793786029205,-1.4723068376469215,0.4232602157476025,0.7412915311981287,0.627450871692492,1.2319840548753722,-29.43487892660939,-233.13912298461275,0.2293956957255848,0.7551020408163265,0.22448979591836735,0.5306122448979591,0.5574112307204275,0.3130650473948644,0.5471520339896115,0.23239335469537473,0.42339998143098223,0.030207359750439557,0.01545972378358209,0.016081224876200128,0.01458941599319577,0.004440821394601533,-0.005980541929979176,0.1072335567171806,-0.08759990620657973
2021-01-31,PU+,0.24797372775,0.5059396666666667,0.21099782141,0.4644213333333333,38.91735232063838,267.8814782688646,43.840622605094026,-4.5988699748783946,-32.587199888607444,-13.177507850494203,-21.18880218578348,-9.262297237051444,-6.496846905691152,29.06725228624016,-0.6413537729194195,-0.5786347553113689,-0.5434128223264229,-0.0933501406165828,-0.6229380942051345,-0.0089885832921172,-1.4168658985517784,0.3399401838855043,0.0924966202027423,0.4214294925083981,0.6791411769577248,-29.61043576729444,-233.26958508995688,0.2424727615176863,0.7254901960784313,0.2549019607843137,0.47058823529411764,0.5504201036311832,0.3294606779829836,0.48823263472504685,-0.05841094062238538,0.44192237553856906,-0.01479605270871455,-0.019842396547976288,-0.015707291902426628,0.01693892336824533,-0.01492454998734366,-0.006550877161620679,-0.025461593079751106,-0.022723447479411338
2021-02-28,PU+,0.2568524091171831,0.4875920187793427,0.2577615120211267,0.5632093896713615,40.77064733925758,266.3149266231455,49.94774152806411,3.5178832279130408,-3.6938397245593606,20.018697706353727,19.28592905276391,4.652216829509481,-0.5865094268941314,13.041644512153036,-0.6176942865146356,-0.9978290878323124,-0.600626301424769,-0.4036550195751285,-0.7111930339961406,-0.1077243437492171,-1.3887722431013851,0.3525473254594128,-0.0994877240304089,0.389134688698579,0.4361411518214448,-29.65574399409088,-233.3627617160177,0.2493812963584937,0.7916666666666666,0.16666666666666666,0.625,0.5363412603296133,0.3040924623556849,0.5321003063568365,-0.0778627255688834,0.5641052724669009,0.028704728477532793,-0.04292340886626935,0.06019497159460788,0.011819339291988772,-0.01673738826376594,0.015208007778190157,0.02697651542206303,0.10550093774200404
2021-03-31,PU+,0.2874597527693976,0.4985184738955823,0.2310069807710843,0.5758381526104418,56.28279976799004,332.9555357978272,86.30144802026993,11.258122373001555,2.216161858720807,-10.9586855561781,2.2175159454315416,32.24265835919375,22.332941177517878,54.6869087443544,-0.4787156366946249,-1.173750353764773,-0.5104976660285296,-0.6088901648488665,-0.6312873755875787,-0.166100486435032,-1.080835404972964,0.4329397561562913,-0.1589615312745544,0.4408634734128875,0.3122209003907807,-29.6148953965806,-233.41367566140343,0.3393119443231349,0.7976878612716763,0.1907514450867052,0.6069364161849712,0.5460890784235186,0.3033871574036648,0.549405028756013,0.07881745438499627,0.7733135318561987,0.024268841109149134,0.003340826318391818,0.027393162548780353,0.010454355351673657,-0.0025524335972886593,0.03199309059583974,0.02074665617622111,0.15689888612044015
2021-04-30,PU+,0.2131862770214493,0.4022717391304348,0.2206243797391304,0.4246188405797101,46.94632069481045,278.9048046119662,81.05945376657151,-29.891653654159967,-21.45128194415721,-4.598631355053151,-30.46347153379778,-18.13841420044502,-17.71384334413507,-6.2663494316059705,-0.3079334413578776,-1.3101105263780262,-0.3921002839254198,-0.766697717816342,-0.5168700861471145,-0.1989955814712213,-0.6715973753047876,0.5483253456826033,-0.1983764308675198,0.5163030215972749,0.2328112621598594,-29.55041773187862,-233.44108326866717,0.5108918396334826,0.6762589928057554,0.28776978417266186,0.38848920863309355,0.5070288865726521,0.3366162461034364,0.5131003092015047,-0.11210661310445194,0.38462490484290013,0.025181869029663573,-0.025361844741537617,0.05771902893134953,0.0159017173662028,-0.004433357249366865,0.004406271866235148,-0.06717243012830756,0.022054784878561898
2021-05-31,PU+,0.2646303984838298,0.4355900709219858,0.2536101825744681,0.4074663120567375,42.75248501600293,258.1580036031156,50.12213697797536,21.61678062237489,7.957376853063192,13.933675756162325,-4.123366135873708,-9.357751340309832,-7.729870695388091,-48.07201161973809,-0.1671789387563519,-1.4730090633181396,-0.2788959903024768,-0.9907617743511056,-0.4947347228453764,-0.2692034096585999,-0.4913864003869123,0.659409318057568,-0.2389320019408189,0.5972852612938178,0.1395604078816589,-29.53706935907477,-233.49664894587607,0.6117776372089357,0.73,0.21,0.52,0.5472873652959243,0.29219394221901895,0.4531413734345848,-0.09560485144394727,0.5572667176362328,0.059103261324803785,-0.05351166745975224,0.12561317186388785,0.0777272605661466,-0.069972466525139,-0.10221186237152566,-0.016403168822233652,0.25214854893697314
2021-06-30,PU+,0.2848796622739823,0.4191365781710914,0.2492915020575221,0.4393412979351032,46.35266014584035,278.09717718366926,66.61666875505102,7.373272371341412,-3.850476774218544,-1.7175471130101774,7.531829560144485,8.085136021708724,7.43987962868824,28.44920614894181,-0.042430832833742,-1.5964870318223654,-0.2453997395660753,-1.306858593324384,-0.6274327463784584,-0.4000104527697953,-0.5794388438613919,0.7718178680461849,-0.2655596453720694,0.623058389295907,0.0389356703238616,-29.612841137216765,-233.5903237438417,0.5602126451422261,0.8053097345132744,0.18584070796460178,0.6194690265486726,0.5405875391005415,0.31132488942548503,0.44483158588491095,0.0045482362115849126,0.8436473324262702,0.15617392102301658,-0.10579372306198626,0.3048531869248102,0.06704064822255344,-0.07375551895617843,-0.08107929925162036,0.012779184215619615,0.5476280015224655
2021-07-31,PU+,0.237967276945641,0.4228173076923077,0.2166956586666666,0.4202153846153846,41.76424075385239,287.36969469664643,105.6665924535494,-17.993368107251996,0.8743360013369,-14.012902823373304,-4.450915472287624,-10.423819390219942,3.279891083320988,46.13339550380847,0.1260391987554594,-1.7563386570008637,-0.3934086401455734,-1.6747460252753803,-0.9300736732321218,-0.5567126636154089,-0.8438124056150506,0.9476877426838092,-0.2954907330093406,0.5154196265932117,-0.0443775762665771,-29.752277349661902,-233.6875468732321,0.4300678011569591,0.7898089171974523,0.1464968152866242,0.6433121019108281,0.47796170847715846,0.33440193842360927,0.47069669073542436,-0.05183984783063752,0.6488645641131762,0.028937586794083064,-0.04381498476064393,0.07088239081140413,-0.03128654999847893,0.00918248828795919,-0.012815767070901068,-0.01887805177906726,0.0695251359887991
2021-08-31,PU+,0.2525625369031933,0.3423254901960784,0.2020732393067227,0.4570173669467787,38.98635212705332,276.0396667198253,58.01526960998328,5.952571656020559,-21.117817886518168,-6.98636719870396,8.395399190113743,-6.882884961326491,-4.022494626745851,-59.95825378417605,0.210533720240769,-1.930681305063421,-0.7451830542050843,-2.0845126599218484,-1.329189452293397,-0.7076916958099899,-1.0006466886359031,1.0476977857302971,-0.3231173247060675,0.3153140722834237,-0.1073656185620069,-29.882110273417123,-233.76785641057643,0.3676416146256049,0.7603305785123967,0.21487603305785125,0.5454545454545454,0.5159425454691422,0.3213699349502394,0.5162442385153324,-0.08024779839160576,0.510503104085818,-0.017217110184893962,0.03041284838025074,-0.03765508099717807,-0.014711794265652556,0.014404233590966434,-0.0054963561649612625,-0.05971688849420315,0.02608581933663673
2021-09-30,PU+,0.2565640073755555,0.3908466666666667,0.2285992808888889,0.42855,39.96988284779373,259.1372237278308,35.35413148813734,1.571928595193415,13.25533160306522,12.334040312421994,-6.43139748989784,2.4914602291253662,-6.318683265304529,-49.52909857410447,0.1549912035281014,-1.9832993873662832,-1.2198140570363414,-2.50361339940585,-1.7465160865666547,-0.8445947056491175,-0.99676934019005,0.9810088009598584,-0.330552222570964,0.1359517345002897,-0.1499444053617907,-29.972421580401083,-233.8309052925464,0.3690698563748396,0.75,0.21739130434782608,0.532608695652174,0.48638730156032933,0.3474691472137752,0.5088965312010549,-0.02316674082768616,0.30656588598524825,0.017521710936194597,-0.003473085432483,0.029488008145187906,-0.01777254387996627,0.018910188915156882,0.012466859337510659,0.05494671589858372,-0.14665504671540353
2021-10-31,PU+,0.2669422380715152,0.5052166666666666,0.2060475171666666,0.3441424242424242,36.36258931179083,249.5222697277565,37.578979884085285,3.965412327955213,25.66720539580512,-10.386379758995853,-21.93518216952284,-9.458576174622136,-3.780957410249787,6.102958914176399,0.0640468978666422,-1.7561058380334114,-1.5699590807877428,-2.680709886247783,-2.040022292072044,-0.9379821716454572,-1.1125078478580812,0.8795035084730561,-0.2954505260964782,0.0487203620761723,-0.1632188339475754,-30.016776180755816,-233.86921993215063,0.3287335128224857,0.6470588235294118,0.3088235294117647,0.3382352941176471,0.4969352298580548,0.34333001945496483,0.5080584904312668,0.05626495379439981,0.3517418721910779,-0.06819235253056086,0.06570799755143357,-0.11912487086042416,-0.009211417504707362,0.015464747929843863,0.007777190568734658,0.0626466363279487,-0.11245157330593858
2021-11-30,PU+,0.3039489565134066,0.537419413919414,0.2508591852802198,0.4821728937728938,42.18396880797185,269.2699618212346,43.820179340520575,12.98274829172358,6.179144100270422,19.67849588363384,33.7247154856833,14.849978283065091,7.6166283265950305,15.36495783870392,-0.0156348136730763,-1.2717896179142665,-1.6643166485933787,-2.5893083824164607,-2.1340037535275744,-0.9766490540834072,-1.2951740390962914,0.7978478866066382,-0.1878371767434161,0.0299866523673971,-0.1566613901226774,-30.02843954322569,-233.88406592765784,0.2738501995425499,0.6842105263157895,0.12631578947368421,0.5578947368421052,0.5166576545489462,0.25128478266690907,0.4819190117450224,0.016326280529911436,0.6497808105099682,-0.04788366889478956,-0.0317179937679528,-0.011506860821966863,0.0010614277735935193,-0.04889523933290314,-0.03274688988077404,-0.06063694296830423,0.011397768007893466
2021-12-31,PU+,0.2683028724623729,0.4502107344632768,0.2462650744491525,0.4955087570621469,45.58441704052407,281.4162000141285,59.958286660775855,-12.474331756955298,-17.70630492157829,-1.8483272668505248,2.728227629031757,7.752566374939093,4.412026046962636,31.35546713000116,-0.0831840310167484,-0.7782920209490337,-1.5185895338837083,-2.3124688608472166,-1.974141172061125,-0.9365557409430848,-1.1621476088370548,0.7335429007267373,-0.0089770384871909,0.0596872568146291,-0.1327168417278518,-30.0079214575336,-233.86866120473863,0.3128136576071976,0.7416666666666667,0.225,0.5166666666666667,0.5345785435289144,0.30931779750001925,0.5917220953694895,0.03510376539780666,0.555688583895591,0.016329897769719055,0.007104756091682776,0.012715159122651226,0.0070358737636077445,-0.0010648629330723518,0.08997643797927453,-0.055407130695638074,0.06445905110487864
2022-01-31,PU+,0.2746818818282569,0.3388501529051987,0.2572974794541284,0.4617452599388379,45.89322978911817,268.1812411577605,52.64506098095588,2.349717117996063,-28.415778912451096,4.382442888766917,-7.057167319768473,0.6751680490330301,-4.817168745177087,-13.007667247175824,-0.1585259961416909,-0.4326934222880244,-1.1606832617541067,-1.8761845786571087,-1.5611565362606052,-0.805801594260343,-0.728752408976116,0.6667618894550138,0.1805926898121454,0.1539387274230869,-0.0785599199556797,-29.936908811360063,-233.81390709616875,0.4825105906182456,0.7391304347826086,0.24347826086956523,0.4956521739130434,0.509156242887611,0.33589010132557673,0.508677118571346,-0.01496269204068845,0.4806577354855808,0.024656607192812187,-0.029774476861852184,0.03203155367574803,-0.010867584723093144,0.0015604725860145884,0.02098281333446591,0.08221640264602104,0.10435069592088038
2022-02-28,PU+,0.2272163480325,0.3102591666666666,0.2309421417875,0.3701908333333333,36.42785209074732,248.0568507866292,35.027056947835376,-18.971099608610224,-8.815001311622968,-10.806571240645887,-22.099471515653992,-23.09839576600357,-7.800506798100411,-40.745160716259655,-0.2574661433781903,-0.4665340112612536,-0.7125871707737995,-1.6516263883133215,-1.198555306981237,-0.7162741153306676,-0.8084229330281142,0.5863689083830993,0.1590056108810568,0.3310405404426966,-0.0399955185778326,-29.845172333501367,-233.7720675616845,0.445560190689488,0.7261904761904762,0.2619047619047619,0.46428571428571425,0.4974616626721053,0.3352278099794473,0.4950512560651367,-0.1689113468563866,0.3286402066703012,0.0061276257718233945,0.0061465309467973114,0.000891252300741649,0.0011024157808156075,0.006062436521915949,-0.007935626424702451,-0.016930291929482616,-0.0053445770540526405
2022-03-31,PU+,0.262001216876044,0.4283435897435897,0.2338945247307692,0.384447619047619,39.22560465674668,259.093060416293,46.62234362929707,14.244650968856146,32.25176835879625,1.2703054029069691,3.7788909877182495,7.399606420660014,4.352934685393812,28.595908475452543,-0.3180795419967561,-0.5076174268102794,-0.3929368708486001,-1.7304006196926474,-1.102335917161624,-0.7606666837268776,-1.5043796849723126,0.5409060268176443,0.1337613425697677,0.5157380294232597,-0.0545199327644569,-29.814707561185784,-233.79328203789132,0.2221550572196521,0.7204301075268817,0.22580645161290322,0.4946236559139785,0.5389558241091749,0.29519961997666344,0.4395170514424314,0.07184354963663653,0.5360227600881523,-0.020259225910685894,-0.0024440278123939035,-0.019556932463713372,-0.0027639940447366507,-0.003681820442348105,-0.03789658595842066,0.01743766211163955,-0.04927934215421134
2022-04-30,PU+,0.3270368306951938,0.3062356589147287,0.1099014382751938,0.253722480620155,22.86107127841717,239.1275018496099,47.41576730981963,22.172364833476497,-33.55707205722728,-75.52863162756586,-41.55664746029931,-53.98941937446643,-8.01904135673272,1.687491381170816,-0.3678398755269891,-0.5417657847202243,-0.1265576072080817,-1.915560808024588,-1.113107363286351,-0.8596095245514354,-2.417678222123234,0.5055891265410729,0.1135534857163053,0.7217900555230264,-0.0844741080636552,-29.81826550198271,-233.837309434227,0.0891283135619366,0.49624060150375937,0.47368421052631576,0.022556390977443608,0.4274577929225183,0.3717422272477831,0.4669534517040511,-0.08817818872647117,0.19805094562582937,-0.025763472331788856,0.03794407535739913,-0.06482405532623242,-0.015263792417822247,0.009582979103438232,-0.014934910372366925,0.0353937403481195,-0.015607888928698466
2022-05-31,PU+,0.2710833786806838,0.4117094017094017,0.176423026568376,0.2922559829059829,34.720952074851084,242.44688750543216,99.15530438414736,-18.76463526828353,29.59628320975792,47.33007227051384,14.138899830261236,41.790779108529634,1.3785775569211842,73.77325350597324,-0.4150467807193718,-0.5790273215047227,0.119583781038984,-2.139744346728831,-1.1602242971155143,-0.9781031963149336,-3.4019573340191105,0.4736705013141661,0.0922765659462197,0.96769433016049,-0.1140484076208614,-29.83338611833565,-233.88461311729984,0.0333080112111234,0.5247933884297521,0.40082644628099173,0.12396694214876036,0.42803094668452407,0.3857819893712963,0.5796130350313431,-0.09717317774905188,0.0006604245253323983,-0.04558402274812215,0.044157854056768905,-0.07923158229929383,-0.019420234101097902,0.014867271929238195,0.007913593210941997,-0.009522296175405523,-0.1734214923342124
2022-06-30,PU+,0.2180700532146428,0.4082255952380952,0.1701767968660714,0.2386922619047619,30.92781369697667,232.7195918436136,67.55703223860645,-21.76100877771603,-0.8497813726406224,-3.604679294629813,-20.24549568592161,-11.568741224466994,-4.0948405459241,-38.37151889279964,-0.4666089773481496,-0.6201526704711681,0.3718686275000788,-2.378408863709048,-1.2097377073950528,-1.104216704467015,-4.413895045092867,0.4404863737385492,0.0696956489662167,1.2911090870294342,-0.1390353780223744,-29.848526488427567,-233.92916636333223,0.0121079254480019,0.47368421052631576,0.47368421052631576,0.0,0.4137560651196461,0.4237066208335914,0.5047707055332854,-0.08680793225012362,-0.02784294005510007,-0.05419958247336698,0.057494337308309634,-0.06953399683502626,-0.027784127324623355,0.014080317818637944,0.002262877650923527,-0.009183725928901158,-0.08663295441857277
2022-07-31,PU+,0.2197889156129134,0.4094839895013124,0.2068844009881889,0.393518372703412,37.82187158460876,258.71467222552826,68.56424837091065,0.7851255085185354,0.3077853751792995,19.53223097328398,49.99526420861272,20.123164996061536,10.589154246281993,1.479907492025493,-0.5192154389298553,-0.6652474419383562,0.6416167742536417,-2.6210554920409805,-1.2507747989931182,-1.2335522785678303,-5.454066439957924,0.4083482797498153,0.0459796239439703,1.740216207261107,-0.1590072728089327,-29.86051909385096,-233.96938066819925,0.0042788694992916,0.7022900763358778,0.2595419847328244,0.4427480916030534,0.5304259232437337,0.3160752544734087,0.4695162443377282,-0.060462476040172505,0.4570212828168588,0.011254563769375593,0.0035219911602001885,-0.002207380814068932,0.0402685227820587,-0.01501501446367564,0.002618245214141557,-0.019755334560632463,-0.003505667524742087
2022-08-31,PU+,0.2832693631497297,0.5454126126126126,0.2891230221081081,0.4848671171171171,42.837620264395696,253.90691460732705,42.90780263537284,25.373064693084192,28.664479072786893,33.46920916284725,20.87471108248127,12.452914600994989,-1.8758080871265528,-46.871754909816346,-0.5664735344953006,-0.7173138618626295,0.931656605847134,-2.864385049734301,-1.2811638859272094,-1.3640563714813847,-6.5223050487256,0.3808843762938776,0.0198948307059167,2.3793780065435195,-0.1747151496329808,-29.869088108059344,-234.0050150090001,0.0014702761352472,0.7466666666666667,0.24,0.5066666666666667,0.5485718493660291,0.29463707024852437,0.5346700670052059,-0.03439631933984324,0.2902451645283892,0.03375939912831513,-0.02228593430471902,0.05323201923833863,0.020246810017766917,-0.007552728708951958,0.012128841112022695,0.016875276105525687,-0.03385934443759467
2022-09-30,PU+,0.2527730167962887,0.2921470790378007,0.2009856375721649,0.319707560137457,37.54399914246722,253.59091173809136,52.52793844402831,-11.39063389867484,-62.428522478846446,-36.36188289293104,-41.646816468574166,-13.190313900139456,-0.124533699917921,20.22914998805482,-0.6068000855249921,-0.7802543747923932,1.236058252394559,-3.1152233395755182,-1.3068658544687333,-1.4961578163031288,-7.613748033176459,0.3584534412427642,-0.0098772474657258,3.282685785504236,-0.187364736556063,-29.876134954759536,-234.03664766692387,0.000493618289303,0.6161616161616161,0.3434343434343434,0.2727272727272727,0.48351785213206755,0.3428903418884735,0.4879806922524002,-0.16452364753357843,0.4198238892340037,-0.03933121121724234,0.03472672052834606,-0.07354999117624321,-0.0037676359746234567,-0.001054086190312397,-0.005828166253661195,-0.027208300790780196,0.06989943430012158
2022-10-31,PU+,0.2299591612210753,0.4273193548387097,0.2295819102311828,0.4655086021505376,39.92202968490221,263.75223425805035,45.10838044156413,-9.459018597021224,38.02742665003292,13.302642250854191,37.57238725391759,6.141473830956098,3.928777094896392,-15.227714053902952,-0.6402857528021588,-0.8605526848928605,1.5459506208587268,-3.382231457959165,-1.3370457299142793,-1.632085916640452,-8.734218536749198,0.3405028813612135,-0.0452383950212814,4.533096896020285,-0.197761769357581,-29.884181617868244,-234.06511547589167,0.000160981913669,0.7395833333333334,0.22916666666666666,0.5104166666666667,0.5103165455317745,0.3114798730239272,0.5200700932516086,-0.09100993323082171,0.46145434353486287,0.08994360216838414,-0.09282293235946508,0.19946541442533025,0.014767027578374618,-0.01953107052287689,0.005957315474105392,-0.031433397856423656,0.10629456206089477
2022-11-30,PU+,0.2592513228185508,0.5722478260869566,0.2302785255434782,0.4377347826086957,42.46987470791141,267.0053898484607,45.4021461133055,11.989621632977478,29.204052264690333,0.302968375165234,-6.15173681070963,6.186670022830285,1.225868901988904,0.6491326798417285,-0.6656305399423132,-0.9547697871923128,1.8586602580044584,-3.670109262027896,-1.3791181409654492,-1.7757850433587583,-9.909203525709506,0.3273104709972484,-0.083265923231551,6.255803050444698,-0.2062596468453564,-29.895001485325505,-234.09128633335771,4.971501659599986e-05,0.72,0.2,0.52,0.5137410602966944,0.2968175609409809,0.5303362435625496,0.16052225572422457,0.6490436283345932,0.031220691216774822,0.0001498600664634614,0.0292755717446328,-0.0004974637078703492,0.013370138270845336,0.0077261992789066924,0.05968261875707642,0.03580535253670192
2022-12-31,PU+,0.2449570902953442,0.4611835897435897,0.249916695640505,0.3778348717948718,37.30993589534734,243.74813420159853,28.810109044921465,-5.671489602499436,-21.577595382543684,8.183808799360165,-14.71559547468724,-12.953532512041091,-9.113338960373977,-45.48330410911918,-0.681451900225016,-1.0590788649457994,2.1706107496755607,-3.991659836052654,-1.440941579365599,-1.932469779443396,-11.159214051863405,0.3192430798399662,-0.1213915767177337,8.604301460196176,-0.2132643002361962,-29.910097215669985,-234.11584662644205,1.4243440801298932e-05,0.6818181818181818,0.25757575757575757,0.4242424242424242,0.5265846660530026,0.29792812788351014,0.47317620333578,0.032933051032708806,0.4091419061473203,-0.02602660764275537,-0.011847541006427126,-0.014536858891499,-0.011979378875661278,0.0015118698899840646,-0.00983063104126148,-0.016886041128687232,-0.02596438617059399
