date,keyword,TBraw,VADERraw,TBstance,VADERstance,TBstanceweight,VADERstanceweight,CR_lognorm,TBraw_log,VADERraw_log,TBstance_log,VADERstance_log,TBstanceweight_log,VADERstanceweight_log,CR_lognorm_log,TBraw_log_stl,VADERraw_log_stl,TBstance_log_stl,VADERstance_log_stl,TBstanceweight_log_stl,VADERstanceweight_log_stl,CR_lognorm_log_stl,TBraw_stl,VADERraw_stl,TBstance_stl,VADERstance_stl,TBstanceweight_stl,VADERstanceweight_stl,CR_lognorm_stl
2009-01-31,PE,0.09501952585968976,0.12420227207362668,0.12724570435236957,0.15913206787460454,129.30674084155277,498.2559833267929,1.6857888287053195e-05,-28.42995242930264,4.688192028061341,35.3589266781258,65.80292808776775,1.0646558322279258,-0.3359488307114973,71.68289329693829,-1.6507602101299712,-12.314820545938014,5.824260927943344,14.622148505300506,3.6214373249688903,1.7906600815829312,97.6631297439925,0.19190396581538868,-0.12455516434025017,338.2961120729232,2240362.837701602,-91.1574084502983,-498.0625760280325,2.5975166091209443e+42
2009-02-28,PE,0.09962829048056321,0.07952783094098884,0.10940890679407425,0.1774572169059011,128.31065919172113,500.6786833267929,9.976866615057169e-06,4.736375938186682,-44.58044278726985,-15.102759570504599,10.899507533307995,-0.7733069377572914,0.4850576981657669,-52.454962025260976,-1.1262334632785789,-9.354897250047507,6.394387098947855,14.389134527721755,3.368241879594551,1.6572413992796078,98.12407660545583,0.32425226732832346,-0.12447310855396733,598.3615854790224,1774686.5690407222,-99.52123265687233,-498.81116082806193,4.1185563427287063e+42
2009-03-31,PE,0.04697097858282068,0.0010000000000000009,0.0010000000000000009,0.0010000000000000009,122.06102685646378,489.6227833267929,1.0796896370583952e-05,-75.19162311966792,-437.61070351278437,-469.50923016105565,-517.8729548346655,-4.993320858686567,-2.2329279998323246,7.898964513807787,-0.6430998415510083,-6.606660327774139,6.835294151259136,14.04463863963481,3.1168372031653586,1.525916035903408,98.5662469451726,0.5256604318429045,-0.1232083114762185,929.9870826412074,1257502.83757833,-105.97381418215896,-499.4566285124641,6.408806367170991e+42
2009-04-30,PE,0.07479094076655049,0.14134501497646554,0.097215989206201,0.2191140350877193,128.1840273293574,502.6168833267929,1.0986188875860174,46.516683086765504,495.1203816283634,457.6935195944262,538.9592302458149,4.894580510986003,2.6192951832493563,1153.0305672420332,-0.20910825909787037,-4.058421625699264,7.1456647828748965,13.587738643682753,2.86858328503771,1.397233297108391,99.00457132291933,0.811307399481802,-0.10728338310172489,1268.4795662815575,796305.6109052203,-110.9366318138704,-500.0119873871684,9.934339753420422e+42
2009-05-31,PE,0.052003247436486065,0.030082376395534294,0.06660281557889214,0.1526579744816587,122.18421138027331,490.6505833267929,1.8328252703623968e-05,-36.33905975659208,-154.72643178114168,-37.81883433321814,-36.13923443426327,-4.793710962704526,-2.4095984983063032,-1100.112065925568,0.18507621204177793,-1.6349325175318072,7.394628671316316,13.094141268951628,2.6255453996385523,1.2723647354144905,99.40170362258297,1.203310143356123,0.07040587848747598,1627.1057592420439,486085.95334041887,-114.73657582787155,-500.48670032632816,1.47778541191994e+43
2009-06-30,PE,0.12328545046925952,0.22174468849288576,0.16857797722578338,0.28460852327669567,135.37613530704098,507.9160833267929,1.5419245623574434e-05,86.31962348141626,199.7587169749138,92.86515629873158,62.291467535846955,10.252725638962215,3.458401209392715,-17.282728790990433,0.5529367229458175,0.6936986283727893,7.609909881273733,12.591042271642824,2.389596409732214,1.1529987113813152,99.54899056113666,1.7383505831807908,1.8765435506534767,2017.9814027656535,293913.6826298055,-117.63959082544075,-500.88830569421464,1.7122898398924623e+43
2009-07-31,PE,0.04422553434954229,0.29887433166248956,0.18995991544618318,0.4312862573099415,147.48431900413092,548.6781833267929,2.707771299921477e-05,-102.52000796522707,29.84965213772654,11.941466296762773,41.56574062590884,8.566476661971349,7.719583898468518,56.309454598620064,0.9071640712110272,2.9530320783152075,7.808069806916427,12.09154009123474,2.1646389096020684,1.0415215342017292,99.34681537604628,2.4772871522264466,19.039412741213656,2460.262028221918,178356.3271022388,-119.83722535140187,-501.22245828541577,1.3988582627653555e+43
2009-08-31,PE,0.07870012394729692,0.12826527259468964,0.18136620400583775,0.4013511989019002,155.7666940191622,564.2350833267928,3.933192758784584e-05,57.63424078609939,-84.59226280787627,-4.629486471597569,-7.193518798690918,5.4637478345443435,2.795889644811336,37.3325604889353,1.249553468639103,5.1348676990693765,7.992515960636695,11.59919164041136,1.9535132287953323,0.9404635965332354,98.75318060389148,3.4887847577894497,169.71728850450867,2958.6168367451714,109009.3904454432,-121.49525668144986,-501.4948148348126,7.726119243212054e+42
2009-09-30,PE,0.06991919028154434,0.09356859853914942,0.14781479238027467,0.25413815960133795,137.02872947791641,504.0364833267929,2.2354242864904768e-05,-11.830457971730892,-31.540572001707552,-20.45581265812953,-45.69587971685491,-12.81687285757767,-11.282232605959429,-56.50204554681713,1.5827158981012563,7.2096516076830435,8.15660530111301,11.10403075697901,1.7562523005251156,0.8513394548020115,97.76423327945247,4.8681592980533885,1352.2964525491186,3486.216628826025,66438.16408444082,-122.7579861837833,-501.7132005238926,2.873869483259054e+42
2009-10-31,PE,0.10276812925034268,0.1264118230358505,0.14417703438087773,0.2389922959572845,135.97639151495343,500.2048833267929,2.0105225586703887e-05,38.513512756650265,30.085017251172363,-2.4918137371019187,-6.144673765399758,-0.7709329196198519,-0.7630871860326836,-10.603637968442872,1.9124473676921623,9.122562002233877,8.268573323045175,10.568726251742069,1.5599480090788498,0.7677081372482599,96.47249085069855,6.769636330567324,9159.514035702437,3899.2670451133095,38898.84028757615,-123.7901072411737,-501.9011612929366,7.897150813822922e+41
2009-11-30,PE,0.061329449709176594,0.2519827583665045,0.165705674468086,0.3387888250036857,140.8506334499676,524.4494269203307,1.791776908024952,-51.621513122819266,68.98156519756795,13.917121937944232,34.894566125978,3.521871278419344,4.7331220537583825,1139.7738610763197,2.248832692808286,10.682530390441665,8.222987286313446,9.884778237315572,1.3473875664115402,0.6830062183722284,95.16463743013136,9.476667195592496,43587.58027844722,3725.5004365465793,19629.038138104963,-124.70131966292577,-502.0761627588039,2.1353885427842468e+41
2009-12-31,PE,0.13481547559517856,0.12777450060795553,0.20341903670316908,0.3170882925134618,146.99529662513646,517.2404121787223,1.791773221385634,78.7646849030248,-67.90936697140113,20.505490240107477,-6.619671780802376,4.27005988698587,-1.384122137361229,-0.00020575346707236603,2.4210490925891865,10.942052926473366,7.3832115767140465,8.443220814287084,1.0835585554935425,0.5803330465459318,94.81406990176112,11.25766345328255,56503.09655981105,1608.6332796477413,4643.232519834149,-125.59350405374295,-502.2693499630479,1.5039291083411081e+41
2010-01-31,PE,0.07022681294740117,0.2266784166298098,0.19989831996062646,0.3631630546955624,159.93516944969826,544.2333417142122,7.336959631408632,-65.21768070824527,57.32653499550109,-1.7459234607282423,13.567165952457753,8.436795166292043,5.087031155510957,140.97187816813477,1.8521444717761046,8.94306213942696,5.237259231522695,6.044546676500051,0.8754388833160265,0.49675713947106265,94.43501816599888,6.3734726101673695,7654.476099638276,188.03889082148538,421.55228530146246,-126.1487527258644,-502.41259996949253,1.0294548118689004e+41
2010-02-28,PE,0.11698308447235484,0.2834695203674422,0.19984860924094602,0.41736768315638884,148.79313356466506,543.7763943541546,7.2724123147880535,51.02991582613099,22.35722592253774,-0.0248710953382336,13.911564758759424,-7.2211566246907415,-0.08399692976560748,-0.883648343872995,1.3301097454678914,7.062657819226312,3.2797229064034163,3.946702892355041,0.7597922258329356,0.4528639072129874,92.0192998458017,3.7814583627148717,1167.4196073414896,26.453591248494302,51.51019828729318,-126.41084908915525,-502.4831732029578,9.193357560895545e+39
2010-03-31,PE,0.1158553889104262,0.2880570371825085,0.19170019186648213,0.3602800798638387,148.7283666995557,531.5079291883601,7.336951998729011,-0.96865811148549,1.60539008435057,-4.162747519903837,-14.708583890044435,-0.043537603887387095,-2.2820006384497136,0.8835443132666508,0.993615885530182,6.032048982964322,2.1846005953225056,2.8945721886567686,0.7107167561930106,0.45420594753123056,85.94492953047374,2.700983282805653,416.44313599708966,8.772279800693742,17.821552733736386,-126.51323142016948,-502.4810610113525,2.115478630418674e+37
2010-04-30,PE,0.16261043268505954,0.3431352710133543,0.20684946578907693,0.4153249803613511,147.8510581864213,537.374061614496,5.545188125212547,33.90145906389161,17.496623925227162,7.6058659383989715,14.21795704004237,-0.5916196461623106,1.0976312394044854,-27.999295012739182,0.8713440973547881,5.387181869886832,1.5606747537277113,2.332574624199565,0.7133287293091538,0.476059280995096,75.25527692406729,2.3901212511487664,218.46195186700515,4.647214865982866,10.050223428844738,-126.50790793100722,-502.446264887952,4.818939813955467e+32
2010-05-31,PE,0.11941508094117315,0.32784265883154484,0.21533445129999165,0.4273174331459717,169.73898042621903,575.6797492175368,11.613623723819998,-30.875185768763046,-4.559095094473391,4.020109659310283,2.846584120600403,13.805644440896863,6.885708655851405,73.9248320698549,0.8426926708206772,4.793264403641849,1.1594871672831415,1.9000466882625435,0.8071728227796551,0.5270322148361695,62.25701204300683,2.3226125954734136,120.57016292373476,3.0734792982665815,6.431992567273658,-126.30711934959332,-502.36208560978577,1.0911307372531405e+27
2010-06-30,PE,0.11116520022183488,0.247881905220368,0.1891345203712606,0.3986262302096705,154.37036525323262,554.4361534442795,8.995180559350205,-7.158811382976242,-27.958135048398386,-12.973389701339357,-6.950292873531319,-9.490716356354703,-3.75998575440121,-25.548992742204156,0.7698844192057462,4.055492777241873,0.9610366657939071,1.6817901575140648,0.9398712020923566,0.599638588763555,48.99906446844305,2.159516640711417,57.589036287536125,2.499586838568577,5.120955728907456,-125.98902935793129,-502.2345229416245,1.9055630239995276e+21
2010-07-31,PE,0.040653511536138,0.31506738721804506,0.20568537678672388,0.43006224937343357,158.09083132847803,563.117960812464,11.36230366468768,-100.59321682770575,23.98340994990807,8.38891942473071,7.59057527365363,2.3815065391095747,1.5537470472609647,23.361223961601425,0.5163476193955631,2.850018126716574,0.5353015808886048,1.2720233723149241,1.0176957412072378,0.6639391918699745,36.397842384279365,1.6758954499156762,17.163535565006658,1.593144758565864,3.3138507518071374,-125.78186911505986,-502.1135544431155,6417739734076108.0
2010-08-31,PE,0.07314240573622531,0.24883626382213886,0.14078987262677625,0.32246570546633846,135.1496997113952,523.6677113314598,48.83465436877422,58.73230874743841,-23.59914384667612,-37.90791903601563,-28.7933173252647,-15.678669884280309,-7.263178357278843,145.81390112245052,0.04919626355664473,1.372426202361777,-0.2157415952087003,0.5160501343461491,0.9900329708505043,0.6628778271490666,26.47913936101845,1.0504264909495686,3.820350595510492,0.6911250395376267,1.4211829351360301,-125.85735787114147,-502.1156149749242,316041496837.7256
2010-09-30,PE,0.11325802958615457,0.22770786340852128,0.2080871492316511,0.3743415350877193,155.00537177316352,537.944778175272,8.147878258962503,43.7260358882649,-8.87315986091008,39.06884648711357,14.917178518486793,13.707672209105484,2.689856760711371,-179.06826343076378,-0.4227216337278778,-0.16494306618670784,-1.0663851387488472,-0.4089810134208732,0.9213582327580776,0.609055533286093,20.342202823136564,0.6552610102915026,0.7233823301611814,0.22943219430279338,0.4101128104089747,-126.03598017128658,-502.21728933361663,683134841.3346037
2010-10-31,PE,0.0934495317038003,0.256604649122807,0.18534738286579625,0.3840365350877193,156.41849314965572,556.0917180832142,15.938486179532436,-19.224714057902737,11.947306364206229,-11.572516910241875,2.556911539250325,0.9075290846182168,3.317732913064255,67.09791418999629,-0.5600469823186269,-1.4268174221284737,-1.7343683376689025,-1.2498776180594007,0.8711969172199322,0.5160111333152294,17.611518024576615,0.5711822277529904,0.1155121056444122,0.06169316574568186,0.0323258269311289,-126.15891157857618,-502.380651697504,44523069.323725134
2010-11-30,PE,0.09803358673639284,0.33694081081825444,0.1842551331515483,0.3893229832823818,173.79734162179355,590.7614542465766,17.851949937776826,4.788861906107047,27.237070918358608,-0.591041914784883,1.3671598812245256,10.535485333151676,6.04790639814396,11.337604353522583,-0.417813835314943,-2.1094577840290603,-2.1236331509447077,-1.8854705884654037,0.7539678015339568,0.32902841097699476,15.985157137569656,0.6584848036309686,-0.0032559277026498884,0.004777831622919379,-0.10245640785346746,-126.42326453821384,-502.66636599137996,8755189.231455553
2010-12-31,PE,0.09909969243618916,0.2657494538950413,0.1841635225632828,0.41084830840659126,162.1511248722641,580.4067937164946,17.787404234902645,1.0816196006087835,-23.73533171100562,-0.04973178677711736,5.381477673528514,-6.936114713562229,-1.7683079035587412,-0.3622162911917153,-0.15632230511161369,-1.9951342140479364,-2.0441884416510354,-2.0171780638794865,0.6735449377256179,0.16129454555331948,14.346764742908263,0.8552834837038946,0.011435751325921895,0.014666737067516464,-0.12118369607272589,-126.58750381343877,-502.8809523087838,1701064.420692827
2011-01-31,PE,0.0973174080630221,0.28950458839406207,0.17781820818882224,0.3623948717948718,177.008381945358,586.4552595712735,47.68744168762948,-1.8148453338106132,8.561718400001416,-3.5062346425967332,-12.548964367470772,8.766831711422638,1.0367155244576494,98.61775066828848,0.20826864645370105,-1.2517968545295357,-1.4133856404314389,-1.528239311654711,0.6680702920219637,0.07041225255098425,12.118085536632712,1.2315439750334876,0.16143080253555223,0.1284996043574051,-0.0372967801160381,-126.59821122772703,-502.9830329101549,183154.53639335587
2011-02-28,PE,0.08992892727743267,0.23782421434019832,0.19848937999849753,0.37498120900076276,169.2055316302825,567.0335287354699,36.17808232028285,-7.895822298479441,-19.66393406960474,10.997387133145766,3.414149199129688,-4.508294758798575,-3.3677945866142505,-27.62146115412537,0.568254258452883,-0.46944034684351227,-0.5649340913533594,-0.8269386019111344,0.8096442230361707,0.09288157402556578,8.978061012076054,1.7651828071056803,0.5007925015494098,0.453579112738719,0.18317221713385,-126.30157270219486,-502.95865155180473,7927.246368955207
2011-03-31,PE,0.11183606032492024,0.25297261208577,0.19369587428620536,0.385955238791423,165.7033899615452,563.9337527095706,28.19963174560095,21.801439043386285,6.17494246759658,-2.444632674620183,2.8845485676907123,-2.091475683669176,-0.5481650687368473,-24.91445555085015,0.7676490300385714,-0.24642084373922782,-0.15997870183367566,-0.6116951121594726,1.20535643846833,0.2876061170787427,6.343285790325548,2.1546946721025666,0.6570335779629435,0.7373434431582437,0.28821657351446733,-125.21073243789051,-502.72275126344425,568.6617482569727
2011-04-30,PE,0.10506975108225107,0.23162435500515993,0.13725077270940275,0.34826038802889575,137.8868396346474,544.8295142183032,16.90188074710322,-6.2409626239820835,-8.816433029194545,-34.447956036798885,-10.277095961676883,-18.376603652775405,-3.4463857086883967,-51.18840166442183,0.713377854103411,-0.2720095666436297,0.011180723826750717,-0.5260945022116329,1.772321356454345,0.6192950754446561,6.3022660336148455,2.0408734012591934,0.6372873236136795,0.8964249666183405,0.3366942248177242,-122.66418354214912,-502.1983652272104,545.8073276000912
2011-05-31,PE,0.08104555041099905,0.27932652477588954,0.16874342710258555,0.3801605345652532,183.92566238618247,627.3430293125895,50.130647429670496,-25.96130782664443,18.726453725583568,20.65696681760564,8.764318144810112,28.809832108105994,14.10205594452525,108.72076436584351,0.3429351079759337,-0.5771864527074613,-0.04464656675893922,-0.5225305356493777,2.3549017842105147,1.0302027957885647,8.002418530887855,1.4090773210801613,0.4369162361470391,0.8415169277364347,0.33880395937596947,-118.01158717536785,-501.25434939013667,2988.1762512878277
2011-06-30,PE,0.09138113762934323,0.23775505548323106,0.1810657273302917,0.34011315169549317,169.2104425888725,558.0955925741957,31.873488795771898,12.002773812675299,-16.11404721446594,7.048072127912818,-11.13152615425763,-8.338850450870162,-11.696322665676798,-45.28579541804261,-0.08118348312036477,-0.823067526902474,-0.1198282799147743,-0.5226612057294883,2.9652381180551806,1.483441400015806,10.998168449387789,0.9220244999908838,0.3145230394866656,0.7722542567461584,0.3387264747296986,-109.14935905686949,-499.64789371932994,59764.57955922855
2011-07-31,PE,0.13615517478900815,0.2960812447211564,0.23524028392489377,0.4133444339873066,219.14302145293243,621.5327188759661,66.848526254834,39.87561409037382,21.939292701029107,26.17473767794456,19.500286464198847,25.858141996082157,10.7658294012767,74.06546657267639,-0.3170355643333242,-0.9466833129839954,-0.1250631890332651,-0.47372145990813813,3.5458059918931006,1.9019000881593684,14.552565941821552,0.728304852988555,0.2634662027718413,0.7676226451188752,0.3684666348580074,-93.88106517502632,-497.3573730188419,2089772.8667132535
2011-08-31,PE,0.10794618979923495,0.25927160167755153,0.12584807984020133,0.22444779421180688,142.34983797206183,470.7111739351008,68.77044837894546,-23.21623660356189,-13.27577247013634,-62.55320126117026,-61.06380883375198,-43.14369071697342,-27.79438674792733,2.834486553661486,-0.3559961864717698,-1.0443264160826604,-0.0713999864516151,-0.3790472438841968,4.043514418899731,2.243440295059669,17.332856182854098,0.7004752915124577,0.22736914401054817,0.8162708993911254,0.4302992377488423,-71.52227535207984,-494.6302805563296,33694870.830183506
2011-09-30,PE,0.09210029865888351,0.18502172201574552,0.16327979651827212,0.29283715581664865,178.6164341063323,545.8522013636986,65.53540239927548,-15.875467433698676,-33.74029328836276,26.03898083496656,26.59735346634256,22.695300499492564,14.810355852831982,-4.818363201732537,-0.35982413436499905,-1.0527521697031705,-0.04694175467533894,-0.2657159760964465,4.4707961300926,2.5582797646707083,18.49510447204954,0.6977990341508916,0.22441633599318186,0.8393244752376197,0.5124428103632162,-41.12238305611629,-491.1423995322823,107726317.54765011
2011-10-31,PE,0.08034048629915162,0.2252147620046131,0.15738120601818442,0.33419145872649747,161.93896777667825,570.0768168712675,43.34559289741938,-13.660450409656614,19.65812102724423,-3.6794346113049032,13.209738614620145,-9.802115835404575,4.342287256150077,-41.338545647951186,-0.3113384958903104,-0.8610876338570844,0.015032092270876839,-0.04837235502819943,4.92340270990675,2.958470123950145,17.771537388320187,0.7324658972058243,0.2981424379857064,0.9003271473205144,0.6985649138985939,8.920906296643949,-484.78751250395055,52249317.59390565
2011-11-30,PE,0.07848443525903265,0.22622406389107097,0.15881356734788588,0.3345467137994239,188.3729510559346,608.2119781781288,76.91604505648873,-2.3373353753011648,0.4471496514034142,0.906005568872199,0.10624639685309537,15.120425781691615,6.47523513325206,57.350946828391336,-0.12026522559737002,-0.3747589794110402,0.3412708927729126,0.43081289748317503,5.586691633486107,3.533123259941677,16.473627952450745,0.8866852339067912,0.5628953004991638,1.2919157682956868,1.2842936292817686,138.30263468493783,-469.82527108209524,14269400.144585691
2011-12-31,PE,0.10712596786787247,0.24446514097555294,0.19815273395051347,0.3718255015934525,263.5563186001915,697.8075664451189,104.51346052914897,31.110508364253814,7.754678477997453,22.130713505651624,10.564814004997302,33.58432980269727,13.741990245834248,30.660136892467545,0.22522997128475483,0.3347220039879071,0.9428009472580059,1.143893244603446,6.248655705837344,4.0984635219148,14.797446545696792,1.2526107475740387,1.272992168260082,2.4523433474624983,2.8847513317115925,388.76824982247945,-443.8083360708266,2669619.5930070872
2012-01-31,PE,0.11329026117083367,0.2764465826325655,0.1784075623074669,0.35994235132986285,345.35666596451927,852.2126538397738,266.1159970260422,5.59477963962934,12.294488504292204,-10.496750805623739,-3.248077904953889,27.03106194313315,19.989271741454477,93.46164207710463,0.696945045379649,1.2178821045385109,1.7466751868028616,2.0732189436287842,6.827268817307894,4.622489847989473,12.738475604257351,2.0076101716937984,3.25546196619362,5.620682973552014,7.696159742651007,794.1187137937152,-402.3089316259835,340603.9363528271
2012-02-29,PE,0.08259393395968899,0.22684288871785763,0.17465504341772584,0.3955257898683717,249.3507480298981,776.9648004535055,154.4634203077254,-31.60169691272316,-19.77599534262657,-2.125776074300951,9.427210991331926,-32.571716549617825,-9.244104191479586,-54.39749862291225,1.2323105200333697,2.0821498323789647,2.4980828731184603,2.986085178465308,7.2953093261351,5.111686445244936,10.416098435982907,3.42914349483118,7.897136042328711,12.044342452265836,19.553771742042915,1344.8239019832488,-338.1059987470401,33392.89514018636
2012-03-31,PE,0.09041528406060469,0.2623755033584909,0.20641496069540038,0.41079737630873203,337.83652338951936,859.5857429889711,191.89459668370776,9.047708548853677,14.551903893866477,16.707566684958213,3.7884097903391716,30.37015879645616,10.10555315169159,21.698893913679886,1.648574982987187,2.567235737724646,2.852175374143451,3.4054963054792307,7.472160997963821,5.3613901771135115,8.41255802145158,5.1995650766683,12.905197299184307,17.210611673833093,29.875031288278198,1629.8538058550687,-291.035105874625,4503.265239689876
2012-04-30,PE,0.08624484816194132,0.23305397070081058,0.18065480632778436,0.36835880496219625,255.79828099118646,719.4141468400717,125.1821053663585,-4.722300190230522,-11.850663595690273,-13.330045198546673,-10.904261461277912,-27.817295087769217,-17.80133831522864,-42.7176725612768,1.936903301055354,2.7717181907215505,2.99699701934953,3.458532196176074,7.274540532294816,5.265395372952097,7.575475590611591,6.937235145061533,15.861517907427649,19.910492423374343,31.516095657034704,1314.539306395907,-310.5331759794595,1949.7873427514178
2012-05-31,PE,0.08146923526982643,0.21510110495946924,0.17437438169889563,0.3723602845329035,280.0732696945124,793.5075175120303,241.77193910669877,-5.696485504074782,-8.016188743419043,-3.5383456227887735,1.080441574565632,9.066207742418692,9.802581794230306,65.82253613656704,2.221101113368985,2.7262287366185345,2.942156159404303,3.1874410408296194,6.668519074979947,4.795824744344646,7.417458965283298,9.217474764757759,15.150611913933025,18.841857398795245,23.972139769693126,658.6802327129705,-383.05184520753755,1664.7978194528357
2012-06-30,PE,0.11400222242577912,0.2959812204216263,0.22011956900199683,0.4430319279124241,388.7762550235474,969.5788279808351,219.88441169820095,33.59924755364719,31.91878345722623,23.296628741925733,17.37799471032365,32.7952751832914,20.03987654615186,-9.489287452383296,2.406818537778618,2.534534197822583,2.637686923848383,2.657919589367707,5.67136208516793,4.0244077595694625,7.616039079004606,11.09859515591747,12.485995806445382,13.866008964243013,14.012363828247729,161.88117422122681,-448.10881853175,2030.5035165818392
2012-07-31,PE,0.08592962565076535,0.24473094324045408,0.20134791538381258,0.422426427244582,378.8622433720683,985.9856139372514,211.61171077869906,-28.268928829582368,-19.01365915538237,-8.9136560128806,-4.762654455068679,-2.5831333193552815,1.6779984920566242,-3.8348964511455446,2.2654512433381475,2.246554465287009,2.172472520008657,2.0552373087440894,4.490987978830102,3.1604584939167624,7.860863480241532,9.635471562620355,9.3305421172595,8.665147371500085,7.5544766882791885,-39.33914158660201,-480.474577945032,2593.759068446773
2012-08-31,PE,0.18290485673524476,0.40570352571253854,0.28489732295468545,0.511912080306749,974.9232835986794,1815.485019124665,551.1580293775334,75.54374542199102,50.5463244381165,34.70945109742551,19.21375972089181,94.51861193561733,61.04661749988593,95.72685303128068,1.98343171362521,1.9500045760881992,1.772782133886804,1.6357989534906834,3.4733206885477164,2.4826987761789248,7.909289198125136,7.2676407014288396,6.9041600954343725,5.772391108440015,4.8793437978825125,-96.30504513811731,-492.08244858338014,2722.454652560981
2012-09-30,PE,0.12336292114579804,0.2911764434335291,0.2246597796203817,0.4371984442780913,358.67645913651586,882.7918016264612,226.03627226117234,-39.383551971091286,-33.16932423692513,-23.75416777556138,-15.776569422314509,-99.99380303074594,-72.10185516129711,-89.13260895853195,1.7318477437872677,1.7247782524007307,1.4601565027881398,1.3561286392058025,2.6269107004660492,1.9435833877585176,7.340108426548467,5.651086026616458,5.486716955485404,4.191814980651568,3.62692485604217,-114.71770527008232,-497.07225172219455,1540.879176819749
2012-10-31,PE,0.1317366353548859,0.36352865560228864,0.2346664038433658,0.5084690566859914,393.41463651532945,1052.6126569298503,279.16705928899444,6.567415346391881,22.192870808699908,4.357778023799696,15.101716357520608,9.24433563304072,17.59412097367242,21.111489831354653,1.461449413890825,1.6603197110957963,1.1813215536048465,1.1602213134092625,1.8884557354823994,1.4957508231656718,6.3062404577413504,4.312205171066174,5.136432924176666,3.143859380888614,2.936425294163754,-121.93952656366493,-499.5932973435,547.9809139271258
2012-11-30,PE,0.11486523278240428,0.34548062529944845,0.22700064602762976,0.5055054354363537,557.5584711982568,1454.9839628391705,334.3852570975141,-13.704519052861638,-5.092156198049437,-3.3212084089600364,-0.584557049854916,34.87032684711921,32.371956014970955,18.048341117314635,1.0130885408429455,1.5085346847996894,0.8634494689475133,0.943598101649574,1.1738671188308598,1.0333533908481016,5.3861756865864825,2.754094024642489,4.395542915159914,2.256507923645926,2.314995047687687,-125.31420448740528,-501.24550865662445,218.3666840304775
2012-12-31,PE,0.1305617846765107,0.3037469034408534,0.23188191101482808,0.445257275111543,352.69298201014533,856.4911101155556,178.49650813447863,12.808700820374336,-12.874176418504305,2.127537441919454,-12.690652957476924,-45.79694397651921,-52.990621904721614,-62.772475385508585,0.3290573967129,1.062277675154667,0.45543677946053596,0.6212959984132912,0.38047796948525653,0.4787968455284599,4.5791972591479615,1.3896576150777844,2.7683930482857275,1.462043478462707,1.607124736364726,-127.08569739333666,-502.44185214251326,97.4361468295473
2013-01-31,PE,0.1130852234513765,0.30451808377326295,0.2237836043977898,0.48535392870474053,468.1315185866989,1209.092798278205,352.99380920895317,-14.370483623037417,0.25356736350798637,-3.554870470256229,8.62261132840501,28.315133991678493,34.478166550201735,68.18814803712979,-0.5259320877114866,0.3648382530532598,-0.03863099389600355,0.1792218688056956,-0.5644896448789534,-0.21624679501617264,3.8683734142337376,0.5910042397691582,1.3157213791262572,0.8472871714138649,0.9420720982139563,-127.98003079094316,-503.25044685184054,47.86446706617932
2013-02-28,PE,0.13824157513816765,0.325763699622544,0.2446893352125062,0.4672061971077087,417.4361902943464,971.0313796700739,269.01262366248596,20.086097493018375,6.744179694946027,8.930985325622567,-3.8107678922870045,-11.461758406761858,-21.92668192678565,-27.169221251373934,-1.3667442007010902,-0.5541302657859479,-0.6224955989761679,-0.44907618875824157,-1.650584495566663,-1.113622722890974,3.3892561746162566,0.25493562907237377,0.450012119548413,0.4217851226757571,0.3840034367569955,-128.35674338814331,-503.72761610653316,29.643894186735512
2013-03-31,PE,0.10771852893337591,0.296046293609499,0.20401873192378378,0.41507886398505767,351.5058818548355,903.4411215455627,334.3105714039149,-24.948108776204904,-9.56564313292688,-18.17775736023746,-11.830215990778347,-17.190525029683517,-7.214784379672097,21.731210881846753,-2.048297440927469,-1.4959829520526895,-1.2350571985139556,-1.1154021670748389,-2.7301066346420697,-2.0022955941537925,2.96455468435221,0.12895426905420185,0.09946863827981967,0.17599963242599626,0.07356939359804376,-128.4834687418397,-503.9209583621223,19.386068399391522
2013-04-30,PE,0.11584014776455773,0.269495658167465,0.2154928463812209,0.4308856009441353,331.1212027530238,854.9158326971049,223.99298273862172,7.2689592770997695,-9.39635599012512,5.471590076151928,3.7374091952469657,-5.9741964882942336,-5.520791803024728,-40.04556911279351,-2.3882641045245445,-2.2595782282484196,-1.7546372734573765,-1.6246405721905355,-3.5584313674842822,-2.6304651635100917,2.481154727892465,0.09178888156646291,-0.020165142998476215,0.05815147661264304,-0.05723157163057735,-128.52019760745696,-503.9839383850278,11.95506129322905
2013-05-31,PE,0.10729038124362518,0.3476051003333719,0.2189591340633028,0.48518743934303843,476.892630114128,1254.468323889785,504.1714951100082,-7.667220219224154,25.451478675607063,1.5957396407374647,11.86926613203368,36.48068916385598,38.34640926983137,81.13017539641164,-2.418751196409546,-2.6825719492150126,-2.0483376584862256,-1.8822333965567817,-3.9566019016521583,-2.8980248741978185,1.938120256628052,0.08903273246050436,-0.05617260934333905,0.014130587831206673,-0.1019643432664755,-128.52955307442787,-504.000851321558,6.945682591071138
2013-06-30,PE,0.11321149104731316,0.2847641849877859,0.21706680873774079,0.4350269042860315,358.32218668336793,907.8102216232162,306.2852273988312,5.371866959967282,-19.940564960809525,-0.8679929429084523,-10.912741103879922,-28.58588269708145,-32.34317657660844,-49.83996947839518,-2.223470865739353,-2.756978452594685,-2.052534372048239,-1.8877700469519783,-3.8800722423811553,-2.829741138717287,1.4249211634231123,0.10823279463595387,-0.061076352474516676,0.01359055943090963,-0.10280496731472377,-128.5280317438722,-503.99695519500307,4.157530064397131
2013-07-31,PE,0.08707689978400594,0.2771707176159577,0.2259142280372769,0.4635483364575823,369.01224608164625,950.8455751003925,340.18110114789937,-26.246603783246456,-2.70277912416143,3.995022475230778,6.350278723587929,2.939728622329035,4.6316318028774495,10.496134275253874,-1.8744016795226617,-2.5996222388287475,-1.8059546229472347,-1.6876517007848773,-3.4370342676660104,-2.53102826605144,1.1213326413587608,0.15344674971694114,-0.0502580079343565,0.049499025304635694,-0.06926069487557593,-128.51652115548802,-503.9764061750747,3.0689412774600537
2013-08-31,PE,0.09173732589504606,0.2774940293573128,0.20516894866379304,0.4316089680860442,393.82425492816856,1014.1079338227864,477.6233980948161,5.21377062057476,0.11657916957454117,-9.632162573161212,-7.1390653479326565,6.507492560170373,6.441295433645822,33.9344425626853,-1.5247923874734652,-2.3831850804324213,-1.4909468279688487,-1.4333069706402886,-2.882838750976897,-2.1819439719893805,0.9722258832786272,0.2176662424130564,-0.03230338369326656,0.11034087229389468,-0.015695193317289413,-128.49270544105437,-503.94316133226647,2.643822755589796
2013-09-30,PE,0.10106939625233205,0.22242531461161735,0.21226189557224906,0.3803405957473188,336.59625015572885,787.9018863815263,367.9342318711605,9.687803249999924,-22.12080365341044,3.398708917488797,-12.6452855988546,-15.702061496734142,-25.239104966083147,-26.091834740856847,-1.2477362746909273,-2.407255599264474,-1.1606356549336985,-1.2348340163077516,-2.2358060450765787,-1.840836394969031,0.8484542365104564,0.287154099664332,-0.03449752684792956,0.1984684800634473,0.03666900511438009,-128.44177515312188,-503.8972986792468,2.336033104962469
2013-10-31,PE,0.08500518118758446,0.31628280388471175,0.19576303372386744,0.45294820175438594,301.42386348531625,911.7282345595802,341.60971814930383,-17.309516272845816,35.20453817696649,-8.091595254647748,17.47106181545705,-11.036668281360804,14.596838480765346,-7.423529403102466,-1.1739050890810614,-3.0105223269775934,-0.9145174296455246,-1.2775265620363578,-1.6302141378633352,-1.7154061175503288,0.6685529640736732,0.30915729413915055,-0.07529371001309011,0.28589145508214114,0.024511824582934327,-128.3527934545646,-503.87609267766635,1.9514115140393264
2013-11-30,PE,0.06905936384703908,0.18180328063148524,0.12949248962507562,0.2576198561825123,194.32404385820945,532.24092581247,691.9151722523665,-20.774572945930426,-55.37115355028165,-41.32820318888008,-56.42927013186726,-43.899036374267446,-53.824570234904435,70.57944542287909,-1.195923545845924,-3.638053884453803,-0.8007123965785681,-1.4704344261353066,-1.249501906037377,-1.7850256400373645,0.4602830765042178,0.30242452225667166,-0.09825616531652434,0.3341904825912931,-0.024388413847608842,-128.26203353852677,-503.88819056806045,1.584522462594317
2013-12-31,PE,0.0778201055386817,0.2131977576068126,0.15851625703302696,0.3547562464924481,203.31363490775936,677.602611124428,233.42147967262687,11.943334342380306,15.929494758643026,20.22342718046642,31.994585132518516,4.522269152243892,24.14647419234334,-108.66176195896588,-1.144360327603889,-3.876623408853607,-0.6855654209159502,-1.5770504807858052,-0.9133989073063791,-1.7838196545483267,0.1929897195148646,0.31842754196585077,-0.10383897669118017,0.38898679187795093,-0.04763051253447245,-128.14752267327265,-503.88798809036024,1.2128703245596835
2014-01-31,PE,0.13079265755238725,0.2670742630933952,0.19565290751860182,0.4496963880288958,338.5252883507268,1014.2004235281368,379.98330235489055,51.92134787817098,22.53065842086717,21.048505327244214,23.71417377487003,50.98490103506482,40.32948241392377,48.72815655199411,-1.181681971607502,-3.667736458425959,-0.5234765284952083,-1.5342258390916674,-0.5723098042922737,-1.6484770248380989,-0.2217327116943507,0.3067623388937805,-0.09902544681208869,0.4776387738450675,-0.038591481963728524,-127.98446038419551,-503.86364070809293,0.8011294682578234
2014-02-28,PE,0.10361117132953312,0.22328441620355235,0.1846169188351785,0.394550370491446,240.51094724185262,720.9870139861714,220.55699086425523,-23.29681471487392,-17.908039085184864,-5.805924016456595,-13.08258477979098,-34.18331894671301,-34.12346949512063,-54.39711871228777,-1.4850151257307984,-3.106826038213748,-0.39824813326060743,-1.3578454424751774,-0.363930710471947,-1.3988018213089661,-0.8866132388958387,0.22649891468894884,-0.07981690716102313,0.556676891547114,0.003000328427043064,-127.85374173214902,-503.8090907185418,0.412048903485688
2014-03-31,PE,0.10521740810190255,0.2583503768223375,0.2160298928849288,0.41388146466518405,341.0081746693709,843.5469325879302,289.69097798426685,1.5383607489602336,14.587034550362707,15.713382189733444,4.783280160545096,34.914084244661474,15.699441472422265,27.265863821401314,-1.9301639331144749,-2.359834751984024,-0.2606338361151892,-1.0780164286487481,-0.18092946433094861,-1.040699344025258,-1.5821730710822652,0.14512440583764047,-0.03012382188272035,0.6557445252120031,0.08605577103353745,-127.71418685901509,-503.7027757448401,0.20552798565493174
2014-04-30,PE,0.10997277844516215,0.22970968054958263,0.21356844225104626,0.4181302513039355,311.6769669068917,817.9149360537767,276.3803384907205,4.420410361889463,-11.750046018127614,-1.1459437193827882,1.0213374381114497,-8.993916066003669,-3.0857199691000656,-4.703680657076386,-2.358378682417067,-1.4585601360665699,-0.046502266890534036,-0.7092975573664536,0.1239695406556175,-0.5724374237030605,-1.986638634717174,0.0945734325312879,0.1080112550956222,0.8397439015776667,0.23777563554141368,-127.41669968617997,-503.49183463466335,0.13715568181446636
2014-05-31,PE,0.11863983840436033,0.25355647554767746,0.20566570008730717,0.37342310244523225,491.11327928474657,979.8143634588059,665.211244484278,7.585946927501257,9.877032832042701,-3.7705318412024886,-11.308089028082202,45.470752358538114,18.060478763830467,87.83266959869123,-2.6421407915120043,-0.6385729359746091,0.17148962552721195,-0.3346569232876386,0.5229357037724963,-0.06108497665655786,-1.9645764409293385,0.07120866336353776,0.4034857921435554,1.0722533323226446,0.4613695092067777,-126.86170823737235,-503.11524003163345,0.14021526348681657
2014-06-30,PE,0.0948368683504024,0.2172345274683058,0.19871201442450162,0.3935464560122935,295.68670639073844,780.7254842511968,294.1863376763106,-22.393409545545722,-15.460903977380466,-3.4395422612883184,5.248701967500758,-50.737434311713635,-22.713953326383507,-81.58912828995678,-2.7275402600853123,-0.13655001948001558,0.31368986410908717,-0.011047388090711619,0.8774114495932669,0.40402265234429235,-1.6602196369505453,0.06537990961880018,0.747803034917653,1.2536467654340058,0.7347993751199542,-126.14401403597726,-502.5581454506798,0.19009722314160477
2014-07-31,PE,0.06328907886912935,0.03475944710260499,0.18305888408016266,0.2253561360978203,323.8207280241314,459.25592336739,318.6419691329381,-40.44454557546299,-183.25261475388973,-8.20487408616765,-55.75171414148539,9.088958465132258,-53.06159734886615,7.98547504675295,-2.6820179247404776,-0.08529829593028065,0.2875860445660703,0.0942489325369519,0.9735771152015851,0.5965386149604587,-1.2947055058785928,0.06842493837065093,0.7936786876630614,1.2183868071983692,0.8446192121342733,-125.90128348927732,-502.2401606781693,0.2739785375206641
2014-08-31,PE,0.08608979575646242,0.2529866414997994,0.18410351634474442,0.38331871284239705,358.884989330453,958.810163882104,497.7990329891832,30.76781036734106,198.488529280589,0.5690316231243586,53.11848135953831,10.281191908559103,73.60854812051227,44.612832870377304,-2.560859211327508,-0.2322503268937364,0.059581086758889096,-0.023086350527820144,0.6718592864630213,0.46975084008519374,-0.986315204950392,0.07723834786135451,0.668188003286267,0.9465733272116649,0.722964065197597,-126.59080688967025,-502.4563877383322,0.3729484006560514
2014-09-30,PE,0.12328036956721078,0.2993461511331459,0.24155722704568788,0.44944275421465785,368.7174218711257,868.0953153559726,270.78257548323626,35.9070300569624,16.826391293731294,27.16082217680029,15.914169988957404,2.7028583104277817,-9.939158418244029,-60.88802529913669,-2.2889946959998113,-0.1765905609860802,-0.23850667813211185,-0.15622807479538042,0.1472735910979123,0.2424984366178866,-0.7303596332906649,0.1013683166219948,0.7135632253614587,0.6729849320828193,0.6011500460466148,-127.39001015552407,-502.78155407005096,0.4817357107346753
2014-10-31,PE,0.052022934925970724,0.22041161465861744,0.20940380354456717,0.38175749227673383,349.83995930845447,776.463159672847,268.3812527368712,-86.27765111812363,-30.610382589642843,-14.284194772771192,-16.322292139989848,-5.255476549310107,-11.155232156509815,-0.8907639936556782,-1.8493299059134782,0.2400588301881127,-0.4766038259152363,-0.1454868676432307,-0.40586535051403555,0.10135905335025164,-0.6735095039245395,0.1573425653186369,1.1467642912251834,0.5060699653906228,0.6103872091636833,-127.88228118545605,-502.9493094013762,0.5099158821008476
2014-11-30,PE,0.03470176932441333,0.28567176263403105,0.14216463281879504,0.32617371319021826,214.927731547959,708.7250827303666,270.5298617886382,-40.48940027842829,25.934669465111316,-38.72786902055119,-15.735546804780306,-48.71739515024746,-9.12814996019867,0.797393254113268,-1.2472167828499607,1.0325035528676725,-0.5508137413905064,0.054738416182781205,-0.8072705931486032,0.12863264829496004,-0.9032757231808308,0.2873033126303112,2.683527587537398,0.461662018307227,0.8020502418050632,-128.10260715383657,-502.91871105827937,0.40524002902159983
2014-12-31,PE,0.05095524478043042,0.16681819697759248,0.14392995619789634,0.30503693937814835,195.09657216819755,620.634360035307,198.00059441982998,38.41570192950105,-53.79388900653308,1.2340993865189005,-6.699722000345722,-9.68071614273037,-13.272558146889763,-31.21124541654946,-0.39099307751544365,1.8903454644584816,-0.4638908549014704,0.3166231795363129,-0.9800592347714792,0.23014412404160983,-1.1208909220550012,0.67638483828668,6.497096183579215,0.5140136895710699,1.1182712588385315,-128.17339220920036,-502.79720190927094,0.32598923421046766
2015-01-31,PE,0.06763688230539099,0.33342347181108156,0.2330913213625532,0.4554439206930577,409.5170389734402,1002.5009175777872,398.7115788862458,28.320573637490575,69.25087906274614,48.2103548011408,40.083971119970904,74.14838337820862,47.95109581562717,69.9968262756045,0.6085585187478154,2.541930411574914,-0.2550561451269156,0.5512878752844279,-0.9508471422141207,0.32898167167314046,-1.1100238458131795,1.8377803625928864,12.579611945855046,0.6600544962959163,1.4812726345267548,-128.16226753970224,-502.66643093960903,0.3295511025674683
2015-02-28,PE,0.08668201405476983,0.26032215363381384,0.20597769631750867,0.4233190152392891,414.7376381182071,1029.2702262326416,367.430197679542,24.809298141801808,-24.749345273031047,-12.366242133215502,-7.31465252456628,1.2667611361957594,2.635223741542061,-8.170493324105728,1.5837865226271854,2.8266896048008996,0.023758471112545688,0.7593536031836663,-0.682851116269692,0.4752091875480275,-0.6599299313401948,4.873374059821824,16.764897751135337,0.9092244569625204,1.8826804570882325,-128.04350645167207,-502.4476327175746,0.5168875508408263
2015-03-31,PE,0.09111223454428068,0.17545617293233082,0.1839940776953281,0.43833703508771926,306.2374150474373,952.5655382476998,275.6023869746787,4.984568129309663,-39.453063162363364,-11.286432197201586,3.486203303199039,-30.328545571227966,-7.7446400692231,-28.75741622122018,2.359446669934635,2.645553372245389,0.20074853674177837,0.8763790614370364,-0.42098024378675547,0.5677225453388399,0.04761552596520323,10.585092781613163,13.966680978350073,1.1074988701655792,2.147971737441551,-127.89227800792293,-502.2917388410535,1.0487673539838425
2015-04-30,PE,0.10056760936179407,0.2293923743223509,0.20057244518758052,0.3690623247114365,295.6532471715427,736.7274742706627,228.07334892171718,9.873813807574194,26.80446774670316,8.627193346408902,-17.20225695398782,-3.5173361924411934,-25.69408644971411,-18.929191709793656,2.782012103276232,2.0014374730904034,0.2310024640227131,0.8279909949757933,-0.30142622736819324,0.4886095684048915,0.6940690108838206,16.15148673419077,7.275125656882823,1.1450438486734476,2.0345020412407195,-127.8089186786823,-502.4259351537355,2.0018445106800717
2015-05-31,PE,0.07805456382958319,0.22450986205350776,0.15248746805177008,0.3063509301709558,250.71157093429218,693.1053668106813,341.83919664609584,-25.34221128810148,-2.1514327118382064,-27.409308815557488,-18.623425596673222,-16.48841467637837,-6.103601460374366,40.467315823029644,2.7820487042397657,1.0620321175746006,0.13194564159208028,0.6341009852726198,-0.3873298766453597,0.23059319192573083,1.1028592432919821,16.15207790498639,2.767682749035357,1.0262277970202098,1.63111240801806,-127.86981396166385,-502.79663650402006,3.0127679571480437
2015-06-30,PE,0.09144057152954847,0.24068057131300874,0.1964368156350562,0.38033547600990947,305.99467881240685,796.7304716950639,331.077849268626,15.828115138532354,6.955098890827768,25.325841470929095,21.632241939031477,19.9264553695526,13.933441095204508,-3.1986899357243677,2.470074136223239,0.16827447066040552,-0.00966837819858228,0.36275556004167586,-0.5557976777471428,-0.10318722829829635,1.337029733024997,11.823323355695331,1.0587016874795814,0.8755597152025424,1.183070451450486,-127.97506655812496,-503.15402524119867,3.8077167566276082
2015-07-31,PE,0.09663674534747091,0.22997069529463635,0.1948163129299654,0.41799994975750304,290.60394222258435,835.4415717061563,245.17015780464277,5.52697857194369,-4.551873505141533,-0.8283701027813635,9.442761746854762,-5.1606395451275135,4.744397041678778,-30.040105076050477,2.114963235899444,-0.14479615741917065,-0.04611432974671111,0.2480389499443758,-0.5547095929192742,-0.21810346216209078,1.5091019431700823,8.28928101255658,0.7406389903374737,0.8401142836252669,1.0272958108714434,-127.97444207718716,-503.2519410773794,4.52266735767883
2015-08-31,PE,0.09590584622197444,0.2821210370231629,0.1991455209000154,0.4355871074483362,305.0075341644632,884.9466041575586,318.38024055684895,-0.7592113831015203,20.438429911296847,2.197868864513353,4.121348106736899,4.837516163291763,5.75668954414926,26.129390236412654,1.7269317978998249,-0.21126300156761746,0.059455281236121364,0.23823550773048877,-0.23708652208418088,-0.11426291935807689,1.7105989071578738,5.623373765301911,0.6850014739129735,0.9464398066575851,1.0147939837463804,-127.7597580514429,-503.16395993196284,5.532273804017547
2015-09-30,PE,0.11404139222976083,0.2366633130520553,0.20826142401830014,0.3679092972481741,317.53385457908405,741.6010914408837,382.1777236915381,17.31945305495236,-17.56976770918752,4.47583184854003,-16.885836047484073,4.024796276297622,-17.671582291395943,18.263935218745306,1.1876615098626249,-0.3431586691871897,0.14777210790239206,0.1725002530246971,0.09070270241121263,-0.020518467080275746,1.9358764189144866,3.2794033811582257,0.5849659736515964,1.0444301875426814,0.9340580861894245,-127.45373764442053,-503.07629272251046,6.930115078544314
2015-10-31,PE,0.12091921372367921,0.22998901312821973,0.1924222993091352,0.3716570662108587,274.35412930788016,727.5040823019306,273.3169398445279,5.856119521145057,-2.8606972289790122,-7.9101704482320905,1.0135131149769983,-14.616472661146782,-1.9191875547047252,-33.52536720663697,0.6912641128360252,-0.589209654694743,0.18151633658308677,0.08049845354789402,0.3370528885001001,0.07267783172802858,2.274742478046462,1.996237408271509,0.43020591875346326,1.084215629568925,0.8296131354664251,-127.14786792855725,-502.98059930030604,9.72541418239013
2015-11-30,PE,0.08068958687712825,0.23902207737887765,0.19283148200155942,0.37307354943650517,362.7268224313645,865.9023465744851,587.7954278594268,-40.451313546921334,3.8524382861017843,0.21242249454170178,0.38040196119080466,27.923028103508297,17.415252799182863,76.57469019465887,0.11195695062400353,-1.353860197375385,0.17633774587726406,0.0008653496990968497,0.5514765030138676,0.1994297793012116,2.7911484280277046,1.1184647104007768,0.1336818219520424,1.078022372607202,0.7466516891344517,-126.81286701584196,-502.83527683923415,16.299728121771746
2015-12-31,PE,0.08972846792004059,0.2546225563909774,0.16653635509227616,0.40527017543859645,227.16253537076318,753.1107131683,261.1748317901112,10.617855486018673,6.322635597186224,-14.66030227477724,8.277836086113588,-46.79842195532337,-13.955989200122248,-81.1188938886712,-0.864165452309287,-2.3970404730959376,-0.016482094566621867,-0.14752503130976305,0.5201563885789655,0.2495303716583648,3.3567556844861097,0.42140308689388983,-0.033572815927550764,0.8688344968647165,0.6086268049269976,-126.86639035706013,-502.772560783258,28.69594100843449
2016-01-31,PE,0.07936189500236561,0.2794376675310366,0.19806133261509948,0.42402740812507717,321.6368695569903,885.7217066753585,369.4842519701935,-12.276974558097372,9.299697591620248,17.33631089225149,4.524415040446354,34.77573987643005,16.219055401510893,34.69180829700443,-1.9124554745249744,-3.3859816305126196,-0.4261767218744009,-0.4036185237808787,0.2702788474047168,0.21086965884269002,3.8128337502027665,0.1477172250279868,-0.09071524578767225,0.538182437273118,0.41368482512164456,-127.23835129538895,-502.82123192114767,45.27856538514602
2016-02-29,PE,0.08164021029431082,0.25968398774714563,0.19328783370052344,0.45477891604010023,289.42152161393653,877.070956423883,288.58495376613655,2.8303572562241777,-7.331379348599654,-2.43962991643851,7.00133071037082,-10.55389971229898,-0.9814903224896113,-24.711860991470186,-2.6738346333634024,-4.011358879008789,-0.8286081910112044,-0.6867753840720728,-0.0847371305996166,0.052545514652993675,3.8751546431079276,0.06898717692216078,-0.10645087824160215,0.3218381110749842,0.24898203469602215,-127.62992731233058,-503.00203279561333,48.190149989472935
2016-03-31,PE,0.06339754615660466,0.17689592099360107,0.17374489621405545,0.3539676017095228,234.8577259907197,686.293089976386,298.1596053333169,-25.289675727215094,-38.39039173988304,-10.659233454066205,-25.0606013699961,-20.890426826896945,-24.52831158759883,3.2639421767772987,-3.02740670349123,-4.149447674751145,-1.0724077424763714,-0.947635716755193,-0.3734200642283175,-0.17738759253470424,3.5884832958461708,0.04844109750811635,-0.1087865231476802,0.2273651395912618,0.13344243545028228,-127.8603050672783,-503.21852819653924,36.17916120822637
2016-04-30,PE,0.100985813318592,0.2093050557933746,0.21005724311396393,0.3958415365505631,331.92851476570763,801.1401395037835,369.80621605942076,46.5554888243709,16.823124224710504,18.979197012368235,11.180858259222035,34.59397192751168,15.473110610419836,21.53501965624448,-2.9099854360098765,-3.8049503278963828,-1.1405403812963988,-1.083761146704361,-0.5152076417664213,-0.3371079162618116,3.1109518211051737,0.0544765232589591,-0.10229934626814102,0.20482774918436936,0.0841066209538106,-127.95130453582391,-503.34215152510654,22.4423953835531
2016-05-31,PE,0.1285919770991881,0.2675702903547077,0.22515883398269632,0.39741044970504863,710.6124861010936,1304.8837218690305,945.9651473637817,24.166437859805164,24.55895146139905,6.942600213630512,0.3955654010143093,76.12076258798228,48.78333263203836,93.92265982045971,-2.2340683806838917,-2.963969905388937,-0.9444617193465454,-1.0035567324595582,-0.33893752781715725,-0.2993367741435052,2.602007902588186,0.10709185223239205,-0.07294604035150859,0.2740703508130648,0.1123592814789039,-127.83615411642963,-503.3146736133449,13.490799068316475
2016-06-30,PE,0.08638582681359319,0.17484199464613615,0.18513918524533818,0.37111901617220855,274.2876489542923,749.6879265869657,376.9136791337363,-39.78208025370232,-42.54996211613268,-19.569818708543572,-6.84468154828046,-95.19498852206951,-55.42121917173405,-92.01895328471683,-1.240733020664713,-1.8312452597010065,-0.6104594961056345,-0.7752885830556856,-0.10566943762508588,-0.20484670536231417,1.9903056585432528,0.2891721710541285,0.03565428642370236,0.4282827637166392,0.2063568137882616,-127.64895906407321,-503.241211119744,7.317770159472008
2016-07-31,PE,0.10161420675850096,0.2222114960885062,0.18563599484121807,0.3483567131879831,266.0518648627801,707.2901917350382,378.4817041204539,16.235973482485075,23.97469351007187,0.26798443902661345,-6.329581679213921,-3.0486098958250265,-5.821598529985547,0.41515404345615625,-0.24766323087621744,-0.8193866701335123,-0.2829185092708289,-0.5347675741981512,-0.0718121896164318,-0.23604883227071974,1.2659000954433777,0.7806227886689888,0.31614221812735,0.638762700137317,0.3315913955321213,-127.61797540165512,-503.26624121870213,3.54628329342386
2016-08-31,PE,0.05903989895856301,0.05686949667122068,0.18388894184389992,0.439062077938976,327.470369674241,1011.941027138175,485.9984488286093,-54.29698867849431,-136.28705026745268,-0.9455740822919261,23.141381800556573,20.770630624255677,35.818453781685264,25.003769833430255,0.5507060565728927,-0.12407475369936936,-0.03493593223193542,-0.2880716917249597,-0.2532610857611737,-0.33758736879648343,0.5053054209297665,1.7344772246819236,0.7587541583170424,0.8508487873218197,0.4954938073761959,-127.77241589366525,-503.34249369154037,1.6574916758104037
2016-09-30,PE,0.020562401435611062,0.1006153348866959,0.10943726777354792,0.24966941703216372,115.40052867691843,473.6100551641989,498.8691739103074,-105.47492337751305,57.05455695454121,-51.89805104046571,-56.45030997453052,-104.29886413858381,-75.92412598828217,2.613845266007343,0.9119957824788575,0.33979878035834243,0.09559657991475694,-0.050400024315687644,-0.6309555276160224,-0.48767589339073314,-0.29821095598681874,2.4892856517737347,1.2801052668308617,0.9854965901381555,0.6966349506108558,-128.0165979393505,-503.4419314677322,0.7421447633520757
2016-10-31,PE,0.059203128180255145,0.15074503130618064,0.13689705043489464,0.293938193540388,297.03194455070025,791.9486373114896,747.5844241507783,105.75101462674488,40.42851949276691,22.387769862031252,16.32318082463645,94.54307551092838,51.411222314427995,40.45033560503101,0.9359506543255371,0.8472329226349353,0.13636201224897085,0.15898824500854014,-1.0987146618840995,-0.6734185801269502,-1.1338856858213004,2.549636128609489,2.2086221677081905,1.0312782244538865,0.9181101308514434,-128.21538186656835,-503.54602107909574,0.3217804861899801
2016-11-30,PE,0.10377469866171962,0.25924674239829504,0.19720435508712328,0.3801218080450584,414.81687326188603,969.0150094648397,640.4670265745575,56.124780879261806,54.21904063089984,36.50113398815466,25.712222965807225,33.399746316572426,20.178356358258085,-15.464960164140587,1.0245548189843487,1.6270048034360296,0.1981856412980319,0.35485783757119505,-1.4355554124715832,-0.8196278074120484,-1.9247155659842832,2.785854974718861,4.964050832500544,1.1043702094869565,1.1717638842990175,-128.3106979287507,-503.61538771637987,0.14591725478497722
2016-12-31,PE,0.1124173487854738,0.180401449122807,0.20903220602010075,0.3647618850877193,349.9697453013125,780.4936897055919,326.26740624428106,7.999608400504286,-36.25956411189906,5.824780933825615,-4.124697776890718,-16.999044484342082,-21.635344643018012,-67.44803295670948,1.3942961388770376,2.512035595811035,0.44474094997211394,0.6031867970878867,-1.4350027217807475,-0.8518037850085743,-2.623323027731199,4.032135510168443,12.205443786444537,1.4452675080578525,1.5737207504498185,-128.31056636132524,-503.6293386645815,0.07256133841376454
2017-01-31,PE,0.10058980682245015,0.231197902442521,0.1753323919626836,0.37665611884665695,285.3208648220939,808.824253322658,407.60611232994796,-11.116734547474984,24.808942384883704,-17.58047808621672,3.2087848510060386,-20.423232028544934,3.5654999070784954,22.258398745224774,1.930434305129999,3.275581081352789,0.8447610040785439,0.9001390573149698,-1.1254580851984082,-0.7503191089380351,-3.039059451000007,6.892503041069436,26.334035961889942,2.212603008746567,2.205731125655457,-128.22417729431692,-503.5837674863928,0.04787990171645896
2017-02-28,PE,0.10892803199895854,0.24713667451579371,0.21766744158769274,0.3955882188845754,323.59582235148116,759.1043860370661,304.92229186422287,7.9636478573753955,6.666745743689086,21.62848457081467,4.904119934824134,12.58808867204909,-6.344235510547046,-29.024433376661385,2.574949782459908,3.8731397233991793,1.287297277054828,1.18412806957369,-0.5169204812578174,-0.4667398923462589,-2.918111483895262,13.13065775260116,47.96858881532913,3.5081629013554334,3.013622217952935,-127.95232687015803,-503.4289401588631,0.05403563817504441
2017-03-31,PE,0.094411302747157,0.2771470159416807,0.19673021263825008,0.43296715533125046,263.62734764752304,787.9226424339365,331.91106304261785,-14.302660879812064,11.4606587151096,-10.113508957825303,9.028805245454583,-20.4958731172877,3.726061658912303,8.481008725559857,3.230398053986484,4.33579713837179,1.7045436888317729,1.4902829411733405,0.24956500309798416,-0.0024814179215824897,-2.304177743957286,25.289721642205492,76.26126505011436,5.384057401051264,4.184137098552479,-127.26521408616811,-503.05846166854195,0.09984086166322699
2017-04-30,PE,0.08899307775860063,0.2677879404393336,0.20279172047459187,0.427503670942061,251.77100654474395,747.058665691583,297.7898877150997,-5.910220976113886,-3.435270858814643,3.0346133670494835,-1.2698996048078006,-4.601657381108957,-5.325619842739701,-10.847888758609912,3.611031957989014,4.5130181800830425,1.9584329789713246,1.7223078881207026,0.8018776099503528,0.41489253006893134,-1.4771128111316534,37.00421991838366,91.07209182220295,6.973392487097254,5.343217780108605,-126.31895752551958,-502.54177532667495,0.22829587107539107
2017-05-31,PE,0.11089846851147354,0.24602298839791098,0.1967288833792395,0.4137790380586046,305.688822240167,847.9446010345696,417.17119244312335,22.005649591189922,-8.477041993816783,-3.035289045423201,-3.263076849134806,19.40476935519032,12.667158757774436,33.71085079480168,3.415434833462601,4.208648522191875,1.89771950879649,1.778430982801558,0.8047845212348349,0.5713942029698145,-0.7275636811073506,30.43017861104392,67.14101077760598,6.555846195971864,5.666345632087037,-126.31246648710022,-502.2852492328052,0.4830845054509839
2017-06-30,PE,0.07396031048765983,0.22613718846472403,0.18235444807563636,0.37557962879301254,246.9017463537424,718.421162865797,343.22181499816895,-40.50864800674083,-8.428313662837224,-7.587424434375521,-9.68615974246416,-21.357719430606515,-16.57593298029807,-19.511974188154213,2.7666932628411147,3.5351727294964386,1.614587604951695,1.698175820470932,0.5803547119262283,0.6317365801529651,0.07076677182601047,15.905950155544058,34.17637933736153,4.910996379771157,5.209756995967224,-126.76200900498739,-502.17510929345696,1.0733308656760787
2017-07-31,PE,0.115821581537682,0.2762206247325631,0.20902682560654093,0.40858511522709207,234.63794699359408,664.9757398409014,194.28441610794837,44.85223122804351,20.00580676582612,13.651028588931624,8.422974358215015,-5.094679441799641,-7.730541633808782,-56.905378125307436,1.9394856732291232,2.750675046951765,1.2633015894712085,1.5347317743922129,0.46992662821487874,0.7273914506252953,0.9609740723478009,6.955172818969683,15.528635310921324,3.4222617223079403,4.385866739450133,-126.94880427414917,-501.9863086155012,2.614241694152048
2017-08-31,PE,0.0973687071983958,0.2733314273805464,0.20082184670971803,0.412676022128756,282.9925607098628,775.7756937581086,385.89001551424815,-17.354603914300263,-1.051483280030649,-4.004441565814865,0.9962582062570693,18.737693502361957,15.411286541536958,68.62292471074062,1.3024086816620055,2.3236221979029135,0.9065543763083991,1.291708175874653,0.44807440957803213,0.7783875351274236,1.8594592599287165,3.678145487932388,10.088039797794126,2.3609587281207807,3.384783262026494,-126.98338591297005,-501.8780257742562,6.420264138529943
2017-09-30,PE,0.10012598373578908,0.25283623810585787,0.20127018721102025,0.40337484017246505,237.82440733118085,673.8318008575335,354.4115309447773,2.7924352720855605,-7.794307963063593,0.22300401364992445,-2.279658092128696,-17.38879930015083,-14.088289781872367,-8.509364023502277,1.2564344623274641,2.1500302548445034,0.6722802927975352,1.0667933026912475,0.6581525892644975,0.8672217048407478,2.73364627394349,3.5128738470759284,8.460558485540115,1.8438801434438794,2.65183169857256,-126.6174597993508,-501.6756948124723,15.388896978096101
2017-10-31,PE,0.07975141984369578,0.19531747931148624,0.21332240956786327,0.43367299735187026,265.18043775517106,738.8702705081006,363.8470173232438,-22.751468522762668,-25.811566525667896,5.8156460832807495,7.242453363576288,10.887787441831545,9.21418320428423,2.6274742486953477,1.5304638128135297,1.969497985545048,0.5799254046748953,0.8853463498595765,1.1678725760467756,1.1337384675816125,3.5441710292562867,4.6203192886983855,7.042517959395302,1.6710867105003406,2.1696097020468113,-125.33353569693773,-500.9487321555517,34.61098195531842
2017-11-30,PE,0.11820269729873174,0.2963333461515454,0.2185275168443679,0.43787156066005245,478.0557774965282,1133.2887260359776,790.2891136396106,39.348637930867895,41.68586564212909,2.4107260597031357,0.963483908875245,58.931692353683914,42.77567035938979,77.56653479295579,1.729084754121994,1.6898875229354142,0.41757516619356827,0.6512818666418558,1.9205564870108371,1.7598494481608393,4.315983635199541,5.635493684986207,5.294311523006991,1.403457027499927,1.6637838362798707,-121.72392577681701,-498.24442093966144,74.88724896175678
2017-12-31,PE,0.11389747452645316,0.29100874256771636,0.2211467832515611,0.46623467664978346,327.4220390804529,920.130873228215,396.32769278795854,-3.71022270170239,-1.8131680193618886,1.1914716837323387,6.276347845277846,-37.84774368791323,-20.836314834657806,-69.0157469044436,1.7156006546035527,1.3030898839165792,0.04703980422232036,0.3016051967410309,2.296760599647159,2.224092872033927,5.111013114699919,5.5600141576743285,3.556092253399323,0.9333452344900549,1.0978133014392295,-118.60675671594302,-494.8108908098137,165.83828299645435
2018-01-31,PE,0.1282129482116047,0.28685964912280704,0.22031818754577326,0.435042241984271,335.7041381519157,875.2301076663846,532.4905287036736,11.83938419960931,-1.4360241208197397,-0.3753850174325612,-6.924597093983318,2.498025271659017,-5.002908146040512,29.532373485382923,1.5050990097352113,0.8516447561072842,-0.41230264783330844,-0.09725619702141053,2.1144968001456554,2.2448536182271104,5.760811758130215,4.504599607424445,2.2189385176203387,0.5473053602736093,0.6531094876820631,-120.26326558014648,-494.6169495739606,317.60604359079844
2018-02-28,PE,0.09209371502000178,0.2527929522902278,0.1913348120973024,0.41259104866237994,242.8646035190472,741.2371388498888,355.7967737491725,-33.08858393693448,-12.642228541473177,-14.104797213083156,-5.298622893504206,-32.37261299548449,-16.616623243722405,-40.32054033592806,1.0513415229059389,0.35644396246465015,-0.907077752151467,-0.45744750503018117,1.3584219212259347,1.8072559957970686,6.01968523949052,2.8614872950795713,1.3036818440201712,0.2888837248396194,0.3786830169789798,-124.65863142653934,-497.9622800045377,411.4490674244503
2018-03-31,PE,0.11261096868750713,0.31440549149446284,0.21268499939344093,0.46329125851505115,313.4453395909851,910.6233789695202,466.2669693257741,20.113242370898952,21.811274370264947,10.578735865258222,11.589901892414042,25.512088860997178,20.580879728101035,27.039865803836793,0.4776578947412284,-0.08810971218554778,-1.3394350099161865,-0.7310778634274834,0.27808564991602347,1.0587769718234237,5.757853282862303,1.6122938148319081,0.7911007629844912,0.14717515548542015,0.2271758027645569,-127.22808177565838,-501.17314029273876,316.6678025317155
2018-04-30,PE,0.1573092114265969,0.3773612343841609,0.2627008219573269,0.506280059080864,551.889712779416,1240.9954963768228,606.753497177892,33.427424414275954,18.251938308764416,21.120363056297816,8.873406824734365,56.572324112616165,30.95397593521565,26.3364242744802,0.0321438734466172,-0.3486029113792156,-1.595356288664719,-0.874304636953482,-0.7379506442621203,0.24922586295127144,5.0761101524692736,1.0326660678441453,0.581113640352692,0.08801775226971247,0.16293795584073212,-128.07058838299122,-502.77295153710037,160.14988411776108
2018-05-31,PE,0.11675810875630878,0.3428608574081925,0.21416353071850353,0.4584908475157975,367.82091517706476,990.5163906511193,674.8684102493829,-29.81090198066475,-9.587820874633488,-20.427594013415113,-9.9149662920593,-40.57520544468656,-22.54427423130419,10.639511571173571,-0.20109335403140652,-0.293356370191441,-1.604882598249832,-0.854459523653085,-1.4684016663135318,-0.4516393844424325,4.136354088072957,0.8178360796949687,0.621196678887987,0.08609464597868087,0.17129907362699953,-128.31838780055946,-503.41939963647224,62.57426479532062
2018-06-30,PE,0.11037923574894659,0.28117609490593953,0.16313533254345278,0.389084577256394,238.62497938877874,816.2291143108212,579.7268782288618,-5.618231398349991,-19.83435560094535,-27.215976810101477,-16.41435874610793,-43.27029805079853,-19.35313209622216,-15.196063106203356,-0.2006526191061215,0.018120561521550536,-1.4057737490891578,-0.6688288022031911,-1.9089723958096403,-0.9709745514207886,3.0650534088571746,0.8181966080613338,0.8937260859444446,0.13035878224527025,0.25809420575121117,-128.40044844441073,-503.6772695446442,21.435606807872027
2018-07-31,PE,0.13625872689492877,0.30002235588972426,0.22908190845823856,0.4319255012531328,497.18133968886514,1094.5919308053822,874.1618132998603,21.06334479280017,6.487584619235569,33.94995011258127,10.445638033123284,73.4061632466575,29.34418139670198,41.07084065673806,-0.09108640591646322,0.37605607746854,-1.0802937270521327,-0.3702195113981731,-2.0613770718269593,-1.2561785744615706,2.1031988313906633,0.9129388241753973,1.331969160806678,0.22467729679885062,0.43636868813133795,-128.42140249982762,-503.77124326377,8.192333938068174
2018-08-31,PE,0.10444107167700066,0.2716528249758254,0.1746099898907477,0.3882517647465119,256.80075625178785,776.5796879018496,622.2158636737787,-26.593247714501416,-9.933211924669083,-27.152476082149057,-10.659911516433763,-66.06543114203522,-34.32376450678753,-33.99784193553037,-0.016494193390456362,0.5785678655827691,-0.6836006969659348,-0.0023926178565367253,-1.9550461181667755,-1.2822073860622532,1.3164356215784168,0.9836410909938363,1.658922765236482,0.3899776032080762,0.7433962070844078,-128.40712312909247,-503.77855908512385,3.7301021583505896
2018-09-30,PE,0.08291959751295243,0.19060762576027052,0.12737388524338727,0.2962755286213029,172.57388920718407,639.6030032545216,1004.7245831142347,-23.07515713163843,-35.43078726103037,-31.54281179025461,-27.036414610743076,-39.74750287284914,-19.405158532569803,47.91816560439346,-0.08429418161844798,0.6353238618739732,-0.35895581067795496,0.30634693696328213,-1.792212217881198,-1.184002261264994,0.8687722258747366,0.9191608161013428,1.7630737258351632,0.5835867176211701,1.1042394874541943,-128.382089851606,-503.74993194025467,2.383982064452641
2018-10-31,PE,0.10687110594005253,0.23866231648682373,0.16439969000047597,0.3454880413638699,243.51494196314638,727.7151709163703,761.4821636802843,25.375205730871414,22.4832651460736,25.51738572431216,15.36681687603332,34.43528159496424,12.906204642901312,-27.720198683501472,-0.16431665276666618,0.6655518565175279,-0.13084368804763147,0.5310884599889434,-1.4059882301822235,-0.7881140883170247,0.690420714364136,0.8484733079175477,1.8210042481290012,0.7625364096298975,1.446568500138832,-128.30355638014785,-503.6012818127148,1.9945544944750646
2018-11-30,PE,0.09816552491497194,0.28228708703922134,0.1855492349860205,0.43283935307681676,298.45516030645035,911.5007849382398,732.6147466769771,-8.496840733591938,16.78749411179617,12.101966756640786,22.54086200427392,20.34414008818477,22.5182732370685,-3.8646770071686194,-0.15519952260251435,0.757292144637293,0.1223386357320573,0.7600304698628257,-0.06282586951336282,0.6478348641635177,0.4440949899097113,0.8562443203440666,2.0079342610066817,1.0153182465703434,1.8841273393848328,-127.609574090634,-502.144585417264,1.559078575321393
2018-12-31,PE,0.10619460927730762,0.31577211753055767,0.19271915261783862,0.42766390871872184,248.79107550118295,762.5221484668044,426.8409397361395,7.861826381024003,11.209621414622955,3.7913696791956797,-1.2029023000458094,-18.200621477060427,-17.846090003907783,-54.0208542018214,-0.06272647025440613,0.8820974779326438,0.4125714726655072,0.9836389310918378,1.2835995083150673,2.017810035449479,0.07374935768977144,0.9392003377870026,2.29140217320878,1.3958790169257547,2.4199556420453545,-124.93907188923448,-496.5341489939997,1.0765369459713405
2019-01-31,PE,0.1093601841236067,0.2659039145867245,0.18314656165369567,0.4248483778712244,284.75998090113137,873.6439080461478,554.1332011078562,2.937352864219006,-17.18857862134501,-5.094724567778658,-0.660527977957378,13.503316311603603,13.604130954014718,26.099365570199446,0.03507826087082048,1.037065212250203,0.6692112350933579,1.1769458891535707,1.9860493436916282,2.6491371336477414,-0.35275466554415874,1.0357007604714186,2.6963663858766695,1.83787799947143,2.990236110549976,-121.26199146037219,-489.9141524575157,0.7027495809161021
2019-02-28,PE,0.11341563919337233,0.29291034713897157,0.20311817433453067,0.4453576794668523,287.8756889947831,850.0020150675277,510.6353420526454,3.6412417481823343,9.673155956738684,10.350123358423645,4.714538607455598,1.0882098354160201,-2.7434144620200733,-8.174937393707243,0.14976524842362599,1.166613881564334,0.8839477830976638,1.2943146827124472,2.010467994791059,2.4719082016564,-0.7315549175168846,1.161561532319169,3.0865413912601656,2.30561773209921,3.3942807055628577,-121.08187011884911,-492.2109553246391,0.48116024363031806
2019-03-31,PE,0.11440832645612091,0.32486075015907645,0.2162372037311343,0.4760797734296882,332.0042852386538,959.4043409682525,559.6168630714709,0.8714566461609827,10.353004973104472,6.258802132028099,6.670769803276258,14.26191246587559,12.107389357834379,9.159665736628785,0.15213410500331315,1.122013470786532,0.9769135994382045,1.2337667854899155,1.5094733586145708,1.6788368425829991,-0.9460379047073995,1.1643163666131613,2.946471765303684,2.541426845169799,3.1799268408340837,-124.02433361906893,-498.69666471367725,0.3882763678248256
2019-04-30,PE,0.11215309634249111,0.30350683410940216,0.19558821140081295,0.45836718522176756,286.64669460589755,913.6575282075703,581.6524083399718,-1.9908990480503173,-6.799250156038901,-10.03644836910495,-3.7914854057598273,-14.689744800558142,-4.885680810471784,3.8620656296079705,-0.019203643211810922,0.8396179614561521,0.8667751090016961,0.9772959392047841,0.7100263314764994,0.6244641110673675,-0.9164335230792879,0.980979572069763,2.1909225552108076,2.264407229609362,2.403047087581475,-126.51463625989808,-502.18873827348204,0.3999428875956184
2019-05-31,PE,0.12243359398928737,0.3442826941465037,0.21551323950725598,0.49512641660430695,362.90659982761485,1083.5234477912563,683.451794511864,8.77039235936317,12.605897729764248,9.701085701276693,7.714253967154976,23.589507223401043,17.05176559050517,16.128309347645114,-0.21746694709293848,0.2950103847881167,0.5489792974686873,0.545094291535028,-0.007568193848949877,-0.24729213835844227,-0.46365099324517123,0.8045541973354576,1.218580657718543,1.6166662895968158,1.4705569709273083,-127.55622070442433,-503.27507080109154,0.62898303549275
2019-06-30,PE,0.11349163853592129,0.3565741069541323,0.21222296277091934,0.504668312196153,366.07056883534796,1143.627370048358,795.3494559286827,-7.5839628196866045,3.5078986693415053,-1.538491069039427,1.9088288908058253,0.8680625434289121,5.398693186956198,15.162545901700616,-0.5064725712163018,-0.5248387250934906,0.05091918915282218,-0.09334233796462436,-0.5525746102707225,-0.8552501027428207,0.3645556386658183,0.6026175245073762,0.46709112597356284,0.9374193625132518,0.6566675824678483,-127.97321477722005,-503.6308064869033,1.4398740416213691
2019-07-31,PE,0.11260933257971105,0.321556504468719,0.2108500538327071,0.4770091294273419,342.4388413379454,990.6000061016605,720.1058767759497,-0.7804570059002903,-10.336881103643691,-0.6490197689494899,-5.636577598456498,-6.673304952033182,-14.364956708377374,-9.938333300200048,-0.9425091894370056,-1.5845398255828025,-0.705927904095943,-0.9658041185147277,-1.352170949486865,-1.5111900157205722,1.3870974525515551,0.3896489047949687,0.08048247742849568,0.37883180643430747,0.1264629321470217,-128.29000300364729,-503.8353360788227,4.003213655983728
2019-08-31,PE,0.1125544803509591,0.3131339423509464,0.20465902357927657,0.4465238312744385,315.5023080711021,887.306430723428,624.3692895428746,-0.04872206516943864,-2.6542251021749554,-2.9801940798822044,-6.604285755864458,-8.192707876862148,-11.01204349798724,-14.265624879314268,-1.3872731752040073,-2.704627894949688,-1.577885200856032,-1.9230732883595527,-2.545061541299188,-2.4607002802253373,2.4639340878582856,0.24975541619953268,-0.05766443786091459,0.09159265998870232,-0.10805694677743458,-128.47021285444725,-503.97060818328885,11.750949993802067
2019-09-30,PE,0.12860738942742425,0.3270776318317407,0.2209119082246721,0.47751582183123514,361.1315562830731,1006.9050595179839,691.0874345167124,13.332689649811533,4.356651909657047,7.641872202878032,6.71045216897236,13.50763162318417,12.644621642166214,10.15243455885695,-1.7242362994349014,-3.5845291256824168,-2.3217664149695274,-2.7258085015755698,-3.562765918107348,-3.2366063180796294,3.3089237108825356,0.17830917460514867,-0.09680991793277811,-0.016718348202289096,-0.188720805160687,-128.52032080330645,-504.01668629610907,27.35566701512935
2019-10-31,PE,0.11096580827366472,0.33527614320564725,0.19317059367771733,0.4618815646735181,282.9657194110279,916.466938578058,567.4120435405605,-14.754215041846223,2.475695141217673,-13.419031317857183,-3.328878939990702,-24.39165563012969,-9.411061469097923,-19.718060108465995,-2.0574969124083,-4.258664067868798,-2.962430537197745,-3.3855937026228755,-5.750421783595252,-5.317687745945531,3.92303686220955,0.12777339795680662,-0.11041846766733296,-0.0631253727979168,-0.22035650001770066,-128.54549963860816,-504.05107924668835,50.55373662946021
2019-11-30,PE,0.10076188432181402,0.32252260045718695,0.20159577504893111,0.4702235327329312,291.38964949261697,907.8240228711368,523.0075994300936,-9.646196789025742,-3.8781287628881898,4.269087532231651,1.7899678503923033,2.933561571816654,-0.9475440656940383,-8.148975356919909,-2.4958433926509715,-4.9049476460737065,-3.5569456704583766,-4.0153027124454,-11.357620876293296,-11.241238600963989,4.441271148110383,0.08242690382298666,-0.11714981811630071,-0.0862926760577068,-0.23617654153726528,-128.5486693971063,-504.05597020503245,84.88277170019218
2019-12-31,PE,0.09709501046153556,0.24392348952180948,0.17841758175961903,0.3606752985956162,243.59295753736558,697.574356950639,496.43820387848007,-3.7070163988467866,-27.93186041303714,-12.213781112488832,-26.523007948947214,-17.91627477282999,-26.344143944679814,-5.213698216687408,-2.8750864547739865,-5.307027464792081,-3.917591857560066,-4.414962245166049,-16.919095718511006,-17.279002232767663,4.751043114729958,0.05641126227002047,-0.11960301049896724,-0.09492956259775993,-0.2421190243261387,-128.54868103235503,-504.0559832954727,115.70491510175619
2020-01-31,PE,0.0830515605839315,0.2486288954215957,0.18042086293003162,0.38491719794101675,270.07201247534783,754.594945127945,673.8408262291915,-15.622836163195325,1.9106796323951736,1.1165481358529972,6.505013716229545,10.319001083577001,7.8571995803225585,30.553490790521277,-3.095225095707438,-5.342981742123029,-3.9775728831315886,-4.507690850586457,-20.255531259725526,-21.008021629540046,4.774444623957044,0.04526482239620875,-0.11977805716386777,-0.09608744845108708,-0.24319014847862896,-128.54868107564664,-504.0559833260407,118.44451510456852
2020-02-29,PE,0.10102310222945558,0.1934093406923752,0.14663508829980187,0.3573928561980688,211.9222090121255,732.9393699629314,803.8025346405409,19.588759885153273,-25.115252578624204,-20.734514109719413,-7.419262660208563,-24.24693675969649,-2.9118125219378164,17.635971517575825,-3.17103894053676,-5.083848698360631,-3.833735345749042,-4.334417224737456,-20.995001179450338,-21.893598993382987,4.5845481143086815,0.041959981324333255,-0.11836363265340272,-0.09318982112535273,-0.24110452334131754,-128.54868107648096,-504.05598332648265,97.95891090878717
2020-03-31,PE,0.08252278138371755,0.15282828817606145,0.1463891563708677,0.28071971556109204,194.08240939386172,561.5241819095123,905.9704712697722,-20.227483242450067,-23.54938874848799,-0.16785777365000926,-24.14788962449975,-8.793640915619912,-26.640814366921695,11.965307776184126,-3.1034699787254976,-4.64457841317814,-3.574242735039283,-3.9831342605874847,-19.526317612864087,-20.293562946051473,4.368309169446074,0.0448931535193671,-0.11494606735797151,-0.08678184619211558,-0.23558686972870257,-128.548681073933,-504.0559833252561,78.91009523757259
2020-04-30,PE,0.07292949249750943,0.14321792514298123,0.12376076368727032,0.26061820748570186,154.85038831443674,531.229102573735,1171.302357866262,-12.358127499578215,-6.494756936767127,-16.791815332160805,-7.43001882182432,-22.5823445458028,-5.546145674226046,25.686482201304315,-2.9502089897820194,-4.050908025401282,-3.212523503949146,-3.509933232929296,-16.38793344329805,-16.819337620885715,4.203534608131534,0.052328768627629224,-0.10715308726174808,-0.074563593513431,-0.2243151244547536,-128.54868100089266,-504.055983277196,66.92245815145013
2020-05-31,PE,0.09727210210708306,0.17213932112890923,0.11442559947254444,0.2518271548436308,141.4416077532115,495.42653755662235,1464.8952196599698,28.801910949016683,18.39367332263921,-7.842555143167863,-3.431357110723317,-9.05724482391049,-6.9774299574314576,22.36674613695067,-2.694121804673414,-3.3042320610149676,-2.7904010444219796,-2.9654052056747178,-12.225264295062265,-12.199123820717027,4.009136195903416,0.06760172323112636,-0.08783224370684245,-0.053421908882891306,-0.20267445420500702,-128.54867617228632,-504.0559782919278,55.09925503896059
2020-06-30,PE,0.0886737461352458,0.19399279727095517,0.1422976156200999,0.3171537573099415,213.23640120575854,711.244904105879,1139.8788364097545,-9.254836714355116,11.951687540617709,21.79959234219773,23.06437364153709,41.051444922238815,36.15977371542969,-25.086174458799494,-2.256820737374201,-2.380143393860197,-2.288040158375329,-2.320057891787543,-7.6158578600942,-7.111914184855802,3.7441799879689532,0.10468277028252247,-0.03202234184557867,-0.013353372412082481,-0.1559461385522199,-128.54818849930498,-504.05516799399317,42.274327544715
2020-07-31,PE,0.08460537958035372,0.1809027559960688,0.1262140629659255,0.26656512765823975,165.62092649160132,539.0805158896744,1239.4667809785622,-4.69660075460717,-6.986140370488633,-11.99413710875075,-17.376809991016774,-25.26998134102295,-27.715188083095942,8.375929888718344,-1.6376863851597283,-1.2926115857844442,-1.6584031758166624,-1.5474486991950336,-3.4328085651258395,-2.622723742810386,3.352214050653203,0.1944293569655775,0.14999317861201536,0.07562434606353254,-0.041423861471223844,-128.51638496968727,-503.98337849043065,28.565910051885496
2020-08-31,PE,0.04215237524656726,0.07813551240680983,0.0851468772558143,0.15871629019695113,0.0010000000000047748,0.0009999999999763531,1624.5353378999775,-69.67068179189133,-83.95149693883899,-39.36016448730143,-51.8500325198117,-1201.7456880647703,-1319.7620218887946,27.054055718970222,-1.0000907127686558,-0.16151419737485778,-0.9455217929364994,-0.6904856185189516,-1.0024173542524357,-0.16349376334296928,2.7310927527999014,0.3678460713223607,0.7262948023572174,0.27365831844898225,0.24711851848313743,-128.18168985699822,-503.2068115318146,15.349651233030995
2020-09-30,PE,0.08120436550402375,0.2265872174545695,0.1515622681004707,0.3392888230236288,241.67918425297813,737.9531928140519,1086.6639297372274,65.56779729954494,106.46852790172758,57.661881808471115,75.97334599591026,1239.5366440731389,1351.1635677223642,-40.210944092305695,-0.39932032469134787,0.9481459775855059,-0.17530606867574272,0.19147727569745257,0.6177582057263011,1.2639634276970153,1.9299878684057998,0.6707758008849383,2.45636048784015,0.7243816334844584,0.9568232777612915,-126.6939157019717,-500.5165613596437,6.889426661345786
2020-10-31,PE,0.09235939873042913,0.2507621853546911,0.15551969167031174,0.35085014619883037,217.7667465850406,738.1443797517901,766.5330227063587,12.871846631314355,10.13750844644012,2.5775807065697958,3.3507468429761245,-10.41866415846496,0.025904376832613485,-34.898988719789955,0.19162190215085137,2.0049173671634635,0.6586110769576567,1.0786790455881345,3.282543953224295,3.6952654501949436,0.9821217555941283,1.2112124735466316,7.300920633784618,1.8172884269924623,2.6865782965183826,-101.90521478656447,-463.7997261256786,2.6701155685969304
2020-11-30,PE,0.07917814935938092,0.23864411323293483,0.155598677105866,0.3562100036226259,226.28543658719713,764.2821272810684,902.9470156909864,-15.398710557226375,-4.95316450931984,0.05077516802489208,1.5161256349900727,3.8372675945884867,3.479755556043382,16.378609598240807,0.7477254054954899,2.932724711578604,1.446234061662493,1.9018517127429577,7.631827420850291,7.9670664099269946,0.08477189144855525,2.1121901723053105,18.654167819848016,4.132271586131214,6.444072232638134,1934.2675298581246,2380.327358977842,1.0884687493481133
2020-12-31,PE,0.09155244811875984,0.21838392766734904,0.14233485024943582,0.3123185520262387,165.103797437334,561.8691288433903,767.5906851102437,14.521164271863125,-8.87187263039228,-8.909772782392299,-13.149678771957133,-31.522284462187145,-30.766804159732473,-16.240724685040238,1.2191093067830672,3.5210876895870884,2.031971741818635,2.4963767856286103,12.316247021354226,12.704703982603666,-0.6581327351794165,3.3841721316699864,33.69663577766916,7.5142956867878015,11.884220005885526,223165.99918683447,328789.19812474283,0.5178173344142257
2021-01-31,PE,0.06246072872156262,0.19616550868697163,0.13552704999760815,0.3142030907777919,165.75822566538903,645.087669942084,1141.7832226931419,-38.23739927480606,-10.729591492134096,-4.9011130619104355,0.6015895721422931,0.39559032817125434,13.811727400069518,39.70899207101441,1.6021875385829771,3.644623389712428,2.3473493942152657,2.7374105814495113,16.299648388332898,16.763879893716574,-1.1182092491570808,4.963879233507475,38.143798230926144,10.34299491962616,15.192720650769001,11990649.163877504,19074319.664778642,0.3268646039078681
2021-02-28,PE,0.0760969565317481,0.2011336975657136,0.13709039776033113,0.2922698021004067,169.2324478169165,547.8205030394718,855.2592080904784,19.74702522566268,2.5011113980623207,1.1469294522815068,-7.236220729129665,2.074294597871826,-16.343854585597338,-28.894195933889122,1.828441873049893,3.488273910336542,2.4364844771774274,2.7143297061893086,19.001234940372903,19.544646629585596,-1.3130736016126126,6.224181034978542,32.604845384566524,11.317959325196426,14.840274902609336,178702723.56954733,307702815.8274827,0.26899201021816516
2021-03-31,PE,0.08338116325978466,0.20196165232793523,0.13664683027778235,0.3050206857287449,187.4301237285447,687.205632452753,1407.1732162430299,9.141415260462784,0.4107990463256587,-0.32408297107366896,4.27022409114312,10.213290174887545,22.668588277752953,49.793356952502336,1.9979801740542271,3.29209418497348,2.3600163816867483,2.589097892854828,19.988663107741104,20.607570641809772,-1.2989968269830205,7.374146554118853,26.774576830774443,10.47630645640255,13.06353810813678,479695861.7847257,890746181.7897038,0.272805326752937
2021-04-30,PE,0.09475615679925599,0.22663151578947366,0.1563483911916312,0.3564601684210526,278.04374029240756,863.600247985031,1240.9781390228488,12.788439760312034,11.52475806583168,13.468707787593443,15.584290770886868,39.43723379927518,22.84764189217185,-12.56829904378233,2.2021886070756285,3.145143928372122,2.21243990911804,2.450331172219499,18.926597388205725,19.476798741613408,-1.1698760654083538,9.04478733852564,23.098458034767308,9.02316657320827,11.337971058185344,165850379.7572032,287518277.0383045,0.31040540884929413
2021-05-31,PE,0.10075268252243563,0.24443229907804426,0.15386729746613878,0.3577221371468061,267.1840970192247,868.7190659980824,1218.7510217811655,6.136200474206112,7.5612955109080575,-1.5996267895488696,0.35340277387040325,-3.9840517747793474,0.590980296755472,-1.8073308739056189,2.3074946190280574,3.0093920639727756,2.0507872330102916,2.3131404200375227,15.637012465164146,15.87439339444212,-1.0067154166956587,10.049215975039314,20.15051058301692,7.659200167031953,9.851898275210187,6181006.424339616,7836705.417342687,0.365417253989725
2021-06-30,PE,0.10529308042117236,0.29343743669442446,0.19749351641016757,0.4377936736950353,418.3897901484579,1155.740346028983,1211.9246456698359,4.40788779762242,18.272607847870912,24.961522933204172,20.199120295081272,44.84755875744846,28.547662108018574,-0.5616869539585823,2.2669443250329193,2.8727900325935463,1.8934408938142235,2.177205842884559,10.560878130797018,10.27955383008518,-0.9453319526623897,9.649868854322696,17.561735115991418,6.527365961509777,8.567408754859239,38466.45585048023,28626.817351000867,0.38855056909580676
2021-07-31,PE,0.09140439073048366,0.24194014834277583,0.17036674193743062,0.3601626570325971,292.28312284288563,815.8791948230083,899.6869531584731,-14.145418804840093,-19.297407899449908,-14.775233657707776,-19.51919802689611,-35.86905790341201,-34.82301113967619,-29.791811816309803,2.1670452974438623,2.810625339357721,1.8168975945422015,2.0987995464162346,5.8879122930717696,5.074988449027541,-1.0515642848646325,8.732444109952176,16.49574865358024,6.037922018571353,7.90215865127696,232.10288202727534,-344.0856391711181,0.3493907747100823
2021-08-31,PE,0.08490246875292035,0.27294084412049113,0.1706863444629284,0.38934187204927556,293.89662867473066,898.2467336470743,929.3169163397873,-7.379034467664651,12.056470883114077,0.18742103900934304,7.790205161449867,0.5505171076608322,9.617849119106147,3.2402944718141473,2.0976730347362413,2.886982791067582,1.817433747707723,2.0959881820807538,4.742501899127725,3.7572335936946306,-1.2504520341199485,8.147189610659265,17.81454219715922,6.04122171436652,7.879260318859102,-13.827818118446999,-461.22620595366965,0.286375316183527
2021-09-30,PE,0.09582704080904879,0.24378831511058704,0.16422373261104634,0.3532054301997356,266.62250182171863,785.282839030918,863.948638866824,12.104173703416448,-11.295479577919759,-3.859790795716262,-9.740796320992233,-9.739429524956858,-13.440083224898927,-7.293649643061322,1.8905265257768675,2.7787139007414687,1.6733508504930452,1.9457104827713345,4.483895953744547,3.5792941314057143,-1.3330442211587998,6.622854866983077,15.973743963145937,5.215179438539518,6.74438844044833,-39.969579694684626,-468.207755550678,0.2636733582750853
2021-10-31,PE,0.1080719767272829,0.2989755515618314,0.17879851871306982,0.4013515472828412,310.39115146494055,909.6851882635827,844.9016584230739,12.02525480322584,20.40615149736677,8.502985674735838,12.77878768629128,15.199947390926265,14.705463530802989,-2.2293081261075027,1.5414921073534942,2.4426898602240286,1.366984579404324,1.6425953995543578,3.9240900709444926,3.229727983078269,-1.1402664493913002,4.6715555356015,11.37938351257597,3.808683336463122,4.9143525796983,-77.94167276260288,-478.783201915125,0.31973381758442665
2021-11-30,PE,0.1031294235220434,0.30569356421714666,0.19227671833005755,0.4534429030122476,362.52768025650164,1120.380264268061,912.2897434948377,-4.681271782869886,2.222137336943706,7.267599763616708,12.203163891293796,15.526754968346296,20.832483563826827,7.673740079845048,1.1907882451783527,2.0292125100226763,1.008981677532688,1.297173517487695,3.625826654579189,3.2470739926969894,-0.7184744025647197,3.2896732547459,7.48353305324507,2.6279880358001257,3.404726072880293,-90.99292510846962,-478.340995837906,0.4874954106866158
2021-12-31,PE,0.10907406862213091,0.328450850962945,0.18559944863519293,0.4276778648749533,309.7095364188901,959.449891638523,659.4050000776932,5.604244160339748,7.18040341145789,-3.5344726106613322,-5.849909864327735,-15.746595176198797,-15.506333765811256,-32.461972744087085,0.8326779075731472,1.6605050483966783,0.6444049475933827,0.9990037080731147,3.1768444764954658,3.1782354745138384,-0.09337350553825514,2.2994682661423864,5.137408072703068,1.7900347093778253,2.4613609397627334,-104.57768802633439,-480.0516234708523,0.910853228028102
2022-01-31,PE,0.1012365710279281,0.28825502038606643,0.1716768312898066,0.4095097438630327,311.1785405121377,981.7997055590774,956.8239954179704,-7.4567114730159325,-13.054163440500396,-7.797702799249978,-4.340956248827337,0.4731953757573358,2.3027231050320665,37.2281548327428,0.5178903048043345,1.4231523048409747,0.31633086124239873,0.8276600451897308,2.4093600208261745,2.8040788210734404,0.6659468329249373,1.6784828246123469,4.025622832872311,1.2572656548990289,2.0337447164700486,-117.4218431558322,-487.54412480472973,1.946332500870486
2022-02-28,PE,0.10954001497025105,0.32059204801986585,0.18089038738184152,0.4180799817788957,353.5851114543679,1017.8979918563705,930.9376588205336,7.882985065292614,10.63238606615255,5.22774316042706,2.071206064212507,12.77573915581766,3.610766590155394,-2.7427148194652995,0.30378013093836614,1.268170991932421,0.2114545284550096,0.8521349193180795,1.8023145274492258,2.3532476784888066,1.3980902921721514,1.3549711071101294,3.4297860375467066,1.1206552903482006,2.090433109811737,-122.4850153211131,-493.53630448508494,4.047463109644228
2022-03-31,PE,0.10904496925152293,0.3016553805590009,0.1799656788393981,0.413166547315376,342.5740674422738,1025.8263378676636,847.4402944607207,-0.4529556930820802,-6.088419461600554,-0.5125093648577043,-1.1821984251992501,-3.1636334633165832,0.7758762440463122,-9.397192575131742,0.06241676239307756,1.014188510473401,0.18073587525990067,0.8288466608098002,1.0645061711613077,1.554506357833664,1.9735058952568976,1.064405856634089,2.6325654620521566,1.0832801948922148,2.0364612554877835,-125.64927425747898,-499.3232336631694,7.195860249054368
2022-04-30,PE,0.10934580032575027,0.322953008497807,0.19523175672938187,0.44833449407209425,349.0547209509374,1044.2071181907738,717.0436360976715,0.2754981495631353,6.82215862914912,8.142118931419907,8.168881843537555,1.8740813838915973,1.7759387770858666,-16.708368973977958,-0.19790938804890823,0.7170352838000303,0.17507241408869326,0.7881659649420784,0.46356428747845524,0.8444090375541181,2.4843879416437424,0.8204441918187763,1.9237917699474105,1.0765139876435577,1.9451449883768082,-126.95895092306041,-501.7293808532584,11.99377711633865
2022-05-31,PE,0.10328075350277725,0.2570091608000894,0.14662105069900802,0.31515418370767684,381.5254424862792,1009.3197195604271,2029.5223144981926,-5.706429834540395,-22.839509871536134,-28.63359770027538,-35.2477601211758,8.894883569215278,-3.39812999254001,104.04190332710161,-0.47127548018110266,0.38703860076877794,0.17502408550288465,0.7335683337157548,-0.006143905421151771,0.2561862458985443,2.9846256928233075,0.6242055984526568,1.3480536850600435,1.0764564136206856,1.828284379415866,-127.55480614747087,-502.7639899928004,19.779097392511172
2022-06-30,PE,0.08709328111034449,0.2688732573702297,0.17991778578410436,0.42249890106710075,358.27068257264096,1127.4096660057173,1040.9844917191504,-17.04713013067734,4.512837698111981,20.464862899951047,29.312485460812326,-6.288874188413867,11.06461114129149,-66.76335602702996,-0.7530445059333518,0.028408708547527844,0.1736140129549542,0.6675277627727643,-0.37813902499375546,-0.2348370464962461,3.496212853392566,0.4709306169351607,0.9042564353097687,1.0747778133270853,1.695197914481988,-127.86354583412147,-503.26528364037733,32.99027606649206
2022-07-31,PE,0.09579928468618924,0.2632499410936099,0.16344671001582978,0.3769507504161864,327.1398069705531,1017.4077686262789,1154.0784253333047,9.527547727480144,-2.113617912950589,-9.601299632145023,-11.407230235561347,-9.090117349660302,-10.266468120171385,10.313523329982637,-1.0355190523530566,-0.3493362889843179,0.17251641360538367,0.597022875849256,-0.6838547059201164,-0.6581829970730848,4.017611355156616,0.35504204767950553,0.5805963050899069,1.0734728294984157,1.5624881583730112,-128.04401318537907,-503.5381920182044,55.56821444593314
2022-08-31,PE,0.10545833435088878,0.29524182064794435,0.18782345139758183,0.4190041069085896,368.0931785018354,1055.6308752696575,916.0112660306471,9.606072163836545,11.46908243057366,13.901542871470404,10.576617815162722,11.794848479053224,3.688058510185388,-23.10287405612299,-1.3118308204006912,-0.7367346257899624,0.17625900982512843,0.5273962066878481,-0.9434534148032969,-1.0397735619748267,4.550402838423828,0.2693265162504735,0.3541147682979562,1.077928456723784,1.440300359111886,-128.15939991518457,-503.7024486001917,94.67053756458051
2022-09-30,PE,0.11181472058729414,0.341501398956473,0.17742236929767555,0.43322225198725356,396.122376273703,1301.634643767715,1285.5378294481777,5.852728114557069,14.555702395366746,-5.696927612155932,3.3370158787280273,7.338708593919763,20.948231861884224,33.89037903231363,-1.5837989969293413,-1.13163070783267,0.18512163011063076,0.45871103825845666,-1.1994059641417472,-1.4282737641773997,5.09281738083003,0.20519408391405286,0.1979472637109296,1.088546301518789,1.3278194544871058,-128.2473078920156,-503.8162609441525,162.84802123922506
2022-10-31,PE,0.08575395180163876,0.5197718590675584,0.17181269397866503,0.6273684826015314,392.9848094481407,2187.3423880561118,1152.837301495006,-26.53610508571675,42.00382072342959,-3.2128262239456613,37.0283179206837,-0.7952236189928465,51.906639261741596,-10.895105262027807,-1.8586606619459713,-1.5374285837847488,0.1968538591681946,0.3879984149745972,-1.5352841339104413,-1.9166055461133549,5.645066505091397,0.15588126833301458,0.0903734247158835,1.102747596480617,1.2198134128276212,-128.33328659564506,-503.90887786850766,282.89236938007
2022-11-30,PE,0.11168181316667675,0.3367412683788245,0.1906708251168081,0.46269229912856535,443.9089901577861,1418.1633118695638,1236.1379982348128,26.41717041227733,-43.407509687783715,10.414361758852223,-30.447180712062476,12.184860598093081,-43.332469343023874,6.976587938118614,-2.1371602642210497,-1.95604211563102,0.2138487070666134,0.31410157487485874,-1.9598348605166822,-2.520925085277218,6.199062624883796,0.11798942652860978,0.016857377860535372,1.1236167790123035,1.1148147533253099,-128.40779939311432,-503.97559811762363,492.2873668183955
2022-12-31,PE,0.10359224738341095,0.32512665419894915,0.18942069676219764,0.4559206802192375,369.23630610490545,1170.8229431893478,985.5482791592185,-7.519137943838551,-3.5100074222044704,-0.6578062337595935,-1.4743404942504028,-18.418272927664308,-19.165572024118443,-22.654916594273672,-2.414687328347215,-2.3911736844549725,0.23981736925072328,0.2337728909426079,-2.4605009739381476,-3.2381933650303947,6.74741674709315,0.0893952859242089,-0.033037446494009554,1.1561985072344998,1.0091435045965464,-128.4632889162403,-504.01674861287887,851.8553599436098
2009-01-31,PU+,0.18663888892000002,0.5708666666666666,0.1593333335,0.33443333333333336,30.14680199305716,234.36333678321284,2.7635882437792126e-07,-23.735962908746984,119.86926740323982,-27.29294337268959,36.685027198038476,-0.33116119850293435,0.04383045146519918,-90.91382814159279,-3.012887459620558,10.43444628803088,-7.1832648923867986,-10.247445311132944,-1.125221702426791,-0.0379679547598313,-47.99468930490574,-0.13748933260643037,34010.770160985,-0.15857414836629494,-0.2316978853895916,-29.822221493960622,-233.29789299145995,1.4327528275628663e-21
2009-02-28,PU+,0.26997222225333334,0.3619,0.24266666683333332,0.5788,30.39680199305716,235.30183678321285,6.802409055720797e-07,36.91433985318673,-45.57877433542851,42.0690315346018,54.851943749387125,0.8258557616348068,0.3996469408188971,90.07468986705499,-2.76705136018485,8.95521652863369,-5.829009885672756,-8.947081795570261,-0.9793891729088378,-0.023086801194584082,-35.615594548779676,-0.12379184382115453,7747.737189874229,-0.15639234604705118,-0.23160321702077924,-29.771261573988596,-233.28345912330911,3.4067778723616813e-16
2009-03-31,PU+,0.1072738095866667,0.21753333333333336,0.21488888916666668,0.21453333333333335,30.31346866005716,234.20903678321284,5.682577037149448e-07,-92.29345391849242,-50.901583507858604,-12.156766024571143,-99.24918683072103,-0.2745281298890286,-0.46550656647411354,-17.987198877821132,-2.5029804317447253,7.600151089136186,-4.534922741694046,-7.624556406918401,-0.8315518289231814,-0.007750257548803811,-24.19278087488689,-0.10479817481426823,1998.0296569376565,-0.14860559749879176,-0.2312450215261072,-29.711428855860497,-233.26835708495398,3.113212490010726e-11
2009-04-30,PU+,0.32830555542,0.37551666666666667,0.0010000000000000009,0.021983333333333355,29.51346865905716,233.42163678321285,6.437968690424458e-07,111.85602121655616,54.59507599921744,-537.0121099969678,-227.8180535954904,-2.674540011720634,-0.336761803131314,12.480823605499282,-2.2199572602090507,6.379445257605258,-3.3179360845939425,-6.2882375106209105,-0.6817561178618846,0.007833485740390918,-13.467875250051693,-0.07802513806523668,589.1323738376661,-0.12310580830556722,-0.22987530150929333,-29.64107389910736,-233.25277253545087,1.415715855212819e-06
2009-05-31,PU+,0.44774999992000003,0.9722,0.4204444445,0.7357666666666667,30.93013532605716,235.77273678321285,4.1655119780963566e-07,31.029029461891394,95.125868912807,604.1312352967684,351.0628448983841,4.688423805803511,1.002194319030108,-43.53738776421619,-1.8916078906916416,5.3045650550338195,-2.163240675756678,-4.924798288802118,-0.5299915521993422,0.02344122829914572,-3.133905603784804,-0.035809791859533535,200.785282533339,-0.044381338868424575,-0.22446914193253997,-29.558192050940352,-233.23691864989016,0.04354738585465555
2009-06-30,PU+,0.15043518512000004,0.31445333333333336,0.18757407423333333,0.34863333333333335,30.57041310405716,236.01413678321285,1.8211707429418623e-06,-109.07027129899298,-112.87258631586023,-80.71385229961149,-74.68922903869436,-1.1698312731217426,0.10233435247656235,147.52254606519756,-1.5077717732366043,4.372147328013187,-0.9871148860996598,-3.4999447582038714,-0.376427772430621,0.03914729372815647,6.9281398501031175,0.034763875380535325,78.7453800038087,0.2133169465669919,-0.20153428170723936,-29.460493306752266,-233.22071313661203,1020.5937554506991
2009-07-31,PU+,0.25054356054500004,0.5869791666666667,0.175289773,0.2954583333333334,30.27445350905716,234.77043678321286,8.596099364830085e-07,51.010047202604014,62.41536465473333,-6.773337973481554,-16.549292613606163,-0.9728410814395861,-0.5283532906818624,-75.07561144890055,-1.0818273089313664,3.5218873758069433,0.21994267138847712,-2.043264692148426,-0.22415255590521685,0.05470157260553594,16.950293739976896,0.15233665740726055,33.38008592122465,1.0866719632861852,-0.1021284339828755,-29.347608789630794,-233.20441142215765,22983652.032588262
2009-08-31,PU+,0.15781944450333335,0.6199416666666666,0.19463425941666668,0.35470833333333335,30.57041310405716,235.73633678321283,1.1539929854624698e-06,-46.21811765231653,5.46360595911783,10.46817544654471,18.276803258006026,0.9728410814395853,0.4105791504629414,29.45046444661391,-0.6250478466606615,2.708353575164188,1.4484705875595443,-0.6017801461663781,-0.0771534503660034,0.06965625445386293,26.91802387555931,0.34859692973973266,14.536384634601474,4.097266104684079,0.3161022068850663,-29.221054206687167,-233.18849720851208,490172827750.87787
2009-09-30,PU+,0.05886111115076925,0.08206666666666673,0.07236752157692307,0.19921794871794873,29.01624643805716,233.83793678321285,1.130759366707245e-06,-98.62710027891478,-202.20934625090203,-98.93646029640938,-57.68964104389689,-5.2176754069754905,-0.8085665887820961,-2.0338676647053084,-0.1904799977411816,1.8709379547513723,2.649836569161005,0.7559090947105533,0.06030683317419913,0.08378396215840911,36.55999387043638,0.6399234017565751,6.026218316017556,13.992392294479158,1.897813269856109,-29.084639589844482,-233.1732428330234,7547508248869812.0
2009-10-31,PU+,0.15856018518666667,0.37976,0.2635694447,0.40593333333333337,31.71034366105716,236.87363678321285,1.1920094221365939e-06,99.09536180230678,153.20075491608182,129.25592787694106,71.17894974092216,8.878703099285014,1.289852324987217,5.2751060123944145,0.19332010516554218,0.9268002045208618,3.796015553225057,1.9370384029391412,0.19371901113265905,0.09904072595992097,45.70229678771001,1.0266322167935762,2.0582455611430204,44.36409603249946,6.706439108578431,-28.933046809715478,-233.1565255185785,7.0510745300719714e+19
2009-11-30,PU+,0.16997222225333336,0.0010000000000000009,0.17600000016666667,0.0010000000000000009,30.24680199305716,232.87623678321285,4.3963353521390704e-07,6.950078668045245,-593.9539474243062,-40.38328845223967,-600.6188942506363,-4.725246646513494,-1.7019680975904041,-99.74542467052851,0.5095226948777128,-0.19639781886651403,4.83850294657132,2.792777577407081,0.32796939258969554,0.11885285415576433,53.15130638919855,1.4778576436717317,0.3535186210732016,126.12082866888342,16.09457112292333,-28.758655508986973,-233.13443259338362,1.2114878718081796e+23
2009-12-31,PU+,0.2051574075866667,0.3609,0.17785185216666669,0.14166666666666666,30.20235754905716,233.99043678321286,2.042399640439532e-07,18.81425011953539,588.8600911648741,1.0466916561843775,495.34768802563065,-0.14704737781350755,0.47731062354349935,-76.66459084805814,0.7265003189892817,-1.3356467826582772,5.407478855505815,3.096234330584132,0.47817601056418074,0.14872401171528574,53.772273551651395,1.8811922912966481,-0.20517864232358068,222.90915692428473,21.882784990932176,-28.533672606845855,-233.10028408195126,2.254247947259391e+23
2010-01-31,PU+,0.18663888892000002,0.6598916666666667,0.1593333335,0.4234583333333333,30.14680199305716,235.02753678321284,2.5454006739125524e-07,-9.460185175408942,60.34747684849107,-10.995246767759385,109.49782425335137,-0.18411382068942764,0.44224390055271,22.016266243570243,1.2278598589703407,-0.16385032889519022,4.657418796794504,3.3917161404473792,0.6161650112119895,0.17726816886679134,43.67740515088896,3.2272765630448226,0.38070239687664925,105.20443223270371,29.485173587799594,-28.294989267110175,-233.06668555246455,9.307992847326843e+18
2010-02-28,PU+,0.16730447337,0.4015116666666667,0.16522619065,0.22867833333333334,30.26465913605716,234.52472602065862,1.0986134837082822,-10.9360328382154,-49.68390894687133,3.6316942695103696,-61.613876462537874,0.39018189701247674,-0.21416612998055917,1527.7856493014062,1.4420817981442062,2.6084668163313323,3.4959207375038597,4.713239874606914,0.6766396975891614,0.18375556700138998,34.23324842926866,4.042852717147658,13.110050317642667,32.821307156601236,111.18080512070637,-28.179545955250347,-233.05891473654276,736734301293669.1
2010-03-31,PU+,0.35663888892,0.2677866666666667,0.3293333335,0.5368733333333333,30.99680199305716,235.19055933906813,1.0986125701050762,75.69084079736302,-40.50459470466545,68.97550220213559,85.34458301843154,2.3903371013852435,0.28350525739030796,-8.315969168258735e-05,1.5948914430260612,5.576691149809416,2.6003135320524295,6.684656519161867,0.6749935661829013,0.17227930225424076,31.841660370199847,4.741155207746664,263.7278063539622,13.308626676748876,799.8041006643414,-28.182781653275608,-233.07262718257329,67399611531314.21
2010-04-30,PU+,0.24069162325333335,0.5975916666666667,0.25470551233333333,0.5731583333333334,31.29126813905716,238.35773678321286,6.376557005534896e-07,-39.32072116451971,80.27170454355351,-25.696238537943817,6.539981363955354,0.9455047783439443,1.3376564527201806,-1435.9515437363923,1.547553888685873,7.583055379389861,2.604043002374553,8.820763862441108,0.6379443612796752,0.1558900648100171,35.57573282205146,4.513320597112958,1964.1543048495544,13.358948813036235,6773.204890170679,-28.254215589091523,-233.09193906819087,2820619176943157.0
2010-05-31,PU+,0.11246330959647062,0.043175490196078414,0.08564795023529413,0.12210686274509806,27.64149896205716,231.55493635044533,1.0986139961857675,-76.08895110470085,-262.76347113836573,-108.98627315931071,-154.62654165125875,-12.40208563808904,-2.8955489458479713,1435.9516735437332,1.0096263062332786,8.246789904025322,2.5186370665233277,9.854919079650298,0.5240274082358212,0.12394567125488283,42.847986665539814,2.5579363037953384,3814.890308744606,12.252335517978004,19051.61047350343,-28.457986471758954,-233.1286824115448,4.061104543436459e+18
2010-06-30,PU+,0.1923875520376471,0.45711960784313727,0.20946702338235296,0.2965274509803921,30.99907472105716,235.36213678321283,8.069319022519446e-07,53.68848062595478,235.96721029258995,89.43210280697518,88.7243212084208,11.463912727996583,1.6308184175407958,-1412.4075937928608,0.24630999606841067,7.848148393031449,1.8672547583709445,9.07690209592355,0.33822026267592314,0.06995539754570643,50.26689923909633,1.0926571999173444,2560.519814158095,6.311175551093723,8750.583074606178,-28.744352616417167,-233.18817643738896,6.77075286110001e+21
2010-07-31,PU+,0.2030079364914286,0.413152380952381,0.13284523821428573,0.26734761904761906,29.96138532605716,234.50993678321285,3.137551023597923e-07,5.373323650489752,-10.112859454067594,-45.53814924445121,-10.35900419552904,-3.404795956435186,-0.3627374267883729,-94.46265280677562,-0.5225927655847529,6.546159794328496,0.8992072263407749,6.726690221343599,0.1501643759640087,0.015186074014699893,55.913054833539626,0.40634220322044345,696.0959150532473,2.298320641812139,834.1493407343409,-28.984776757008284,-233.24533481485932,1.91748149127342e+24
2010-08-31,PU+,0.3769322722008989,0.5745071161048689,0.38801622987078654,0.5181895131086143,50.49957977005716,259.7373535859544,2.77259248266916,61.88204476802029,32.969599776222545,107.1862340073799,66.17912751681011,52.20556180941753,10.217298059514876,1599.443588095683,-0.837616687256326,4.727644007778079,-0.05430895325372152,3.657362796891292,0.06385509720258341,-0.008374190648950413,61.242203833126474,0.24610176277244583,112.56078640633382,0.7878061059823562,38.527259302269336,-29.080864062874806,-233.26897600799896,3.95504276984516e+26
2010-09-30,PU+,0.18673664059741937,0.29836666666666667,0.19706549375806454,0.4743397849462365,31.31649896105716,241.78143678321285,1.2321435545581981e-06,-70.23662368128322,-65.51893286088293,-67.75110392007689,-8.841712001081403,-47.781993283983184,-7.163677764657766,-1462.6537974909586,-1.23715485621491,2.712769899746192,-1.4000564854111912,0.4812370552168064,0.016785859818387063,-0.009988863784870088,63.900819664919005,0.10356984109974288,14.602796142802925,0.08724970170408866,1.3863414791834503,-29.129874459096516,-233.27057592399436,5.646422473512321e+27
2010-10-31,PU+,0.1928888887771429,0.609252380952381,0.28463095250000003,0.3728190476190476,31.02388532605716,235.24823678321283,2.6120455953178656e-07,3.241503214292931,71.39094452944451,36.76573085363168,-24.08307358569824,-0.9387679826184445,-2.7392880918468574,-155.12068055182854,-3.1016431729942266,1.125602381293524,-4.072756222702592,-2.221829408027429,-0.09742063914281948,-0.01926124831021326,59.242827573744506,-0.14166364937570677,2.613906206222087,-0.14230294927153336,-0.12332273325180426,-29.239627660225374,-233.2797137189403,5.355907990411446e+25
2010-11-30,PU+,0.15453104580235297,0.6459431372549019,0.23408823550000002,0.46343333333333336,31.41763532705716,238.19953678321284,5.9460005017909e-07,-22.171929744887958,5.847887657990771,-19.549531857867702,21.756936660244225,1.2611967680499225,1.246742890372241,82.25851416112832,-5.180071252921153,0.8620730065284097,-6.610936997364064,-3.40168294663953,-0.25321546220751556,-0.04907182079645188,52.74669160776665,-0.18101128350320697,1.899897955766835,-0.15798776273771137,-0.19841618157032598,-29.370501392695243,-233.30852403746573,8.083456469161159e+22
2010-12-31,PU+,0.18526085073250004,0.29876041666666664,0.22187673631250002,0.4176020833333334,31.14749643805716,237.23453678321283,0.6931477045782372,18.13698160597614,-77.10695069417865,-5.357613323633249,-10.413351612637117,-0.8635499042555308,-0.4059453786979514,1396.8864677407719,-6.452054069031367,1.0064123096982807,-7.881609411151681,-3.362176561398662,-0.35317215234257726,-0.07064773771855712,52.16634585254163,-0.18506160992091653,2.2676016311352125,-0.15895570868612915,-0.19707359559430124,-29.44434573957926,-233.32884671439533,4.524349485344858e+22
2011-01-31,PU+,0.16518443757217394,0.22007971014492755,0.16911594219565218,0.4656202898550724,30.37180199305716,239.64003678321285,1.0986129936798976,-11.470218282445487,-30.565217057002947,-27.153745763849784,10.884144795414722,-2.5219258894855807,1.0088692231868195,46.05606339292368,-6.887013666217015,0.6266463940125822,-7.690240108202093,-2.692444435792543,-0.360841947340787,-0.07164889928096912,58.23194591047953,-0.18561793070501714,1.4031576931601752,-0.15887606513533212,-0.16401812192120313,-29.449712826500214,-233.32977911997426,1.949004219790248e+25
2011-02-28,PU+,0.12080927592000001,0.5913541666666666,0.15302753,0.34244583333333334,30.33895707825314,235.30319599017355,0.6931474100485286,-31.284958312124424,98.84253051256154,-9.99666883477026,-30.725697899163006,-0.10820130899657271,-1.826307244959367,-46.056105884555585,-6.661687916762329,0.10837626760748864,-6.373048930380376,-1.534601847704313,-0.3127839257369168,-0.06968551861935957,64.55317823026473,-0.1853599031940424,0.6463003376714205,-0.15762638657869915,-0.01619184090568282,-29.41539405913073,-233.32794969670007,1.084149302461763e+28
2011-03-31,PU+,0.17888425942000002,0.340225,0.15481944477083334,0.13792708333333337,29.765541416885647,228.61563749445926,9.335034104697673,39.25259313188579,-55.28079412505542,1.1641725635096363,-90.93883304716131,-1.9081202693240547,-2.883272375101101,260.0287019909044,-5.982949469585687,-0.657435889060185,-4.79730004476334,-1.0221462014077047,-0.24537249522932342,-0.059529106017114725,67.99378366671232,-0.1841175103352147,0.050011632501353376,-0.15108133647889066,0.12808852736041298,-29.364388954227316,-233.31842867394607,3.3831795746982426e+29
2011-04-30,PU+,0.2998376466591305,0.20286666666666664,0.14468530036956523,0.06872028985507248,29.98907566374721,231.42417373386718,1.0986128668440045,51.650214907495354,-51.70582146516204,-6.769852394612147,-69.66806682904904,0.7481774648122447,1.221012209730927,-213.97260765144264,-4.532017848005544,-1.5818429291780536,-3.767879718997549,-1.8891900773399328,-0.22144778898213943,-0.06457757521388682,68.84338809148069,-0.17587994467982743,-0.2625708164093239,-0.13623234150794786,-0.08053911845266537,-29.345444232297094,-233.32317339569445,7.912314906500989e+29
2011-05-31,PU+,0.23234413583111113,0.3080044444444444,0.15706018534444446,0.22862444444444446,30.14259325135833,233.63256206140107,3.871202070551743,-25.502153366594392,41.75652640891319,8.206803649726911,120.20361811406195,0.5106058884484952,0.9497357019946405,125.95167174623307,-2.261400290942514,-2.016167327490769,-2.391140736288101,-2.6744655562117896,-0.1163952397816676,-0.043436218391758964,64.40269537831102,-0.0824344229456366,-0.3350018010732259,-0.06780811533271995,-0.1627896682695823,-29.25667865144912,-233.3031431605863,9.326854945078287e+27
2011-06-30,PU+,0.2040418788956098,0.20193252032520326,0.19059617635365855,0.26828211382113826,31.149708275611413,234.56637535127746,6.32793768896234,-12.989435521845454,-42.218062908844644,19.35278518823934,15.995841363879453,3.286565035254036,0.39889647475937273,49.14093121826007,-0.030470507308442713,-2.1690312460636862,-0.9634191148896778,-2.696021887715726,0.07509963526127905,0.020756994021317737,56.88413928110941,0.7833501503129053,-0.3538783861457596,0.2222526332342355,-0.16425993703562608,-29.068810441553172,-233.2396628644893,5.063698014379108e+24
2011-07-31,PU+,0.0010000000000000009,0.3131546666666667,0.001361111259999992,0.15472133333333335,26.19749643705716,232.33533678321285,5.183464588917684e-07,-531.8325261479342,43.87636274014104,-494.185546087304,-55.04134409749643,-17.31410296769092,-0.9556853148136523,-1631.7596362240895,1.2746422757136908,-1.7133644323621833,-0.015181117308509177,-1.8378255839436957,0.2513969448744675,0.09615541626724303,45.949213988478,3.390782561723678,-0.28790836227587974,0.8256002014365557,-0.07257019634162801,-28.860981610202398,-233.15970663005933,9.025890968260292e+19
2011-08-31,PU+,0.19328843420571432,0.4969595238095238,0.21217868030952383,0.28789761904761907,32.64399026782084,236.61953678321285,2.6390581491781195,526.4183551034203,46.18113705561564,504.9127282295302,62.09792781307344,21.999692311244566,1.827177595810888,1544.3044070529706,1.7266535514123784,-0.5647759416283186,0.5302728040116812,-0.3142950687512016,0.31673072611415554,0.14439299657252186,30.97990901093712,5.435170410047841,0.10032084020740223,1.5400625138926605,0.49857017328712294,-28.774169085096858,-233.10529871999614,28471053230650.63
2011-09-30,PU+,0.22563700670082196,0.3909474885844749,0.21085047714383562,0.2862812785388128,33.90755347905716,237.9174475457671,2.197225921661946,15.474399193156016,-23.993533108220003,-0.6279508193626554,-0.5630108613111245,3.797703258162459,0.5470233267004443,-18.322647182322157,2.1888664238934172,1.0055899682437475,1.4389319072341653,1.845204145956033,0.4315433881549714,0.19799789334967638,19.950410802265072,8.738451220367233,2.2653528202258784,4.0568567955023545,6.097658444922882,-28.607170052603763,-233.041676957316,461693035.2100853
2011-10-31,PU+,0.13373235649894738,0.20201666666666668,0.2725767877631579,0.46800438596491223,38.75330451705716,252.75073293799088,1.7917607942149503,-52.30870799176297,-66.02230484224016,25.677112122057288,49.15028486901269,13.35782239650872,6.048000329938934,-20.399679973380973,3.2160034111552767,2.1730658755361096,3.12540014990526,4.097358303100206,0.6275915469821984,0.2585832468394998,17.969741693013017,24.74165380408617,8.317010387103066,22.609670952291797,59.94936387230882,-28.273708109350867,-232.96554282536852,63702966.735462375
2011-11-30,PU+,0.14907961930297875,0.34718156028368796,0.1870222909468085,0.3288950354609929,31.413525634029163,238.8093535859544,0.6931479589523778,10.86400579171811,54.149766934540466,-37.66925516899165,-35.27390088847113,-20.99774771799508,-5.673820787818126,-94.97106178710449,4.457447986821962,2.103767208656946,4.915205107550874,5.219346191419904,0.7979533103516215,0.2997938111966632,21.614832605460634,86.08043434171432,7.728824931298309,136.18793945642693,184.5815786989452,-27.925811397996494,-232.9110562727172,2438947926.1509023
2011-12-31,PU+,0.25076767678666667,0.46475833333333333,0.24292971395000001,0.46593833333333334,37.02323997090492,253.88155786522543,10.44208492063561,52.00463990517154,29.16696856341443,26.15443458230154,34.831463475736996,16.430726994614155,6.120230077433752,271.2356065157213,5.742701500660126,1.9585016074867245,6.443776403615288,5.508994461974319,0.9381846558736403,0.32537007188393363,25.558534181582107,311.71924891741435,6.620530785621195,628.6175036733189,246.6709987841473,-27.59146360633408,-232.87609385161812,125872355846.79076
2012-01-31,PU+,0.2558276248695799,0.4549801120448179,0.09999520444957985,0.11026526610644258,23.08556463605716,219.10856093801715,2.639059127454783,1.9976957313900274,-2.1263849023919605,-88.76499291636199,-144.1164320639507,-47.23383081274743,-14.730053160849288,-137.54218050376147,6.941064604673526,2.1779437385358777,7.550118939222703,5.038641196501509,0.9880036801585663,0.3029624772079962,27.544356638545356,1033.6836535389102,8.35996796260806,1900.8094843141007,154.0285298337811,-27.46093472637093,-232.90677312046827,916984713134.4753
2012-02-29,PU+,0.2625994391990698,0.4391387596899225,0.24682569903488372,0.4542635658914729,34.44962851189392,244.74071738149502,2.0794421653832833,2.6125948964539782,-3.5438263773810172,90.35601862668126,141.578859837665,40.029069934055855,11.063203471400653,-23.83227944958485,7.751327358474837,2.398916590250369,8.160691643944244,4.045472884956682,0.9679069089052214,0.22873374830483667,27.867427850907323,2324.469380613417,10.543073564250268,3500.447606919212,56.906466108159,-27.514373217331563,-233.0036294690898,1266689412295.9758
2012-03-31,PU+,0.22943282832000003,0.2210926666666667,0.18372323248,0.38152733333333333,32.2380735503282,244.0782387311774,11.480072338728698,-13.501952669491068,-68.62335246127374,-29.525196169751194,-17.44950760380176,-6.63500515508294,-0.2710529318203091,170.85130241301977,7.533895296545312,2.2546815242057354,7.887998971835749,3.1011468378861258,0.8890332158887145,0.16547088331426357,25.419244494912828,1870.190366232203,9.064090366885562,2664.9462966632395,21.991690002999206,-27.714025448766563,-233.08068817718632,109505925064.02716
2012-04-30,PU+,0.19168827158666668,0.48208333333333336,0.21759413595833335,0.42128333333333334,31.429536721732788,238.70371594986912,0.6931475047155579,-17.97398325021505,77.95350700222836,16.920111199448122,9.912311294525617,-2.5400051752688393,-2.226572376167234,-280.71251450786343,5.886310839464658,1.8471671242074958,6.39283473752344,2.5528019521374037,0.793330905640218,0.15415287162237462,19.694651662614287,359.8878196953513,5.873661772449148,597.3887396966713,12.611305662010054,-27.936054024367365,-233.09396755944908,357502052.955347
2012-05-31,PU+,0.19856575100411217,0.2381582554517134,0.16627754192056077,0.1783716510903427,30.814741349727548,227.55089945077393,5.950643954821111,3.5249817496631883,-70.51815982694582,-26.897323439526726,-85.94363070359955,-1.9754919968026137,-4.784915345586935,215.00118943264494,3.1692837453137845,1.1710061097689963,4.062139871863764,2.053800413200032,0.6744863787543659,0.17262137130863686,12.071385053544905,23.603799350680656,2.757069281420218,57.93916817096735,7.5657451744486774,-28.183777527132634,-233.0722207317394,174797.78203653646
2012-06-30,PU+,0.23502924858153848,0.451134358974359,0.29554642599230774,0.5344579487179487,39.68613620921488,255.05677595635228,4.276666948805832,16.858968385345964,63.88298170335993,57.516760296022184,109.7383752241107,25.30087220994232,11.411222396876225,-33.03254854711917,0.5599877753084506,0.5876899755206222,1.9519959954143111,1.6734570106738307,0.5849220075748052,0.2093338944658291,4.778576174599379,1.5640122100755933,1.3316593008603208,6.883397485726383,5.098830463887354,-28.35195099765827,-233.02778020941062,118.93488691747721
2012-07-31,PU+,0.16283402997172416,0.3664597701149425,0.21877364172413793,0.34548160919540233,34.69092307534114,243.53917781356495,17.69468046267178,-36.697850741329816,-20.787646106490957,-30.078833861163762,-43.63136410605378,-13.452384293924077,-4.620834709256684,142.00900996456565,-0.309188837303865,0.1989899630558353,1.3833405053716414,1.7156636626078812,0.5826681736305322,0.26551884520176766,3.0562228765014483,0.5474032534785478,0.7520030523964039,3.8288686768651337,5.328631160773991,-28.355991738466717,-232.9565293530545,21.247152289861937
2012-08-31,PU+,0.2113755164542466,0.35934611872146116,0.19774195493835617,0.26764840182648403,33.123918152504,237.046019517825,4.158883978179188,26.090478948864256,-1.960270451366054,-10.107467302277657,-25.526522656581612,-4.622244566485676,-2.702352662580415,-144.80172917718548,-0.3795797629920902,0.10390308337048278,1.3879724986096849,2.1171261028632498,0.6358259518507281,0.3327344558307271,4.706365557621241,0.4975099645579171,0.6413262547236922,3.8473848519019542,8.075495693866255,-28.25822061833116,-232.86585990878928,110.6492797952346
2012-09-30,PU+,0.23829600856285715,0.5182766666666667,0.2619753016285714,0.4546404761904762,40.10215707582413,254.22299633301404,13.590766570757843,11.987738380925775,36.62231621846478,28.128730789598478,52.983275870007795,19.11745010543278,6.99575227087927,118.41438697398736,-0.30794748869440597,0.31072579904953884,1.3014056483782361,2.498592149670819,0.6543409869534746,0.36655923145750124,6.522375717828059,0.5483150214651775,0.8962483793198084,3.515124701713505,11.933621566684298,-28.222927751765024,-232.81787492830588,680.1924125847441
2012-10-31,PU+,0.22618988667609757,0.39115691056910573,0.2730713231097561,0.4137967479674797,35.225947875393125,242.24810200860702,2.890372247449282,-5.213878130533021,-28.14004199229277,4.1482787151340155,-9.413203805655309,-12.964715869104179,-4.824940428066801,-154.80053343694374,0.09170647643685023,0.8400472013966389,1.1843900745848839,2.58758032894418,0.5818821106223608,0.354215952306013,7.686439449279696,0.909404171476356,1.8483096484512982,3.109359221187475,13.06582359750619,-28.357398875041042,-232.83557388434053,2178.6037071772157
2012-11-30,PU+,0.19952462132,0.44163066666666667,0.29605239914000003,0.47922533333333334,37.15184117823576,247.7463273348866,2.4849072416139566,-12.54372091750314,12.136515170910846,8.0803444903126,14.679600495852558,5.32303639987669,2.2442933128680185,-15.114996764183383,0.34188788263440323,0.9614864886839292,0.8214596549311584,2.025366823081426,0.37075849530006205,0.29414907210741237,7.164370461191972,1.22096358306581,2.1474149509060587,2.114483070248716,7.347157213445393,-28.697968861935756,-232.91865284208203,1292.5476357189305
2012-12-31,PU+,0.19066710972701756,0.41633684210526317,0.1803927687280702,0.30707368421052633,33.86570177409165,242.9777042798562,11.990897934258564,-4.540861740065381,-5.897928777935442,-49.539994060957945,-44.50831787878954,-9.26105754401484,-1.943566182673759,157.39125249651374,0.08096724094298689,0.7276764980990059,0.20929433837806696,1.1840182297825557,0.08282361465115694,0.19064379560510925,4.866003820625247,0.8976964852605794,1.602098084263557,1.0734744742839033,3.0357440009679664,-29.06045181766372,-233.05060842532484,129.80117032818845
2013-01-31,PU+,0.16389744017352115,0.44229765258215964,0.19931488954225351,0.5426136150234742,34.316850839463655,260.33300468071536,8.580732043843831,-15.128815904561657,6.048842834552257,9.974941145241909,56.930975959861975,1.3233756504875693,6.899191154441481,-33.46286268430578,-0.6301045389471067,0.07043052668054689,-0.4341119816476666,0.6172393150276912,-0.16041330351541244,0.11371746510971677,2.0096270305035726,0.3458972384108667,0.6048033573853744,0.48850637176566036,1.6220698710889725,-29.29501032534308,-233.14020126517897,7.460534276638984
2013-02-28,PU+,0.20527020203428575,0.4218652380952381,0.2067193363857143,0.4128804761904762,34.2262840936731,248.4752180673823,3.4657367213218606,22.50863025589216,-4.729715553307448,3.6476076759058005,-27.323934492371116,-0.26426220097635594,-4.661848426403507,-90.65940016276896,-1.4892488216180129,-1.374064397372333,-1.063761361748219,0.21391462990818147,-0.3165299653346427,0.15655588944669496,0.20376753069408307,0.03890312528749243,-0.21509040277532915,0.18582177892880503,1.0067835846437958,-29.4181288167601,-233.0911606613469,1.226013109908851
2013-03-31,PU+,0.19224917525962268,0.38671761006289307,0.21726552489622641,0.41472201257861635,33.5179569971438,244.71789431648986,2.772589342435273,-6.5534851525784115,-8.699118511260526,4.975821218390246,0.4450299394835604,-2.091256465914847,-1.5237019131325216,-22.31435638015315,-1.9658071796733418,-2.8110412643191207,-1.3443916848798207,-0.19749754677712208,-0.34671252793847807,0.23236659802076204,-0.4257135108327353,-0.046596087640727674,-0.40802433095795854,0.10136491281945603,0.58904882085348,-29.43979344880654,-232.9990546456341,0.653303479682819
2013-04-30,PU+,0.21838156070431375,0.2769843137254902,0.2103421966372549,0.44562352941176475,32.57496721791718,244.60578538428985,2.4849072484091317,12.74514928572597,-33.37338614826718,-3.2384510257955363,7.186604453203728,-2.8537208330577215,-0.04582199423912984,-10.954632995827932,-1.7871317129534792,-3.9876940144772446,-1.153771993552134,-0.6453583293966848,-0.27894410891520166,0.2813577494443696,0.4561802449289642,-0.019199142107354017,-0.4496242432493269,0.15611133374080538,0.2927412404403843,-29.39021980482456,-232.93570927197172,1.578034751895995
2013-05-31,PU+,0.2502575075416217,0.4589436936936937,0.20467009885135135,0.4382036036036036,33.285114135132176,249.65082553512883,4.852031137071348,13.624660661478627,50.496665541046596,-2.7336303336172008,-1.6790840327416,2.1566157419547345,2.041536830814698,66.9162074161424,-1.117568703810549,-4.73479232611702,-0.6074112128306586,-1.0126909825435528,-0.2068453585373305,0.2735902990572199,2.730239331961201,0.1404351536591693,-0.459382393760255,0.38542597762457076,0.13150685686533975,-29.333656606799966,-232.94596071535102,15.336557108995832
2013-06-30,PU+,0.262126876892973,0.41353153153153155,0.28639789801351356,0.42701711711711715,36.27454968989086,242.08926627605598,8.589700321940025,4.6338231582259795,-10.419376407268178,33.59826867508329,-2.5859551427450134,8.600611083375279,-3.0756716660546384,57.11664401058669,-0.3394193958439578,-5.041418816636438,-0.08320921785742418,-1.450076002730692,-0.2041038602767624,0.18247213717285354,5.1506227085365355,0.5255448106426848,-0.4617020968973127,0.7608252799664774,0.0028191274555004753,-29.3314243116194,-233.0604560731528,172.53889831631045
2013-07-31,PU+,0.24192285605725494,0.5192274509803921,0.22787908514705885,0.48507058823529414,34.724459589919064,248.77578020027772,9.601301405498422,-8.020975078020932,22.76082689084112,-22.856693574299143,12.747032374984995,-4.36720589526099,2.7245482614046055,11.13348038232469,0.11143759447241994,-4.8087128594831565,0.056999059536468735,-2.0294758007921163,-0.22853320994689627,0.015241447234383487,6.145912307081983,0.9312450907691882,-0.4600083127763428,0.8993214812687864,-0.10032894816103077,-29.35110212144195,-233.2452785927638,466.8053246637292
2013-08-31,PU+,0.16433287417454548,0.4833230303030303,0.20260353553636365,0.3514006060606061,32.81793682105673,241.82220197314632,7.677864167316393,-38.672480741273084,-7.165680577530013,-11.756411749481282,-32.23675226459186,-5.6469105733698655,-2.834925612447731,-22.355724709100024,0.35961172544374836,-4.135592637759086,0.08226796111190528,-2.7201855107227892,-0.2670106021017929,-0.21378235341916982,6.979717919743881,1.2461341083262725,-0.4521734825107804,0.9264133752483332,-0.16587079824679327,-29.381137039292597,-233.4531126624512,1074.6151965087174
2013-09-30,PU+,0.12112266035243247,0.324990990990991,0.2137759885,0.28853603603603606,32.95470033698787,236.253581990583,5.54517789836086,-30.509033725238933,-39.68877679870778,5.367764156844809,-19.710691403617474,0.4158681146040714,-2.3297025416352652,-32.54127023179941,0.24862251012650724,-3.4430591413986456,-0.06720537727236509,-3.3965796641044212,-0.3862536301165876,-0.4702784029147487,6.971999237474552,1.095619013405,-0.43619992186179257,0.7756698197190314,-0.198245720145158,-29.46720385579215,-233.6358084931642,1066.3525127831047
2013-10-31,PU+,0.1528626343088889,0.28829166666666667,0.23004341044444446,0.2879388888888889,33.849138814575184,237.45619618328422,12.306750660824708,23.27359490920072,-11.98247627669449,7.3339348124733235,-0.2071720156104721,2.6779656444548885,0.5077441217250398,79.72192430876441,-0.09910606206611551,-2.85671527711142,-0.2951265239500167,-3.77059951980815,-0.45267435589371835,-0.6585905426363519,5.920734981262814,0.7190077592548095,-0.4107094851070988,0.5851040588476458,-0.20869508607276255,-29.51087680785654,-233.74305645517987,372.6855301205118
2013-11-30,PU+,0.15332894035957972,0.02134950379451256,0.1703906392758319,0.4492599532983071,34.77555696094438,351.6829188756665,40.49062920783352,0.30458474351969095,-260.2944201221141,-30.017435311762398,44.485341452238494,2.7001196001054573,39.27468016454431,119.09226237188635,-0.26401612475804737,-2.348839928439019,-0.43689531712694174,-3.5923673226439647,-0.3144840484253761,-0.6908475716422815,4.42618297820042,0.5813222674490315,-0.37268680520112496,0.4867057235955419,-0.20420025979010964,-29.416636485915475,-233.75948565568973,83.61165951096406
2013-12-31,PU+,0.2524998570520755,0.38828553459119497,0.263108824254717,0.31237295597484277,39.89664841314408,240.54265047482968,16.33210258395059,49.882513200907134,290.07124849365266,43.4474047971414,-36.34038351487294,13.737756688514418,-37.98325563120388,-90.7937915155826,-0.15411336143467264,-2.0181339082710643,-0.5089806417292626,-3.12411682278644,0.06967991389964505,-0.47004224362403274,2.9054729517109643,0.6705359560133647,-0.33526342320366853,0.4417746775379656,-0.18775757847082253,-29.07463705182817,-233.63566091673331,18.27388427358294
2014-01-31,PU+,0.23594858495636367,0.3498957575757576,0.20619382155454546,0.3134551515151515,32.887091418813384,241.25992266651045,13.020517399729034,-6.779676164865577,-10.410570824242829,-24.375111925950392,0.345844683555104,-19.32120980091013,0.2977454922679827,-22.660627976705495,0.16307193558314093,-1.68989146080189,-0.6003183648362621,-2.5249126915850333,0.853410682740873,0.2561403579321428,1.3349815847857245,0.9904824746346134,-0.2836271139855784,0.3893036080771338,-0.151668030477077,-27.799161724237837,-232.9687027348068,3.799925969323994
2014-02-28,PU+,0.18892644243515155,0.3122060606060606,0.22337574628787882,0.3105,32.60307391372437,236.85993678321285,4.836282346886075,-22.225617509680152,-11.397185415544698,8.003870666728414,-0.9472391097822888,-0.8673646928469583,-1.8405887198993043,-99.03800594000431,0.5713329512582584,-0.9505478595053642,-0.6298615412195139,-1.7948188166914694,1.5506903140212385,0.9360229300178339,-0.11943133948839554,1.583986747895337,-0.08163746492841079,0.3733322146235116,-0.06557577873811621,-25.432078293693806,-231.71081637122754,0.8874249367774896
2014-03-31,PU+,0.17825011392,0.2697333333333333,0.1952269817631579,0.30483333333333335,32.57800992042908,238.67492895610886,7.336937690081788,-5.8170047442817525,-14.622960384289572,-13.469242376590323,-1.8418722210722729,-0.07690573109953884,0.7633513826355424,41.67752317017578,0.9859977918404329,0.05604275613665335,-0.5784130134796099,-1.0268556613938022,1.8787728518556255,1.2619384152045248,-1.0261307853632844,2.4938462277924365,0.5894762368277389,0.40145428965840824,0.1263979446956791,-23.601334319777475,-230.72837493764868,0.3583909729201641
2014-04-30,PU+,0.19486021509741938,0.27822956989247316,0.2217661291935484,0.2820188172043011,34.338215897066135,238.0206069607197,3.4657367665663035,8.909475745620174,3.101274726749877,12.746046380707753,-7.779138277606277,5.262138159621024,-0.27452424326326647,-74.99963060522903,1.3105203072978417,1.2432697420395233,-0.4746954456486071,-0.4546228055760396,1.775167774618026,1.1820451265941525,-1.712426805176375,3.5214636742738374,2.998764255213635,0.4627411496089229,0.4029539899896164,-24.245530856278098,-230.99960016267192,0.1804273987387921
2014-05-31,PU+,0.18403580337967745,0.25074327956989245,0.1690915724354839,0.1178744623655914,32.10324246102202,217.88856433216185,14.835081407564191,-5.715213358752842,-10.40169387265771,-27.1182937572657,-87.23536164989562,-6.730186376324776,-8.8373494484387,145.40695001787904,1.4784258435557602,2.287085443869337,-0.3425052931033353,-0.20325643971120472,1.3525535496252903,0.7813176335791332,-1.6571028508998658,4.199397048181666,9.378031855637833,0.5506560278285488,0.5843356087732582,-26.27951374773532,-232.07628824208314,0.19069063981097584
2014-06-30,PU+,0.18304874214641512,0.2725930817610063,0.18766142578301886,0.4165069182389937,32.1796037227175,245.55208235814735,6.643790507001268,-0.5377854361983587,8.355051505427172,10.419899561904618,126.22828919989063,0.23757908103474407,11.952531352521838,-80.33120811633549,1.434985944529588,3.053166494214834,-0.285633867359704,-0.08850176599076603,0.7261939456174935,0.21751536543411046,-1.610076646700518,4.012947092296593,20.71414534211412,0.5922043945727096,0.6835681609872498,-28.079604244213275,-233.01765225485497,0.19987229393617775
2014-07-31,PU+,0.20286363642000002,0.32478030303030303,0.18452272745454545,0.2864606060606061,31.351405768878614,237.13630318593664,2.772589380109268,10.27815436455189,17.516882284835575,-1.6866772596249067,-37.430204584704704,-2.607371990566462,-3.4873978087084505,-87.3900982283732,1.064692903888955,3.3930631050774647,-0.45410559287031976,0.05172351484368187,0.03209664720464624,-0.34415313481490034,-2.3820554462195216,2.713309395541053,29.288794847008315,0.47568234307764956,0.8213512066816402,-29.114184692999043,-233.55181640855164,0.09236054014838047
2014-08-31,PU+,0.441626767696,0.9621530666666667,0.413687878964,0.7256357333333334,65.11256981808788,301.1982917613292,10.399160842816059,77.79310968306844,108.60245878986655,80.73391340126473,92.94471181492166,73.0858508153162,23.91337297209007,132.19434368866365,0.7574704478385963,3.3392284923184725,-0.6134499212319743,0.4575490404192665,-0.5326219052113151,-0.7446443956810987,-2.7776533261714094,1.9462352856005962,27.729197161915533,0.38214624762887395,1.3484629043931455,-29.559738268434064,-233.78573363568586,0.06218426247193053
2014-09-30,PU+,0.2083096784302041,0.26253197278911566,0.17958173594897958,0.15982108843537415,31.391444202286614,229.40542849598216,9.28730218200928,-75.14392972927621,-129.88006752517757,-83.44813161795656,-151.29931518829721,-72.95822371880662,-27.2277956162914,-11.307700426394293,0.7383798033457183,2.8874653816324396,-0.7901402302463958,0.9026226551043046,-0.9231336611451035,-0.9574219370439252,-2.349928752077833,1.9059035473354422,17.479594510195962,0.2944478234769998,2.2343289348458777,-29.7495298209545,-233.8767555017468,0.09537595731226166
2014-10-31,PU+,0.17792404654218652,0.10304078242229364,0.1895327106398714,0.3960563236870311,50.40829277447266,345.60547094074343,26.649032738195242,-15.766905667821533,-93.52480200046446,5.393116737736059,90.75014403675465,47.362032256703415,40.98069987693464,105.4104744513966,0.8881509264724708,2.242197757807572,-1.0326041736617881,1.1736679779372055,-1.1951307717906563,-1.0338040438393843,-1.7207482314261155,2.243992188973808,8.945831590130135,0.19674512845590975,3.002099204076507,-29.84413762142495,-233.90498531296578,0.17893221510488835
2014-11-30,PU+,0.20489446763428573,0.33741309523809526,0.20045597571428572,0.37607083333333335,33.19564132717207,243.63324336067367,6.040255634437629,14.113830015112407,118.61831258527991,5.603302499975514,-5.177892050123771,-41.77371187406547,-34.963387355015044,-148.43065203176243,0.993253494853587,2.1043716355701756,-1.161754370512851,1.3003773034855686,-1.4183674455333444,-1.1377759977106487,-1.3375709763791932,2.513365760060922,7.733780911240585,0.15360335861505947,3.438948033917761,-29.904693042574607,-233.94010569163095,0.26248247098525246
2014-12-31,PU+,0.1982892514064865,0.28814414414414413,0.2056600390135135,0.2851594594594595,36.58487923320202,237.9116599930513,24.126978412620197,-3.2768224201957312,-15.78471261362268,2.562985936038422,-27.67289814938694,9.721643736076262,-2.3764565254165078,138.48843159699194,0.8860862170883874,2.19639824228583,-1.1413675970614834,1.3850371649770696,-1.3838522573352425,-1.0209795307115859,-1.0746353377595304,2.238978819534509,8.524399389766904,0.1600486037077986,3.763241041855381,-29.896190721019916,-233.9003948839227,0.3414222364005079
2015-01-31,PU+,0.19640233972,0.4502309523809524,0.1753274584142857,0.3289061904761905,31.56622940409344,242.41686911515475,2.7725899332576662,-0.9561521473638545,44.629982319355015,-15.956909313474393,14.272404409750164,-14.754715994546231,1.8759415564321085,-216.35487732829094,0.6585175183681623,2.614977514010664,-0.9641681581255024,1.499888020894868,-0.4727453996409413,0.08796274188228496,-0.9958340720806723,1.7452872764312732,13.198742393800572,0.22196691586765688,4.249453909570772,-29.52351325254186,-233.16868934584872,0.36941519710955434
2015-02-28,PU+,0.20419615802416669,0.358390625,0.20394237028125,0.32609479166666666,36.26326905570748,244.21890439057884,17.58135275270766,3.8915781900518733,-22.813715578685347,15.118203894727467,-0.8584463691469133,13.871749784646001,0.7406128404199908,184.7056960366802,0.42369291408022575,3.2307054452118362,-0.6508904956618148,1.5869990907906073,0.40789905192994114,1.1382610912981383,-0.8913720178179935,1.340953530706134,24.829330008990553,0.3622477706867039,4.657321947851153,-28.643146630655682,-231.13930085811805,0.41009271208174775
2015-03-31,PU+,0.25661660725333335,0.4663392156862745,0.2403241237745098,0.31532745098039217,35.6655171419734,239.7892515777837,5.192957773942679,22.850207969762156,26.32897771353252,16.415107263034447,-3.357648527081362,-1.6621041629275375,-1.83045530929105,-121.95354041998606,0.228545458607975,3.6041667555087593,-0.28046252270653904,1.5440191721336867,0.7141498637551734,1.4851255512533066,-0.6390841561874158,1.0701317659578833,36.28288182027418,0.5961009216429772,4.451642454712321,-28.10435240949848,-229.84511703119512,0.5277755627530598
2015-04-30,PU+,0.20398931625333336,0.3435948717948718,0.16065811983333333,0.3207153846153846,30.19846866005716,237.73093678321285,1.0986130097571605,-22.951554931656734,-30.54500348987606,-40.27099000335465,1.6942451719297695,-16.63930991355366,-0.8620902707562019,-155.32549495074232,0.1255539538420456,3.524313195759259,0.04293487476851259,1.3926673713786653,0.4270959868404794,1.1171515396030745,-0.32474465220941245,0.9471374499798392,33.462295360037686,0.8845365768673286,3.793840111057544,-28.614002209785838,-231.2045002738429,0.7227118729627616
2015-05-31,PU+,0.19253520732540544,0.3758765765765766,0.17690382606756758,0.35562342342342346,33.73234220482442,252.34133968556858,26.802409234773883,-5.778858896413939,8.979757064601882,9.63276014428031,10.331829408216556,11.066586999913268,5.964317709838171,319.44432963162313,0.14420682284063743,3.175910746572336,0.30081093184499524,1.3560590119599927,-0.12013627405236972,0.37509720417025705,0.2997687216733568,0.9684841007190296,23.48045439706553,1.1916205615299467,3.6491353341925326,-29.260002412347088,-232.8055039304874,1.3495466505887466
2015-06-30,PU+,0.2515081699592157,0.4082941176470588,0.15753594787254901,0.36389607843137256,31.834213089725402,242.12432925620294,5.950643534783094,26.719644173800628,8.272695556624027,-11.595255666881686,2.299595644426767,-5.79154917105576,-4.133134204942473,-150.49924094808725,0.20548445898493195,2.6609286095431646,0.4500533579607735,1.2232671945111508,-0.5650287630866795,-0.36202637437355895,1.6864863210079284,1.0414810056637713,13.841404268365373,1.4090625361628313,3.166539099533437,-29.578458193856683,-233.56437277914017,5.400471804773465
2015-07-31,PU+,0.26268506488202537,0.4027033755274262,0.1303564033227848,0.24586118143459917,28.07734696679078,236.64431250967954,2.8903733095062343,4.348036876443789,-1.3787541222633977,-18.938140943846502,-39.21012545172321,-12.557850130881876,-2.289312876392649,-72.21137041936072,0.21073912017173296,1.92576207373229,0.37920830365950103,0.779368392644527,-0.75870925949398,-0.8220601790014977,3.9631088156192553,1.0479513444376356,6.392208119053129,1.3017940287227199,1.9483615332696458,-29.67853154031022,-233.8211115627243,52.62065985931137
2015-08-31,PU+,0.23199209009857147,0.47232738095238097,0.22009297069642858,0.40493511904761903,35.87271428463788,248.0172458904101,8.738736582316793,-12.425256602153349,15.947209880560806,52.377778791434935,49.895978084869256,24.501386527547456,4.694006090616123,110.63799567974783,0.08510478236848634,1.0023746161792921,0.12242582686984628,0.043273481893833676,-0.7014508529620361,-0.931036254299234,6.296556466280905,0.9021922621081676,2.2565777077985145,0.9709019503760377,0.8124900986726491,-29.650936639127675,-233.86649171905262,542.6998834343186
2015-09-30,PU+,0.19896726521629632,0.4303314814814815,0.2307970446851852,0.39011111111111113,34.07436656376381,241.91032040114516,7.560081565628551,-15.356296188941887,-9.311654999339309,4.748867873574484,-3.729525555853233,-5.143157079134521,-2.493120300653905,-14.488364418170832,-0.03056669949794755,0.3816985141659738,-0.012502747949929487,-0.5675332167720964,-0.4840533296792526,-0.844340588975908,8.21947842649367,0.7832568494309058,0.99660374436137,0.8282417531832629,0.33518885606566884,-29.53052165805385,-233.8307960767334,3712.56550163616
2015-10-31,PU+,0.2404904339708475,0.49629717514124294,0.23363300387288138,0.4255333333333333,38.918796748069695,254.26928985623027,16.764906879328542,18.95399983727999,14.261909186713915,1.2212794781818643,8.691168532163427,13.293195287033507,4.982682107039379,79.64058461962995,-0.11830978038074479,-0.058229760823758164,0.055335806568159535,-1.1337839021790268,-0.44753995918410594,-0.9761192314166555,9.737952596538292,0.7017819057300317,0.47526649188661935,0.8975621340310549,0.09007990651340875,-29.507603319174642,-233.88386635901958,16948.804791359675
2015-11-30,PU+,0.23736041550139536,0.5769806201550388,0.2424653436627907,0.5619426356589148,34.437508170598505,252.57476507431392,6.866934189882778,-1.3100586673280405,15.063378795098167,3.7107262756907775,27.805648874887464,-12.233101663693288,-0.6686597500856722,-89.25700793736617,-0.15860488971694517,-0.7447292886001189,0.14385869182117403,-1.9088508772683028,-0.4769636821978462,-1.0569391417364984,10.916406267325868,0.6666945642722801,0.006696166657095215,0.9953875919846036,-0.08348268639323486,-29.526136922981824,-233.91311889614883,55072.52694874279
2015-12-31,PU+,0.2066347632007018,0.37370701754385965,0.21500172242982457,0.32126315789473686,33.74014705514841,237.92973779850848,13.150135391882186,-13.862692064747733,-43.43365638266829,-12.02127480366985,-55.913917910486944,-2.0457888582555372,-5.973189343920998,64.97143084712097,-0.044953216149243115,-1.6668109544812848,0.03468756191360697,-2.900729356784447,-1.8137449779238892,-2.4287203840264664,11.881665805313926,0.7694033192028398,-0.27931831431106946,0.8759628588016446,-0.17675023020422145,-29.98375959120204,-234.172487225186,144591.21098850586
2016-01-31,PU+,0.2539022151047826,0.4182840579710145,0.23673129407608695,0.3610007246376812,37.94288665669391,246.9373941885803,10.88271751519661,20.599640714732185,11.26886513849128,9.627967825330149,11.661937183960978,11.739361080696794,3.7159428925107574,-18.925607267399823,0.07869161046415887,-3.1614154226977926,-0.2551153388575022,-4.194181761534535,-6.170410302630199,-7.337486363403507,12.83803788905164,0.8952317441174938,-0.42580093346477615,0.6154937916317256,-0.2166502543636444,-30.144711614920272,-234.25998609916257,376260.83390088927
2016-02-29,PU+,0.2240637826819048,0.4778404761904762,0.20777439091666666,0.3709678571428572,35.435990862000956,249.14909106215532,16.85535188779322,-12.501845755354402,13.311617872221248,-13.04728856718932,2.7235454787691014,-6.835405171984599,0.8916636888874547,43.7492243964199,0.02105142695712757,-4.842150109490386,-0.7107416718056081,-5.490902756298919,-10.809083464367067,-12.62276183516444,12.875634903746079,0.8346356824106483,-0.46027659538308263,0.3319463605089929,-0.22760921391488084,-30.14678177801288,-234.26063348708394,390676.4113021476
2016-03-31,PU+,0.16845707070421057,0.4163887719298246,0.18987958553684212,0.32713543859649125,38.338806698340086,254.06362887799244,16.278617429146816,-28.52498113753608,-13.765757322003152,-9.006272106138436,-12.574114996858764,7.873461826108409,1.9533266474816635,-3.4815793353070292,-0.31543628055068856,-6.198226006225567,-1.3441838733393645,-6.6044800196856155,-13.849079855636107,-16.065107200394106,12.325258550442797,0.5428316621012743,-0.4661336326378035,0.10141909455321768,-0.23037904614005184,-30.146801026069262,-234.2606366777711,225315.86709096612
2016-04-30,PU+,0.16771235757306124,0.3195982993197279,0.13445442118367348,0.2170700680272109,28.144375813625572,237.55073637190694,27.241461889528573,-0.44305893798815527,-26.4554479150966,-34.51648452644628,-41.015407490058564,-30.911507179007998,-6.720351555165373,51.48877143892327,-0.7180107797919945,-6.818389133937607,-1.8939717376436846,-7.145692732212257,-14.722987197538398,-17.0763646938406,11.837319957418535,0.3010825881413195,-0.46707318571099543,-0.00886035227341056,-0.23094508134116545,-30.14680158951594,-234.2606367448572,138319.2858641712
2016-05-31,PU+,0.24213995965021584,0.30241199040767386,0.19478325684172662,0.18985275779376498,40.1222546813591,223.08955780929037,59.94649141014389,36.72655499578052,-5.5274598262182035,37.06621713573517,-13.397138281161562,35.45836188058885,-6.280793212424436,78.87122076344377,-0.94916169643885,-6.7138876947610555,-2.193389769869494,-7.149683674201665,-13.701947657022796,-15.939535849707106,10.695330985234548,0.200426476841367,-0.46695273113857194,-0.04779531463901683,-0.23094822093999362,-30.146800872794806,-234.2606366636634,44149.23970833426
2016-06-30,PU+,0.2932676498453731,0.523047263681592,0.19789528567910447,0.31573333333333337,31.894531802766394,238.13226591480458,16.23119727354493,19.156976810707636,54.78815359715304,1.585059358211243,50.864916271726734,-22.949658169724906,6.525296307893163,-130.65172065216913,-0.9513671518641292,-5.9909906267734865,-2.0974989408587725,-6.539910154865658,-11.268904672396124,-13.167531416354569,8.770362303427929,0.19957376208833605,-0.46566548158503546,-0.03657025115757813,-0.23028871504821932,-30.146789229348467,-234.26063487153914,6440.505458917211
2016-07-31,PU+,0.19860184733509437,0.22038364779874214,0.19078600033962265,0.31405880503144656,34.66143368435632,245.49194742671423,36.916095024731554,-38.97836193926151,-86.43019490742051,-3.6585647751948405,-0.5317729917346371,8.319306941007905,3.043788754726893,82.17124875093596,-0.8140564233464572,-4.834535593467062,-1.6443058010753693,-5.451880619195117,-7.940277558245155,-9.351323226853157,6.434072507422537,0.25641829968764424,-0.4602162869906524,0.03381326492560632,-0.22744510076297914,-30.146445885433177,-234.26054993279263,622.7047608985303
2016-08-31,PU+,0.20331649837333335,0.22941466666666666,0.18951851867333333,0.12808933333333333,32.50801813102025,222.26621966266742,15.80325952990551,2.346181683051706,4.016125631850859,-0.6665639222511337,-89.68523083885819,-6.4140877035094235,-9.938829490003853,-84.84314173626198,-0.5985475244202486,-3.5560991465738914,-1.0422447073891634,-4.335939362396705,-4.356004279550585,-5.214802667772924,3.820928958369088,0.36297046186364557,-0.4396166896121147,0.1933288359345825,-0.21864376088942378,-30.133972444398307,-234.2552012772417,45.64659241531566
2016-09-30,PU+,0.3098861560225641,0.343522792022792,0.12978809986182338,0.20806666666666668,18.189749133683755,222.78996928765332,73.52200792430878,42.14411212073643,40.37223242295586,-37.858362412204706,48.513060401286616,-58.062856963737595,0.23536347983443717,153.7368570823685,-0.4039160583485196,-2.5384212239513264,-0.5112543148688012,-3.2976590077395747,-1.5097889927289792,-1.8217545964637005,1.3967795428441794,0.4810612778513125,-0.3891756561526274,0.44040950696325465,-0.19476372157936472,-29.92584539656794,-234.09889507282745,4.04216137547458
2016-10-31,PU+,0.18067160831336854,0.0388394624466214,0.1374971533681236,0.06242067319768904,0.0010000000000012221,0.0010000000000047748,172.78411258917805,-53.95239267081927,-217.98166586566498,5.770009461943707,-120.39620194163099,-980.8613479974598,-1231.398476486644,85.44581221673427,-0.3861578447549341,-1.9206492122288292,-0.19873669855206025,-2.357122551802306,-0.4551205742123063,-0.43418865043512217,-0.7910400287071602,0.493024347016068,-0.321654852679952,0.6604323769177277,-0.13704102957483622,-29.512430518561256,-233.61284674512785,0.4533730290344116
2016-11-30,PU+,0.19532606120118814,0.16304171617161717,0.16423412714752475,0.17945333333333335,34.93996513750552,210.1413146825796,19.8947695567194,7.798920618493331,143.45692923690828,17.768980020865957,105.60186709451457,1046.1386585904575,1225.5535510440843,-216.1586050271108,-0.6166720887547114,-1.6419653077772243,-0.13662156940777462,-1.3732218709397535,-0.2035215557154006,-0.022216918172811337,-2.8574406776191217,0.3530987621906134,-0.27456748048918855,0.7129669352863672,0.021556243848215417,-29.33094937521087,-233.28260872323284,0.05741551720439266
2016-12-31,PU+,0.15894441835298972,0.23035532646048112,0.14114630852061855,0.08284570446735395,30.09527733799801,221.5879003926478,16.81872752811038,-20.611569987104446,34.56169189545737,-15.149601284880898,-77.29352972739024,-14.9263046548609,5.303912080274288,-16.796386146624627,-1.0180247899914932,-1.077028826877747,-0.03567688354730214,-0.13376657088768248,1.0526782097697696,1.4253965268384323,-4.599016667564609,0.1746690058736795,-0.12756064348531204,0.8056187014945762,0.6430609098821117,-27.281487228004707,-230.10112991131126,0.01006172490212431
2017-01-31,PU+,0.21490911222708664,0.5469422572178477,0.2268189673976378,0.4047695538057743,48.90841316618301,269.77818005373325,50.53135461803534,30.166063392364894,86.47202197260799,47.435519738292186,158.6338006790719,48.558116969535064,19.678071371405494,110.01010277674203,-1.4593898319232603,0.02750239931296693,0.14686433257816522,1.4580980705733069,4.181849737938381,4.969574931695511,-5.46885705138692,0.04573913221102663,0.5597174146532322,0.9988634892937653,4.066044346989896,35.340072814126906,-90.29495766734269,0.004216048131632295
2017-02-28,PU+,0.20654086711402986,0.36130696517412936,0.2145586948283582,0.2836915422885572,34.023301961005785,239.23457303930903,12.81757749274022,-3.9716908402389004,-41.46153181184489,-5.556886235767944,-35.54303730096266,-36.290378840624236,-12.015551823062708,-137.17765566263805,-1.6355028342653852,1.4171087393494848,0.44974553784030763,3.228518196104722,8.103840791893646,9.333383139695487,-5.14129640488987,0.008215478288747524,3.657009555294086,1.4085798266549545,25.01049188356739,3276.9989701811564,11075.06723650901,0.005850100696030368
2017-03-31,PU+,0.24596036452869569,0.3932688405797101,0.21255577530434783,0.23599637681159422,32.45884129208489,235.63031517338428,9.21830968472156,17.467210662848707,8.476553466171364,-0.9378910554953317,-18.407107679008092,-4.707277670021746,-1.5180432036772333,-32.96257811258057,-1.3214331861838557,2.789638291336163,0.9918498625597212,5.056899174743896,11.722066585521938,13.331042182178571,-4.480838414864695,0.08011383264181315,15.806965214123563,2.5368841602704846,156.8708791800616,123231.74661011236,615790.3426868928,0.011323915034849596
2017-04-30,PU+,0.20809544163794874,0.27968717948717947,0.15627065544871796,0.23394615384615386,29.911833018732786,235.95096767917073,16.731715630358295,-16.717357466052277,-34.08216882191845,-30.761495119384364,-0.8725475305161672,-8.1718709722041,0.135990365547634,59.6114368493453,-0.729164609818014,3.8271149525779617,1.6489694942878692,6.516468315307986,14.31460318617474,16.193962676717415,-4.085731671251265,0.29567285141251115,45.46167047687718,5.042283435030881,675.9543540179194,1647195.799238597,10787956.834031083,0.016810834810545246
2017-05-31,PU+,0.18280927086512197,0.19594471544715447,0.16971090055487806,0.09105406504065042,31.90604474017486,206.4544505470802,33.70421640187606,-12.95534548622059,-35.58392071030491,8.250692969154857,-94.36375256868757,6.454132688549569,-13.354420976277778,70.03168874350588,-0.19194490333453798,4.208994855940469,2.1561740467761696,7.189444386847422,15.281602172914509,17.322943940684517,-3.6620443633722193,0.6387134524808105,66.82070413183901,8.478692340727065,1325.1348765412572,4332239.683736604,33362294.697678838,0.025679959856751255
2017-06-30,PU+,0.1999196600109091,0.16430964187327823,0.19158954378099174,0.35118209366391184,34.81954366191913,254.31893469976004,27.640287915767825,8.947221227315165,-17.60798475160639,12.125888643660678,134.98514228880538,8.738334649549685,20.850931817001523,-19.83485298352983,0.2669577048423258,3.807890696385447,2.383928664047921,7.0886132077113855,14.219887380802085,16.224842311043393,-2.880813992452813,1.1193463193922066,44.58713658597239,10.688101856759658,1198.0131976864368,1498338.313243955,11126289.134579614,0.05608908815279117
2017-07-31,PU+,0.18051241992000003,0.4768974358974359,0.18461712092307692,0.24599102564102565,31.60588398888336,236.1909190469033,11.836747228904178,-10.211600207274858,106.55487408037018,-3.7071227049215643,-35.6009820177663,-9.68355231836466,-7.39486707848305,-84.8065551056457,0.6744786803811391,2.9528841839765794,2.297702153462768,6.49785778113237,11.018189538007062,12.728043209216006,-1.9305650208662024,1.776370464967704,18.692971690221558,9.791956292875515,663.4865458671309,60943.043177298736,336834.8314049729,0.1450662098876038
2017-08-31,PU+,0.1404141415109091,0.2335939393939394,0.12194696986363637,0.36820606060606065,29.382064257872774,236.38995743203614,4.564348734062403,-25.120337429513572,-71.37171424432289,-41.469778684370056,40.33476746231496,-7.295887651250254,0.0842346386865071,-95.29330256001715,0.9148265142738513,1.9402328065924421,1.9411503170151698,5.849338002174745,6.258424563149967,7.4433054236927765,-0.8817478685541329,2.3097032456882016,6.492204535664724,6.807427012560354,346.7728548100758,492.24848869024817,1474.1272075250172,0.4140585588946015
2017-09-30,PU+,0.17258493595846155,0.4580724358974359,0.2745128207307692,0.3889198717948718,35.986528492562,242.99946437212873,22.935157378796195,20.629328812722388,67.34430223477378,81.14116886310545,5.473060854142643,20.276023095593512,2.7576435730569266,161.43951511516775,0.9342922993110887,1.1056089727300933,1.5731308116498501,5.222716064575684,2.0106185145281823,2.552356224430651,0.016901338885250798,2.3587725418232455,2.552896987457449,4.66238715237931,185.20542667189184,-22.67886704765167,-221.42332101059435,1.0170449745841696
2017-10-31,PU+,0.16514454388875002,0.2743979166666667,0.204627338,0.41114270833333333,34.367055295400235,248.26295354424556,43.26853625595832,-4.406838367482449,-51.24480250897242,-29.380750421273845,5.556703915332766,-4.604624928724629,2.142924188879981,63.475473554039986,0.9462417576632842,1.0731801643487238,1.361436011419641,4.9208783622486205,0.9609748752005104,1.2609971992161166,0.9246130786701413,2.3893712848090423,2.456498977164727,3.7424589655195435,136.89127064214276,-27.53255820005324,-230.73169799487036,2.52089268448485
2017-11-30,PU+,0.26440167689612737,0.342658709106985,0.17790227892175067,0.3141070733863838,49.88488878120096,294.2281017144327,108.48603472496113,47.06483362431285,22.215563112665752,-13.995605668726387,-26.920645062332987,37.26197162637137,16.98668416924115,91.91957269692344,1.119613059290564,1.6803064753694967,1.3551099105862003,4.869585946254945,1.1695297029522287,1.3434913545344034,2.2111453071759892,2.877029626923427,4.899033967215553,3.717853743619629,130.03523486902574,-26.926324291891294,-230.42823633965153,9.126162669395283
2017-12-31,PU+,0.2666398358575,0.35970104166666667,0.2765738638125,0.5673864583333333,35.09312700266833,245.8151771447892,11.533316917515362,0.8429368176170479,4.853831200225745,44.12435191319989,59.130673008932014,-35.17128274507675,-17.977538155322097,-224.1381482426309,1.4660592324678232,2.4005814421434484,1.5354541488343036,4.940126250721137,1.4220490233722798,1.3709851974698215,3.440575651217665,4.145490654238446,10.561420916968487,4.484100527744875,139.55616343543312,-26.001195805551475,-230.32140707971365,31.204916147024576
2018-01-31,PU+,0.22828150553904764,0.3628952380952381,0.2270341511984127,0.33901111111111115,37.41703136992772,246.4160017093846,18.588499100941785,-15.531927761446113,0.8840945693992993,-19.73774718760716,-51.50077729344663,6.412068557884715,0.244123041691009,47.73030915115242,1.9263772767821046,2.8800707397985974,1.737286158444475,4.6984113138419925,1.6195732182457963,1.439680240681625,3.7430654798588865,6.677957718796572,17.347366735615843,5.522569363154066,109.54090624349394,-25.095867783116535,-230.04129035728212,42.227238709137566
2018-02-28,PU+,0.1801634512116667,0.29862083333333334,0.237067364,0.2767729166666667,34.69075687499529,239.56269486366207,10.287934413757087,-23.671503965079093,-19.493953961394396,4.324388506101813,-20.283550843818894,-7.565270599638355,-2.820601499794112,-59.157126911793014,2.320824172304821,2.971714925097401,1.866415219620703,3.947525131643728,1.3947886930864826,1.1413968455715715,3.3678894398580006,9.997425383013116,19.057208790424717,6.305745587802553,51.57525922578764,-26.112679948372325,-231.1294977536215,29.01721979668927
2018-03-31,PU+,0.263072170865946,0.3844423423423423,0.22054599706756758,0.3893711711711712,32.07469390783352,240.70900035217554,16.116014339040213,37.85639073339961,25.261917009573114,-7.22380604213185,34.13356816810041,-7.840591154844022,0.47735799410053587,44.884166461677594,2.497877628891158,2.6977543801596755,1.847870931663897,2.902250729727795,0.7335398582699505,0.37877141404639897,2.830251141044469,11.970026716939921,14.378188327176826,6.186960102823336,17.98336319307571,-28.064362877780024,-232.80014763293386,16.949717059706803
2018-04-30,PU+,0.23138608765770494,0.32280109289617487,0.22712632979508196,0.5109841530054645,37.84385524218426,257.88868740473606,21.623701713712364,-12.834071800178526,-17.475750073901537,2.940010498999158,27.180552176673107,16.540125427315562,6.893931115895301,29.397655758745906,2.486271940218403,2.227866336931286,1.720545778536943,1.982848240643357,-0.1401716560574816,-0.6140328990570965,2.2114865185164474,11.82975578544418,8.811877785875682,5.428243878445645,7.031668132964255,-29.277592975458145,-233.71947278067591,9.129277150910937
2018-05-31,PU+,0.19516264342000003,0.23301282051282052,0.18340606892307693,0.38319294871794873,30.035871557691685,242.10462179855872,40.522018161867635,-17.025441072816648,-32.59428463538164,-21.380373114475475,-28.779993311363178,-23.107623576580536,-6.315809344078649,62.80554700460031,2.3422808616891917,1.9302746021453676,1.5365510674771632,1.5908064999957678,-0.8993243255071154,-1.4485782145285515,1.4896024182789172,10.218302862425638,6.423235708987645,4.4891967914965205,4.67597206371478,-29.73995753174014,-234.02573274929014,4.435331761572701
2018-06-30,PU+,0.2685621415661539,0.4319989743589744,0.21582845873076922,0.47780871794871793,33.423721920120514,252.25919569354602,24.813405354368353,31.924904715369312,61.73297383601227,16.278126916086343,22.067183586780033,10.687349906322968,4.108715903698082,-49.04614390863402,1.9960273307944152,2.054511131152219,1.2317822192408558,1.5100930078912118,-1.2671942280377857,-1.7729093109066556,0.6631929879888692,7.1731211646661,7.33485561887045,3.267999020560893,4.295418502245958,-29.865181315350434,-234.09079862585128,1.9409799763629583
2018-07-31,PU+,0.23950141152465118,0.3891434108527132,0.22738923512790699,0.42772519379844964,40.07823961962558,258.5721664793261,36.40811380344095,-11.45230164311317,-10.447527296306792,5.217932164915097,-11.072956194416278,18.1567649133015,2.4717715736626764,38.340761087539896,1.5337939996877066,2.3084549936719365,0.9465065455162172,1.6328150650834208,-0.9244065307762719,-1.2938199060757245,0.10277050095710484,4.449092574896153,9.590704956363558,2.4173590267454426,4.886529366764384,-29.75003517494457,-233.98641550288275,1.1082370405483501
2018-08-31,PU+,0.23082349103320757,0.49910251572327047,0.24475006823584905,0.5345861635220126,37.81891090532757,255.92277764785618,22.144699907269107,-3.690600010364916,24.88635758731529,7.3574318940235095,22.301200264137794,-5.802426812229365,-1.0299079826890571,-49.71934704708172,1.1190782632287413,2.585984756963629,0.8622384245239579,1.8497861311208343,0.16983803710358739,-0.04060324333457163,0.14930584146987372,2.87539162710339,12.808189972717472,2.2091230418372696,6.1267261672338815,-28.96168910159804,-233.3004267591039,1.1610280254317806
2018-09-30,PU+,0.2146519177707463,0.4150636815920398,0.26200937151492537,0.45383631840796024,44.574202614833226,263.3980763710772,42.0733708802523,-7.263558132208478,-18.437955890445338,6.814271205359443,-16.375632055027168,16.434600894706247,2.879073705038735,64.18168338838484,0.8141209559601388,2.7046895901485826,0.8140281251757363,2.020108505171335,1.3600336892789986,1.28652218851782,0.5133681480202212,2.0705517411175527,14.481508777019068,2.097647769486251,7.307409591944452,-26.25047742910772,-230.6404624301121,1.6709095986834874
2018-10-31,PU+,0.28264018631759036,0.4999678714859438,0.23689950511445784,0.5320634538152611,37.153228042432225,268.14103743676986,25.87791579986219,27.515693321630046,18.611188125162517,-10.074425010586271,15.902615542493884,-18.210461545720914,1.7846614966096657,-48.60250867495539,0.6735258949468583,2.35856734161534,0.8412551803807355,2.028731972464558,1.6926735117167193,1.5561453458047354,0.6545479246240186,1.7745010289750778,10.107622434195717,2.1599429271209702,7.3727042730212,-24.71281285717423,-229.52012383959718,1.924272404542114
2018-11-30,PU+,0.31200545782322586,0.42896021505376347,0.27717302066129035,0.3777978494623656,35.9658000723659,241.1421405480316,22.84054564308165,9.884601842436073,-15.31796635044158,15.700591236087174,-34.24034935314656,-3.248217058136598,-10.612654674236111,-12.485265884947953,0.5690814759767219,1.6596576417361597,0.9343635464456185,1.8451403959591017,1.6715444585833321,1.4496050541322676,0.35864731731935334,1.5800047124505041,4.789343917435118,2.3862594569744893,6.097254959077688,-24.826423433766657,-229.99920563506416,1.431391885412097
2018-12-31,PU+,0.25915453442,0.5461731884057971,0.25568434360869563,0.4328289855072464,36.852578447044536,244.11708266654082,14.645703921768408,-18.55961389174331,24.157194450656373,-8.069828362669568,13.59834345625736,2.4357098681172857,1.2261402762301044,-44.439022950791276,0.4555185558049564,0.7833640376498497,0.881422978310008,1.3317740192857013,1.4672886807432226,1.2083196856554599,0.24367964705490708,1.3903520399246245,1.7206565111052303,2.2549994729411837,3.5560236513897605,-25.809343045260704,-230.91278230747156,1.2759355153102994
2019-01-31,PU+,0.27939049081285716,0.38515,0.22508427402380954,0.418752380952381,40.490277248524336,260.2744372788243,33.16373718050233,7.518587016814869,-34.930325153268114,-12.746876759609178,-3.306292836945645,9.413628974053974,6.408864513555447,81.73099805827235,0.4022440270307591,-0.002313850583328498,0.7609045122470413,0.8979827545534685,1.170971209782634,0.866849925905413,0.626185285208383,1.3085372626381244,0.5295221576387705,1.9808778589968272,2.2229131556898984,-26.92167860369672,-231.88123304554102,1.8704616746001754
2019-02-28,PU+,0.29467116483666667,0.42025208333333336,0.296619081625,0.59679375,38.07967545185634,258.31243897812584,17.536075700654006,5.324962720546918,8.72218608441093,27.597387888136936,35.42918073350628,-6.138119026494758,-0.7566746293857045,-63.71967977519133,0.3979863921350966,-0.5474932474890135,0.6317375472768434,0.7840578919171048,0.7881163273372269,0.4630644108263885,1.3361036775296402,1.3021848811367032,0.11023122833629578,1.7215425188750095,1.958609095749278,-27.94755213779732,-232.67170109943228,3.8041922318050414
2019-03-31,PU+,0.2196803105468657,0.5454398009950249,0.19981049309701493,0.5010378109452736,34.83288586020271,260.97441062419085,23.765572788953733,-29.36866834843086,26.073771389425847,-39.5079379337415,-17.489000712888075,-8.911875055329366,1.0252502891465503,30.397778435517942,0.31004769357308,-0.8254802930677474,0.4172958932051069,0.7356222351103653,0.3329972555150743,0.023771411575911987,2.2100448227249667,1.176851253378198,-0.030142104892396493,1.3585182349610374,1.8550467230980592,-28.751658523542833,-233.2365805794729,9.11612499344629
2019-04-30,PU+,0.22829825177245905,0.5338617486338798,0.22675382051639345,0.49732021857923503,35.991374801651716,255.22612125308746,18.752471265266735,3.84795402660347,-2.145553578630378,12.649555503968235,-0.7447447586819119,3.2717384371448723,-2.2272456690619196,-23.691246743702205,0.11647452303305741,-0.9992470373110891,0.03625909993215041,0.4005820730515382,-0.14845690943821852,-0.4044723596664534,3.3915075952726603,0.9368899970742858,-0.10001012169068402,0.8775911452502101,1.2609599680329393,-29.284764841021804,-233.59330795562647,29.71071024975237
2019-05-31,PU+,0.23463777204121214,0.27405454545454544,0.2614911763181818,0.47745757575757575,39.8772201127254,254.324303100964,33.37455980923418,2.7390033484999474,-66.68097501729807,14.253560248839877,-4.075881220620623,10.252591545616294,-0.35396657547969057,57.64683828513243,-0.10589930258884542,-1.2407648657158423,-0.3741354876918787,-0.14077738369525458,-0.4507587701107147,-0.6917707033703417,4.89517430445504,0.7128763334497358,-0.17900370416848632,0.5285503722394114,0.6369493397675176,-29.509657471113513,-233.75994807072829,133.64329920692447
2019-06-30,PU+,0.22178692882740744,0.533962962962963,0.24585002294444444,0.5077888888888888,37.40065457810765,256.6159223002605,25.002170513247954,-5.632578847079546,66.69993212295165,-6.167885318163978,6.159047875800092,-6.411703000750679,0.8970264824470269,-28.883128576757088,-0.28625683315245204,-1.5590846628415305,-0.6153615113308328,-0.5874646217443316,-0.3753694811159855,-0.6910780113680584,6.410091291811617,0.5644308026566606,-0.25783816205430676,0.38111214932379267,0.32400116389958455,-29.459766607768604,-233.75960112751298,607.9491793101179
2019-07-31,PU+,0.27982790837454546,0.2520469696969697,0.27029171322727275,0.5199242424242425,40.085041392342674,260.0326607515263,22.351738604075674,23.245766033747838,-75.07110209777905,9.478010794075011,2.3617325165608225,6.9315025752877055,1.3226740091628375,-11.20585337038047,-0.3324156020374241,-1.7010492056165734,-0.6016775325883418,-0.8366655324113178,0.15901771234163625,-0.33831217266056435,7.5902855587067934,0.5305503066966739,-0.28567471467660743,0.38855842496768545,0.20141911753794772,-28.97444328134232,-233.54766410063763,1978.8785190619737
2019-08-31,PU+,0.2277237361559551,0.3495632958801498,0.2583062670505618,0.5664029962546817,43.811537056495204,276.89583229395726,37.48938933653721,-20.60415905233184,32.70691915387022,-4.535583263700903,8.562271904688096,8.889395370557555,6.283413735845608,51.71538339868663,-0.2045215762383673,-1.6273377245139402,-0.4584046083045017,-0.958480223874131,1.0016419495493203,0.29661196564513587,8.283848901815526,0.6283982673718312,-0.2717147790748989,0.4729582605150191,0.15174190652031994,-27.424053216727003,-232.9153436050292,3959.4044511524403
2019-09-30,PU+,0.28079075855218394,0.3095873563218391,0.22346476887931035,0.45215977011494257,37.26609685281621,263.0019722242313,47.986165551701966,20.947654972521086,-12.144434724058875,-14.489219451017526,-22.527024128244697,-16.18132040531039,-5.147984765867274,24.68548097798228,0.10126326729945806,-1.3422413905592891,-0.2917419029146403,-1.0443551617917874,1.6874495090791444,0.8702249845347204,8.4939359888036,0.9199290376485537,-0.20690723925274807,0.5876279661307292,0.12018534350270171,-24.741126012364656,-231.87318885124586,4885.055808154794
2019-10-31,PU+,0.27869449051740264,0.493504329004329,0.2599675083831169,0.5336580086580087,44.4276163211773,274.0874373826713,52.40591922450733,-0.7493594684534429,46.629132875241055,15.13028874706483,16.571960948978983,17.577728353764897,4.128563891605598,8.810679555467518,0.42540476309632774,-0.91990891145138,-0.20829404169783095,-1.1876758310020674,1.8263230707182734,0.9335918474249668,8.539555885977204,1.3435707778134813,-0.0696113234077716,0.6526349155843542,0.07319581466612007,-23.935794806049582,-231.71700766642175,5113.073069879526
2019-11-30,PU+,0.2926950883664286,0.49160238095238096,0.2981524297857143,0.5502904761904762,45.22814546033039,275.4505008145445,45.18280453725318,4.901524733461135,-0.3861409928430219,13.704820962796202,3.0691076768054404,1.7858314925655867,0.4960772068532754,-14.83029633826284,0.7359580139695695,-0.31747077058038997,-0.1994040399536491,-1.2451262849972815,1.7416717791698417,0.829639222444458,8.412347604077492,1.900841981790876,0.2598212924621948,0.6598854958180587,0.0561712144765662,-24.439925904291602,-231.9681452716461,4502.317774128421
2019-12-31,PU+,0.25073776763428574,0.6272755952380953,0.25353418276785716,0.4980136904761905,38.419296993196916,255.91652920081793,23.623333211994343,-15.472377058260989,24.37157689433526,-16.21062078707155,-9.98187097757581,-16.315972099007247,-7.355660858383348,-64.84816648467154,0.9774452356158041,0.38277046848745166,-0.2096524452635346,-1.146141225290245,1.5449585869474447,0.7091068333261926,7.79265977416714,2.4710189829138276,0.9981747532078702,0.6515326838268267,0.08612762642197985,-25.459024505230538,-232.2284614067097,2422.752995859374
2020-01-31,PU+,0.2423646137159184,0.30804897959183675,0.18794645693537415,0.2557904761904762,38.00274865275375,247.44979878003238,71.9175642853133,-3.3964382020131128,-71.11271949159148,-29.934153847593425,-66.62689105792326,-1.0901369156660523,-3.36436052785358,111.3285603571565,1.0113987027186357,1.030946629676785,-0.3017352107495662,-1.0919087361074755,1.2399601631039021,0.5575491223592998,6.826030964984903,2.562805092658276,2.335551995502671,0.5802005260825721,0.103842023886767,-26.69132618646708,-232.51424971332597,921.5259754929307
2020-02-29,PU+,0.20588044945211012,0.2238217125382263,0.18891598985779817,0.36732599388379206,32.96038515149842,253.33362172246788,70.45086983389729,-16.31476026582359,-31.940898621031465,0.5145299403710313,36.189106350888984,-14.235209968301444,2.349955476646526,-2.060493749466867,0.8283098548464266,1.4695342032639744,-0.48720650451745584,-1.1052900165989676,0.906190049929242,0.4148423210038631,5.726901495387994,2.1028070834815527,3.8790430866092898,0.45500682232729983,0.0993815061827043,-27.67192659649673,-232.7465048081543,307.0165010182875
2020-03-31,PU+,0.2658016260967956,0.2984412523020258,0.23251540769889503,0.4920537753222836,47.02334838199634,293.2956500309917,67.21357558232027,25.54546061458619,28.772329498562698,20.765407437015337,29.233828946260882,35.53378620490192,14.647386175848506,-4.704034037419789,0.6004571156551389,1.71192567690573,-0.6047565338074038,-0.9682464400877347,0.6394079538821309,0.32903761437146456,4.459190866782053,1.6363130208988648,5.071452062305573,0.3868740599870467,0.14801503276486466,-28.25144358558408,-232.87100665854456,86.41755748368519
2020-04-30,PU+,0.28412331445896105,0.4456556277056277,0.26721182512987013,0.4781047619047619,54.49016337161583,279.5895310267623,84.81208660382477,6.665808575645217,40.097341482634896,13.90852039044567,-2.875813431248045,14.737594434127532,-4.785857776928342,23.256281862645302,0.4093129677555137,1.884852716316211,-0.5921532955170186,-0.5965254306864832,0.4828170568001849,0.30181601814793546,3.1562982628527583,1.3191440193255102,6.117217784237127,0.39380160497496564,0.3189885034709895,-28.526168599025425,-232.90832438033266,23.48350507171524
2020-05-31,PU+,0.2673685862265327,0.4465757118927973,0.24382291588693467,0.4108926298157454,55.452306896704485,283.1295565105355,124.80690860237499,-6.078017058024246,0.20624348696959885,-9.159948916467247,-15.149793660006006,1.7503119332756099,1.2582022764259213,38.632974844718646,0.330274976632982,2.113351260813175,-0.46469276402620013,-0.06308900230003965,0.45332492600921337,0.3278237734557449,2.0556736220184817,1.2047117758681956,7.807762995327909,0.46899478703947284,0.7071265759458019,-28.573266607025154,-232.8726924251144,7.812098502160638
2020-06-30,PU+,0.300886784644138,0.44526839080459774,0.2427611752413793,0.4099385057471264,40.480830035701416,262.18928575081395,55.70335882462743,11.810588406129204,-0.29317276878708187,-0.4364065122513162,-0.23247765758426137,-31.469478651421294,-7.683788213637252,-80.67273646209033,0.36516606004326213,2.2642692540706926,-0.2683697928415916,0.5323302148434734,0.552154147729146,0.41776416066481065,1.3249776069940538,1.254114350910592,9.155922600180707,0.6052916424738133,1.4711624686709286,-28.4098112677957,-232.74207428781466,3.7621011093041457
2020-07-31,PU+,0.24733250176137933,0.4653383908045977,0.20788856747931034,0.39410643678160917,40.84161470888306,271.31499475172086,86.78135202840271,-19.60004709007289,4.4087637323600015,-15.507593924918353,-3.9386145535371,0.8873000347293115,3.421378053334248,44.33513130296906,0.3245885029742901,2.4053420915014607,-0.023779782956322812,1.036425498639377,0.6866287049492638,0.5034495095247274,0.8464097786482387,1.1968223497291852,10.614054100678233,0.8171673946851887,2.5873886939720805,-28.15979654592846,-232.60621841233436,2.331262062474128
2020-08-31,PU+,0.29373855005592237,0.5050210355987055,0.2441555916262136,0.4591362459546926,41.233645505034104,264.4727937104083,58.772749405279676,17.195649382279445,8.183521997232859,16.080348979450303,15.272598122855802,0.9553031608609732,-2.5542101450168118,-38.97134582106875,0.2498510846010092,2.484716817133942,0.23380076348423587,1.3884153154742653,0.714430112688242,0.5156494896835631,0.11290944597044082,1.097195330846937,11.529555557689571,1.104059419660624,3.7767594873429537,-28.1037799349679,-232.58591091739675,1.1195305503558048
2020-09-30,PU+,0.30168081301375005,0.41768645833333334,0.268287294625,0.5471572916666667,44.71256185166794,273.2199049768578,37.838322359090064,2.667946173490512,-18.986903168052134,9.425270853713494,17.538931624769496,8.099992634415038,3.253859697938804,-44.03558939104258,0.15759503426445198,2.3968474047439647,0.480872710012732,1.5915342987453056,0.6605432755906789,0.4732082434163065,-0.7488400687556452,0.9840531196292343,10.520312821777038,1.4581520486036021,4.679545185664974,-28.2109582476297,-232.65550117611534,0.47291478335777026
2020-10-31,PU+,0.2543065483029787,0.46742836879432625,0.2179713090602837,0.3816063829787234,41.55797084224329,263.69243162831646,63.0804259661729,-17.082912549737973,11.251506378055,-20.769495689152073,-36.034664808990875,-7.316514764209617,-3.549359141104258,51.10881067832237,-0.003586101804440103,1.9811617209058612,0.49942413284180087,1.467567235617063,0.43288311387093104,0.3797991930705071,-1.3767519639729564,0.8097814316592349,6.782995253715666,1.4884387660917726,4.106934003086573,-28.60510598576704,-232.7986458011769,0.25239701774557044
2020-11-30,PU+,0.30796697924903227,0.562965376344086,0.2458651918032258,0.5029804301075269,50.31903431250761,290.92475409728945,72.26897332157502,19.145214459255097,18.597201258908516,12.041994061260617,27.616159667831695,19.1294081018661,9.828126449104985,13.598438417958636,-0.24340687316310236,1.1595753398623823,0.1851539797923477,0.9777407764144005,0.05013688609774809,0.2504568320411255,-1.561261649318629,0.5973135907276299,2.720412259535055,1.0440703922180075,2.426710100907485,-29.09538698243337,-232.97602464856757,0.2098711203423947
2020-12-31,PU+,0.2596440108575,0.700846875,0.2407172207916667,0.5740291666666666,42.69420508004455,285.86312332402014,32.78228642308863,-17.068106318556783,21.907129747991057,-2.1160498068536473,13.21289450407566,-16.432022266644616,-1.7551550266380962,-79.05065776094268,-0.494461737679488,0.19017248896989325,-0.2398012674113718,0.3809793560632903,-0.3397854261501765,0.11467937860292056,-1.4723068376469217,0.42326021574760253,0.7412915311981287,0.627450871692492,1.2319840548753722,-29.43487892660939,-233.13912298461275,0.22939569572558483
2021-01-31,PU+,0.24797372775000004,0.5059396666666667,0.21099782141,0.46442133333333335,38.91735232063838,267.8814782688646,43.840622605094026,-4.5988699748783946,-32.587199888607444,-13.177507850494205,-21.18880218578348,-9.262297237051445,-6.496846905691152,29.067252286240162,-0.6413537729194195,-0.5786347553113689,-0.5434128223264229,-0.09335014061658282,-0.6229380942051345,-0.008988583292117219,-1.4168658985517784,0.3399401838855043,0.09249662020274235,0.4214294925083981,0.6791411769577248,-29.610435767294437,-233.26958508995688,0.24247276151768632
2021-02-28,PU+,0.2568524091171831,0.4875920187793427,0.25776151202112674,0.5632093896713615,40.77064733925758,266.3149266231455,49.94774152806411,3.5178832279130408,-3.6938397245593606,20.018697706353727,19.28592905276391,4.652216829509481,-0.5865094268941314,13.041644512153036,-0.6176942865146356,-0.9978290878323124,-0.600626301424769,-0.4036550195751285,-0.7111930339961406,-0.10772434374921712,-1.3887722431013851,0.3525473254594128,-0.09948772403040895,0.38913468869857903,0.43614115182144486,-29.655743994090876,-233.3627617160177,0.24938129635849376
2021-03-31,PU+,0.2874597527693976,0.49851847389558235,0.23100698077108434,0.5758381526104418,56.282799767990035,332.95553579782717,86.30144802026993,11.258122373001555,2.216161858720807,-10.9586855561781,2.2175159454315416,32.24265835919375,22.332941177517874,54.6869087443544,-0.47871563669462497,-1.1737503537647733,-0.5104976660285296,-0.6088901648488665,-0.6312873755875787,-0.16610048643503203,-1.080835404972964,0.4329397561562913,-0.15896153127455448,0.44086347341288756,0.31222090039078076,-29.614895396580597,-233.41367566140343,0.33931194432313494
2021-04-30,PU+,0.2131862770214493,0.4022717391304348,0.22062437973913043,0.42461884057971017,46.94632069481045,278.9048046119662,81.05945376657151,-29.891653654159967,-21.45128194415721,-4.598631355053151,-30.46347153379778,-18.13841420044502,-17.71384334413507,-6.2663494316059705,-0.3079334413578776,-1.3101105263780262,-0.39210028392541985,-0.766697717816342,-0.5168700861471145,-0.1989955814712213,-0.6715973753047876,0.5483253456826033,-0.19837643086751983,0.5163030215972749,0.23281126215985942,-29.55041773187862,-233.44108326866714,0.5108918396334826
2021-05-31,PU+,0.2646303984838298,0.4355900709219858,0.2536101825744681,0.40746631205673756,42.75248501600293,258.15800360311556,50.12213697797536,21.616780622374886,7.957376853063192,13.933675756162325,-4.123366135873708,-9.357751340309832,-7.729870695388091,-48.07201161973809,-0.16717893875635198,-1.4730090633181396,-0.2788959903024768,-0.9907617743511055,-0.49473472284537645,-0.2692034096585999,-0.4913864003869123,0.659409318057568,-0.23893200194081898,0.5972852612938178,0.1395604078816589,-29.537069359074774,-233.49664894587607,0.6117776372089357
2021-06-30,PU+,0.2848796622739823,0.41913657817109146,0.24929150205752212,0.43934129793510324,46.35266014584035,278.09717718366926,66.61666875505102,7.373272371341412,-3.850476774218544,-1.7175471130101774,7.531829560144485,8.085136021708724,7.43987962868824,28.44920614894181,-0.042430832833742,-1.5964870318223654,-0.24539973956607533,-1.306858593324384,-0.6274327463784584,-0.4000104527697953,-0.5794388438613919,0.7718178680461849,-0.26555964537206944,0.623058389295907,0.03893567032386164,-29.612841137216765,-233.5903237438417,0.5602126451422261
2021-07-31,PU+,0.23796727694564107,0.4228173076923077,0.21669565866666668,0.42021538461538466,41.76424075385239,287.36969469664643,105.66659245354941,-17.993368107251996,0.8743360013369,-14.012902823373304,-4.450915472287624,-10.423819390219942,3.2798910833209876,46.13339550380847,0.12603919875545946,-1.7563386570008637,-0.3934086401455734,-1.6747460252753803,-0.9300736732321218,-0.5567126636154089,-0.8438124056150506,0.9476877426838092,-0.2954907330093406,0.5154196265932117,-0.04437757626657712,-29.752277349661906,-233.68754687323207,0.4300678011569591
2021-08-31,PU+,0.2525625369031933,0.34232549019607844,0.2020732393067227,0.45701736694677875,38.98635212705332,276.0396667198253,58.01526960998328,5.952571656020559,-21.117817886518168,-6.98636719870396,8.395399190113743,-6.882884961326491,-4.022494626745851,-59.95825378417605,0.21053372024076908,-1.930681305063421,-0.7451830542050843,-2.0845126599218484,-1.329189452293397,-0.7076916958099899,-1.0006466886359033,1.0476977857302971,-0.3231173247060675,0.3153140722834237,-0.10736561856200695,-29.882110273417123,-233.76785641057643,0.3676416146256049
2021-09-30,PU+,0.25656400737555557,0.3908466666666667,0.2285992808888889,0.42855,39.969882847793734,259.1372237278308,35.35413148813734,1.571928595193415,13.25533160306522,12.334040312421994,-6.43139748989784,2.4914602291253662,-6.318683265304529,-49.52909857410447,0.15499120352810147,-1.9832993873662832,-1.2198140570363414,-2.50361339940585,-1.7465160865666547,-0.8445947056491175,-0.9967693401900499,0.9810088009598584,-0.330552222570964,0.1359517345002897,-0.1499444053617907,-29.972421580401083,-233.8309052925464,0.3690698563748396
2021-10-31,PU+,0.2669422380715152,0.5052166666666666,0.20604751716666667,0.34414242424242425,36.36258931179083,249.5222697277565,37.578979884085285,3.9654123279552125,25.66720539580512,-10.386379758995853,-21.935182169522836,-9.458576174622136,-3.780957410249787,6.102958914176399,0.06404689786664226,-1.7561058380334114,-1.5699590807877428,-2.680709886247783,-2.040022292072044,-0.9379821716454572,-1.1125078478580812,0.8795035084730561,-0.29545052609647826,0.048720362076172335,-0.1632188339475754,-30.016776180755816,-233.86921993215066,0.32873351282248575
2021-11-30,PU+,0.30394895651340664,0.537419413919414,0.2508591852802198,0.4821728937728938,42.18396880797185,269.2699618212346,43.820179340520575,12.982748291723581,6.179144100270422,19.67849588363384,33.7247154856833,14.849978283065091,7.6166283265950305,15.364957838703921,-0.015634813673076307,-1.2717896179142663,-1.6643166485933787,-2.5893083824164607,-2.1340037535275744,-0.9766490540834073,-1.2951740390962914,0.7978478866066382,-0.18783717674341616,0.029986652367397143,-0.1566613901226774,-30.028439543225694,-233.88406592765782,0.2738501995425499
2021-12-31,PU+,0.2683028724623729,0.45021073446327686,0.24626507444915255,0.4955087570621469,45.58441704052407,281.41620001412855,59.958286660775855,-12.474331756955298,-17.70630492157829,-1.8483272668505246,2.728227629031757,7.752566374939093,4.412026046962636,31.35546713000116,-0.08318403101674846,-0.7782920209490337,-1.5185895338837085,-2.3124688608472166,-1.974141172061125,-0.9365557409430847,-1.1621476088370548,0.7335429007267373,-0.008977038487190947,0.05968725681462911,-0.13271684172785186,-30.0079214575336,-233.86866120473863,0.3128136576071976
2022-01-31,PU+,0.2746818818282569,0.33885015290519876,0.25729747945412845,0.46174525993883797,45.89322978911817,268.1812411577605,52.645060980955876,2.349717117996063,-28.415778912451096,4.382442888766917,-7.057167319768473,0.6751680490330301,-4.817168745177087,-13.007667247175824,-0.15852599614169094,-0.43269342228802443,-1.1606832617541067,-1.8761845786571092,-1.5611565362606052,-0.805801594260343,-0.728752408976116,0.6667618894550138,0.18059268981214543,0.1539387274230869,-0.07855991995567979,-29.936908811360066,-233.81390709616875,0.4825105906182456
2022-02-28,PU+,0.22721634803250002,0.31025916666666664,0.2309421417875,0.37019083333333336,36.427852090747315,248.0568507866292,35.027056947835376,-18.971099608610224,-8.815001311622968,-10.806571240645889,-22.099471515653992,-23.09839576600357,-7.800506798100411,-40.745160716259655,-0.2574661433781903,-0.46653401126125366,-0.7125871707737995,-1.6516263883133215,-1.198555306981237,-0.7162741153306676,-0.8084229330281142,0.5863689083830993,0.15900561088105686,0.3310405404426966,-0.03999551857783265,-29.845172333501367,-233.7720675616845,0.445560190689488
2022-03-31,PU+,0.262001216876044,0.42834358974358977,0.23389452473076924,0.38444761904761904,39.22560465674668,259.093060416293,46.62234362929707,14.244650968856146,32.25176835879625,1.2703054029069691,3.7788909877182495,7.399606420660014,4.352934685393812,28.595908475452546,-0.3180795419967561,-0.5076174268102794,-0.3929368708486001,-1.7304006196926474,-1.102335917161624,-0.7606666837268776,-1.5043796849723126,0.5409060268176443,0.13376134256976774,0.5157380294232597,-0.05451993276445691,-29.814707561185784,-233.79328203789134,0.22215505721965217
2022-04-30,PU+,0.32703683069519385,0.3062356589147287,0.1099014382751938,0.25372248062015507,22.861071278417175,239.1275018496099,47.41576730981963,22.172364833476497,-33.55707205722728,-75.52863162756586,-41.55664746029931,-53.98941937446643,-8.01904135673272,1.687491381170816,-0.36783987552698916,-0.5417657847202243,-0.12655760720808173,-1.915560808024588,-1.113107363286351,-0.8596095245514354,-2.417678222123234,0.5055891265410729,0.11355348571630536,0.7217900555230264,-0.08447410806365521,-29.81826550198271,-233.837309434227,0.08912831356193661
2022-05-31,PU+,0.2710833786806838,0.41170940170940173,0.17642302656837608,0.2922559829059829,34.720952074851084,242.44688750543216,99.15530438414736,-18.764635268283534,29.596283209757917,47.33007227051384,14.138899830261236,41.790779108529634,1.3785775569211842,73.77325350597324,-0.41504678071937184,-0.5790273215047227,0.11958378103898402,-2.139744346728831,-1.1602242971155143,-0.9781031963149337,-3.4019573340191105,0.4736705013141661,0.09227656594621975,0.9676943301604901,-0.11404840762086145,-29.83338611833565,-233.88461311729984,0.03330801121112341
2022-06-30,PU+,0.21807005321464287,0.40822559523809526,0.17017679686607143,0.23869226190476192,30.92781369697667,232.71959184361356,67.55703223860645,-21.76100877771603,-0.8497813726406224,-3.6046792946298125,-20.24549568592161,-11.568741224466994,-4.0948405459241,-38.37151889279964,-0.46660897734814966,-0.6201526704711681,0.3718686275000788,-2.3784088637090477,-1.2097377073950528,-1.104216704467015,-4.413895045092867,0.44048637373854926,0.06969564896621677,1.2911090870294342,-0.13903537802237448,-29.848526488427567,-233.92916636333226,0.012107925448001907
2022-07-31,PU+,0.21978891561291342,0.4094839895013124,0.20688440098818897,0.39351837270341206,37.82187158460876,258.71467222552826,68.56424837091065,0.7851255085185354,0.30778537517929955,19.53223097328398,49.995264208612724,20.123164996061536,10.589154246281993,1.4799074920254933,-0.5192154389298553,-0.6652474419383562,0.6416167742536417,-2.6210554920409805,-1.2507747989931182,-1.2335522785678303,-5.4540664399579235,0.40834827974981536,0.045979623943970316,1.740216207261107,-0.1590072728089327,-29.86051909385096,-233.96938066819925,0.004278869499291657
2022-08-31,PU+,0.2832693631497297,0.5454126126126126,0.28912302210810814,0.4848671171171171,42.837620264395696,253.90691460732705,42.90780263537284,25.373064693084192,28.664479072786893,33.46920916284725,20.87471108248127,12.452914600994987,-1.8758080871265532,-46.871754909816346,-0.5664735344953006,-0.7173138618626295,0.9316566058471341,-2.864385049734301,-1.2811638859272094,-1.3640563714813847,-6.5223050487256,0.3808843762938776,0.019894830705916744,2.3793780065435195,-0.17471514963298085,-29.869088108059344,-234.00501500900012,0.001470276135247218
2022-09-30,PU+,0.2527730167962887,0.2921470790378007,0.20098563757216495,0.31970756013745705,37.54399914246722,253.59091173809136,52.52793844402831,-11.390633898674839,-62.428522478846446,-36.361882892931035,-41.646816468574166,-13.190313900139456,-0.124533699917921,20.22914998805482,-0.6068000855249921,-0.7802543747923932,1.2360582523945587,-3.1152233395755182,-1.3068658544687333,-1.4961578163031288,-7.613748033176459,0.35845344124276424,-0.00987724746572588,3.2826857855042357,-0.187364736556063,-29.876134954759536,-234.03664766692387,0.0004936182893030874
2022-10-31,PU+,0.2299591612210753,0.4273193548387097,0.2295819102311828,0.46550860215053763,39.92202968490221,263.75223425805035,45.10838044156413,-9.459018597021224,38.02742665003292,13.302642250854193,37.57238725391759,6.141473830956098,3.9287770948963923,-15.227714053902952,-0.6402857528021588,-0.8605526848928605,1.5459506208587268,-3.3822314579591652,-1.3370457299142793,-1.632085916640452,-8.734218536749198,0.34050288136121354,-0.04523839502128141,4.533096896020285,-0.19776176935758102,-29.884181617868244,-234.06511547589167,0.000160981913669091
2022-11-30,PU+,0.2592513228185508,0.5722478260869566,0.23027852554347827,0.4377347826086957,42.46987470791141,267.0053898484607,45.4021461133055,11.989621632977478,29.204052264690333,0.302968375165234,-6.15173681070963,6.186670022830285,1.225868901988904,0.6491326798417285,-0.6656305399423132,-0.9547697871923128,1.8586602580044582,-3.6701092620278954,-1.3791181409654492,-1.7757850433587583,-9.909203525709506,0.3273104709972484,-0.08326592323155102,6.255803050444698,-0.2062596468453564,-29.895001485325505,-234.09128633335774,4.971501659599986e-05
2022-12-31,PU+,0.24495709029534424,0.46118358974358975,0.249916695640505,0.37783487179487185,37.30993589534734,243.74813420159853,28.810109044921465,-5.671489602499436,-21.577595382543684,8.183808799360165,-14.715595474687241,-12.953532512041093,-9.113338960373975,-45.48330410911918,-0.681451900225016,-1.0590788649457994,2.1706107496755607,-3.991659836052654,-1.440941579365599,-1.9324697794433958,-11.159214051863403,0.31924307983996625,-0.1213915767177337,8.604301460196176,-0.2132643002361962,-29.910097215669985,-234.11584662644205,1.4243440801298932e-05
